{"type":"FeatureCollection", "features": [
{"type":"Feature","geometry":{"type":"Polygon","coordinates":[[[7.4011,5.0819],[7.4017,5.1048],[7.385,5.1334],[7.3653,5.1341],[7.347,5.1255],[7.3312,5.1135],[7.3345,5.1049],[7.3425,5.1003],[7.3616,5.1151],[7.3766,5.119],[7.3848,5.1107],[7.3875,5.0827],[7.4011,5.0819]]]},"properties":{"lga_pcode":"NG001001","lga_name":"Aba North","state_pcode":"NG001","state_name":"Abia"}},
{"type":"Feature","geometry":{"type":"Polygon","coordinates":[[[7.3345,5.1049],[7.3191,5.1014],[7.3074,5.0784],[7.3164,5.0666],[7.3318,5.0666],[7.3345,5.0524],[7.3495,5.0522],[7.3753,5.0573],[7.3875,5.0827],[7.3848,5.1107],[7.3766,5.119],[7.3616,5.1151],[7.3425,5.1003],[7.3345,5.1049]]]},"properties":{"lga_pcode":"NG001002","lga_name":"Aba South","state_pcode":"NG001","state_name":"Abia"}},
{"type":"Feature","geometry":{"type":"Polygon","coordinates":[[[13.8348,13.4234],[13.8167,13.4541],[13.7852,13.4951],[13.7759,13.5142],[13.7157,13.5963],[13.7063,13.6117],[13.6729,13.6539],[13.6469,13.6959],[13.6316,13.7117],[13.6105,13.7084],[13.5998,13.7109],[13.5569,13.7115],[13.485,13.709],[13.4497,13.7109],[13.4214,13.709],[13.3621,13.7115],[13.3545,13.7141],[13.3394,13.7077],[13.3337,13.6926],[13.3148,13.6907],[13.3091,13.6768],[13.2977,13.6731],[13.2977,13.6579],[13.2744,13.6485],[13.2744,13.6384],[13.2612,13.622],[13.2492,13.6138],[13.2631,13.598],[13.2637,13.5904],[13.2542,13.5797],[13.2378,13.5854],[13.2322,13.5753],[13.2416,13.5703],[13.2366,13.557],[13.2139,13.5501],[13.2101,13.5299],[13.1937,13.511],[13.1855,13.5312],[13.1641,13.5261],[13.1577,13.5129],[13.1432,13.5198],[13.1458,13.5387],[13.125,13.5394],[13.1268,13.5192],[13.1054,13.535],[13.0915,13.5141],[13.0713,13.5236],[13.0682,13.5299],[13.0813,13.5458],[13.064,13.5474],[13.0563,13.5389],[13.0475,13.5408],[13.0461,13.5246],[13.0279,13.5315],[13.0095,13.5119],[12.9861,13.5095],[12.9707,13.515],[12.9608,13.4982],[12.9534,13.5089],[12.9369,13.499],[12.9248,13.4833],[12.9072,13.4814],[12.8937,13.4853],[12.8918,13.4932],[12.8777,13.4968],[12.8728,13.4902],[12.8794,13.4773],[12.8753,13.4699],[12.8621,13.4663],[12.8566,13.4479],[12.8414,13.4435],[12.826,13.425],[12.8326,13.4149],[12.8197,13.4006],[12.8162,13.391],[12.8268,13.3829],[12.8439,13.361],[12.8631,13.3519],[12.8965,13.3232],[12.9195,13.3177],[12.9552,13.2955],[13.0001,13.2469],[13.0351,13.2054],[13.0521,13.18],[13.0865,13.1472],[13.097,13.135],[13.1154,13.103],[13.1201,13.0818],[13.1652,13.0747],[13.1802,13.078],[13.2,13.0773],[13.2195,13.0827],[13.2354,13.0919],[13.2688,13.1182],[13.2898,13.1417],[13.304,13.1561],[13.3156,13.1741],[13.3228,13.2143],[13.3353,13.2418],[13.3554,13.2727],[13.378,13.3003],[13.386,13.3049],[13.4149,13.3119],[13.4566,13.306],[13.4877,13.3123],[13.5071,13.3114],[13.5228,13.3171],[13.5913,13.3477],[13.6094,13.3463],[13.644,13.3589],[13.7004,13.3836],[13.7652,13.4088],[13.8046,13.419],[13.8348,13.4234]]]},"properties":{"lga_pcode":"NG008001","lga_name":"Abadam","state_pcode":"NG008","state_name":"Borno"}},
{"type":"Feature","geometry":{"type":"Polygon","coordinates":[[[7.0459,9.2305],[7.0095,9.227],[6.9534,9.226],[6.8003,9.2251],[6.7955,9.1124],[6.7823,8.798],[6.7808,8.7944],[6.7787,8.7404],[6.7796,8.5931],[6.7787,8.4538],[6.8276,8.4535],[6.9461,8.4589],[6.9842,8.4594],[6.9914,8.4598],[6.9914,8.4751],[6.9983,8.4921],[6.9904,8.5105],[6.977,8.52],[6.9655,8.5273],[6.9347,8.5374],[6.9158,8.5458],[6.8871,8.5736],[6.8677,8.5821],[6.8562,8.5765],[6.8327,8.5824],[6.8349,8.6],[6.8133,8.6106],[6.8165,8.6213],[6.8042,8.6352],[6.8149,8.6389],[6.7999,8.6731],[6.8229,8.6848],[6.8116,8.6918],[6.7988,8.7056],[6.81,8.7153],[6.8165,8.7334],[6.8026,8.7409],[6.8036,8.7553],[6.8143,8.7537],[6.8143,8.7681],[6.801,8.7692],[6.7972,8.7841],[6.8154,8.7926],[6.8234,8.8188],[6.8514,8.8353],[6.8605,8.8476],[6.8722,8.8449],[6.8722,8.8722],[6.8802,8.8882],[6.8862,8.9177],[6.8984,8.9298],[6.8973,8.9442],[6.9021,8.9549],[6.8968,8.973],[6.8877,8.9896],[6.8818,8.9917],[6.8738,9.0264],[6.8664,9.0414],[6.8738,9.051],[6.8744,9.067],[6.8888,9.0979],[6.8861,9.1198],[6.8808,9.1326],[6.8776,9.1716],[6.8898,9.1897],[6.8888,9.1983],[6.8978,9.2047],[6.9064,9.1967],[6.9373,9.1988],[6.9496,9.2052],[6.9582,9.2031],[6.9717,9.2234],[6.9785,9.2205],[7.0084,9.2189],[7.0265,9.2222],[7.0459,9.2305]]]},"properties":{"lga_pcode":"NG015001","lga_name":"Abaji","state_pcode":"NG015","state_name":"Federal Capital Territory"}},
{"type":"Feature","geometry":{"type":"Polygon","coordinates":[[[7.8112,5.0945],[7.8038,5.0982],[7.801,5.1124],[7.7871,5.1201],[7.7552,5.0718],[7.7259,5.076],[7.7128,5.0664],[7.7129,5.0458],[7.6984,5.0561],[7.6803,5.0487],[7.681,5.0419],[7.6843,5.0188],[7.702,5.0022],[7.729,4.9949],[7.7533,5.0055],[7.7626,5.0056],[7.7706,4.993],[7.7839,4.9742],[7.789,4.9568],[7.7875,4.9394],[7.7814,4.9197],[7.7841,4.9039],[7.7943,4.8881],[7.8056,4.9032],[7.816,4.9581],[7.8283,4.9841],[7.8327,5.0073],[7.8197,5.0412],[7.8102,5.0746],[7.817,5.0833],[7.8112,5.0945]]]},"properties":{"lga_pcode":"NG003001","lga_name":"Abak","state_pcode":"NG003","state_name":"Akwa Ibom"}},
{"type":"Feature","geometry":{"type":"Polygon","coordinates":[[[8.4109,6.2821],[8.3936,6.2852],[8.3765,6.2955],[8.3187,6.3188],[8.2949,6.3184],[8.2767,6.3009],[8.263,6.3212],[8.2373,6.3179],[8.2155,6.3106],[8.1947,6.3189],[8.1788,6.3209],[8.1438,6.3391],[8.1243,6.3372],[8.1181,6.3252],[8.1083,6.324],[8.0889,6.3294],[8.0824,6.3369],[8.071,6.3342],[8.0696,6.3087],[8.0729,6.2794],[8.0702,6.2461],[8.0552,6.2322],[8.0485,6.2151],[8.0665,6.2076],[8.0808,6.2009],[8.1188,6.1907],[8.122,6.1842],[8.1357,6.1792],[8.1519,6.1848],[8.1673,6.178],[8.1851,6.1857],[8.1966,6.1972],[8.2052,6.2163],[8.2294,6.2267],[8.2587,6.2267],[8.267,6.2152],[8.2773,6.21],[8.2954,6.2239],[8.3192,6.226],[8.3331,6.2185],[8.328,6.2054],[8.3303,6.1899],[8.3409,6.1834],[8.3474,6.19],[8.368,6.1984],[8.3838,6.2135],[8.3933,6.2325],[8.4053,6.2371],[8.4173,6.2596],[8.4091,6.2635],[8.4109,6.2821]]]},"properties":{"lga_pcode":"NG011001","lga_name":"Abakaliki","state_pcode":"NG011","state_name":"Ebonyi"}},
{"type":"Feature","geometry":{"type":"Polygon","coordinates":[[[3.1439,7.3909],[3.1404,7.3956],[3.1153,7.4081],[3.0985,7.4294],[3.0902,7.4007],[3.0786,7.392],[3.0591,7.3892],[3.0164,7.3928],[3.0136,7.3879],[3.005,7.3687],[3.0054,7.3586],[3.0145,7.3237],[3.0429,7.3149],[3.061,7.3129],[3.0648,7.2959],[3.0595,7.2573],[3.0611,7.2412],[3.0889,7.2004],[3.0902,7.1806],[3.1015,7.1391],[3.121,7.1235],[3.1259,7.1144],[3.1206,7.0862],[3.1228,7.0709],[3.1484,7.0778],[3.1628,7.0721],[3.1842,7.0557],[3.2089,7.0567],[3.2217,7.0645],[3.2374,7.0659],[3.2714,7.075],[3.282,7.0866],[3.3016,7.1176],[3.308,7.1267],[3.3328,7.1424],[3.3343,7.1547],[3.3427,7.1659],[3.3464,7.1826],[3.3529,7.1907],[3.3403,7.2151],[3.3175,7.2314],[3.2917,7.2391],[3.2376,7.2635],[3.221,7.284],[3.2091,7.2872],[3.192,7.3272],[3.1657,7.3413],[3.1558,7.3527],[3.1421,7.3801],[3.1439,7.3909]]]},"properties":{"lga_pcode":"NG028001","lga_name":"Abeokuta North","state_pcode":"NG028","state_name":"Ogun"}},
{"type":"Feature","geometry":{"type":"Polygon","coordinates":[[[3.3016,7.1176],[3.3129,7.113],[3.3188,7.1204],[3.3331,7.1149],[3.3475,7.1165],[3.3954,7.1334],[3.3993,7.153],[3.3977,7.1696],[3.3838,7.1958],[3.3698,7.1998],[3.3529,7.1907],[3.3464,7.1826],[3.3427,7.1659],[3.3343,7.1547],[3.3328,7.1424],[3.308,7.1267],[3.3016,7.1176]]]},"properties":{"lga_pcode":"NG028002","lga_name":"Abeokuta South","state_pcode":"NG028","state_name":"Ogun"}},
{"type":"Feature","geometry":{"type":"Polygon","coordinates":[[[8.1533,5.9673],[8.1138,5.9381],[8.1044,5.9612],[8.0907,5.9615],[8.0741,5.9476],[8.0575,5.95],[8.0511,5.9567],[8.0594,5.9714],[8.0554,5.9979],[8.0318,6.0005],[7.9862,5.9817],[7.9792,5.9703],[7.9893,5.9427],[7.9824,5.9358],[7.9857,5.922],[8.0005,5.9127],[8.005,5.9001],[7.9941,5.8973],[7.9862,5.8847],[7.9677,5.8708],[7.9642,5.8538],[7.9576,5.843],[7.9385,5.8344],[7.9336,5.8199],[7.9424,5.8051],[7.9701,5.7683],[7.9839,5.7707],[7.9963,5.7893],[8.0056,5.7931],[8.014,5.8064],[8.022,5.8099],[8.038,5.8065],[8.0496,5.7997],[8.0683,5.8262],[8.0776,5.8491],[8.0756,5.887],[8.0871,5.9053],[8.1018,5.921],[8.1037,5.9293],[8.1342,5.9387],[8.1501,5.9404],[8.1616,5.946],[8.1533,5.9673]]]},"properties":{"lga_pcode":"NG009001","lga_name":"Abi","state_pcode":"NG009","state_name":"Cross River"}},
{"type":"Feature","geometry":{"type":"Polygon","coordinates":[[[7.3219,5.4049],[7.3042,5.4108],[7.2926,5.4212],[7.272,5.4218],[7.2678,5.4297],[7.2733,5.4496],[7.2674,5.4713],[7.273,5.4731],[7.2777,5.4927],[7.2762,5.5062],[7.3065,5.5065],[7.3107,5.5195],[7.279,5.5085],[7.2729,5.5141],[7.2501,5.5174],[7.2254,5.5068],[7.2161,5.5109],[7.1933,5.5057],[7.1769,5.4989],[7.1584,5.485],[7.1748,5.4595],[7.1851,5.4495],[7.211,5.4536],[7.2284,5.4429],[7.2198,5.4053],[7.2211,5.3896],[7.2395,5.3751],[7.2521,5.3512],[7.2768,5.3263],[7.2916,5.3196],[7.2943,5.3322],[7.3035,5.3482],[7.3119,5.3614],[7.3225,5.3866],[7.3219,5.4049]]]},"properties":{"lga_pcode":"NG017001","lga_name":"Aboh-Mbaise","state_pcode":"NG017","state_name":"Imo"}},
{"type":"Feature","geometry":{"type":"Polygon","coordinates":[[[6.6692,4.9052],[6.6498,4.9143],[6.622,4.9439],[6.6066,4.9715],[6.5965,4.9809],[6.5827,4.9815],[6.5707,4.9746],[6.5608,4.9504],[6.5496,4.9412],[6.5478,4.9327],[6.5654,4.9266],[6.573,4.9063],[6.5614,4.9045],[6.5566,4.8955],[6.5432,4.8923],[6.5308,4.8994],[6.5226,4.9097],[6.4802,4.9492],[6.455,4.9597],[6.4404,4.9548],[6.4406,4.9432],[6.4256,4.9207],[6.4207,4.9068],[6.4066,4.8871],[6.3984,4.8645],[6.3993,4.8384],[6.4023,4.8272],[6.4229,4.7772],[6.4414,4.7453],[6.4459,4.73],[6.4594,4.724],[6.4611,4.7133],[6.4785,4.7139],[6.499,4.7326],[6.5273,4.753],[6.5526,4.7586],[6.5601,4.7566],[6.5611,4.7444],[6.5685,4.737],[6.598,4.7299],[6.6072,4.7464],[6.6299,4.7588],[6.6386,4.7508],[6.6492,4.7535],[6.6924,4.7457],[6.7151,4.7572],[6.7404,4.757],[6.7625,4.7605],[6.764,4.7745],[6.7572,4.7839],[6.7421,4.7931],[6.7378,4.8208],[6.7204,4.8322],[6.7201,4.855],[6.7109,4.856],[6.7022,4.8682],[6.6829,4.8709],[6.6771,4.8843],[6.6939,4.8924],[6.69,4.9029],[6.6774,4.8974],[6.6692,4.9052]]]},"properties":{"lga_pcode":"NG033001","lga_name":"Abua/Odual","state_pcode":"NG033","state_name":"Rivers"}},
{"type":"Feature","geometry":{"type":"Polygon","coordinates":[[[7.5891,9.1076],[7.5602,9.107],[7.5096,9.1247],[7.4964,9.1368],[7.3969,9.1257],[7.372,9.1374],[7.3551,9.137],[7.3478,9.1419],[7.3175,9.1396],[7.2464,9.151],[7.234,9.1335],[7.2224,9.1129],[7.243,9.1042],[7.2123,9.0298],[7.189,9.0201],[7.1677,9.0073],[7.1405,8.9627],[7.1329,8.9587],[7.1136,8.9576],[7.1009,8.9454],[7.1009,8.9383],[7.1329,8.9255],[7.1618,8.9111],[7.2165,8.8966],[7.2684,8.8678],[7.3043,8.8504],[7.35,8.8313],[7.3981,8.8182],[7.4196,8.8162],[7.4085,8.8014],[7.3999,8.7745],[7.3972,8.737],[7.4127,8.714],[7.436,8.7007],[7.437,8.6872],[7.3995,8.6486],[7.3947,8.6361],[7.4044,8.6294],[7.4569,8.6341],[7.4776,8.6313],[7.4932,8.6507],[7.5185,8.6987],[7.5414,8.7404],[7.5917,8.8349],[7.5947,8.8564],[7.5923,8.9246],[7.5891,9.1076]]]},"properties":{"lga_pcode":"NG015002","lga_name":"Abuja Municipal","state_pcode":"NG015","state_name":"Federal Capital Territory"}},
{"type":"Feature","geometry":{"type":"Polygon","coordinates":[[[6.6923,7.7815],[6.6699,7.7994],[6.662,7.8199],[6.6526,7.8334],[6.6191,7.8473],[6.5844,7.8692],[6.5706,7.8697],[6.5614,7.8398],[6.5515,7.8313],[6.5032,7.8054],[6.4834,7.7868],[6.4679,7.7675],[6.4081,7.7529],[6.4011,7.7443],[6.4013,7.7095],[6.3914,7.6826],[6.3598,7.6436],[6.3437,7.6356],[6.3121,7.6306],[6.2839,7.6181],[6.2759,7.6078],[6.2719,7.5895],[6.2624,7.5804],[6.25,7.5794],[6.2321,7.6015],[6.2171,7.602],[6.1982,7.5934],[6.1941,7.5766],[6.1734,7.5671],[6.1544,7.5763],[6.1266,7.573],[6.1336,7.5521],[6.1642,7.5502],[6.1647,7.5383],[6.1883,7.5478],[6.1928,7.5547],[6.2075,7.5599],[6.2306,7.5601],[6.2373,7.5547],[6.2525,7.553],[6.2737,7.541],[6.2774,7.5337],[6.2902,7.53],[6.2994,7.5144],[6.3206,7.5024],[6.3665,7.4969],[6.3858,7.4996],[6.4045,7.5215],[6.4088,7.5272],[6.4134,7.5686],[6.4309,7.5934],[6.4346,7.61],[6.4539,7.6265],[6.5063,7.6624],[6.5375,7.6807],[6.5596,7.6991],[6.5706,7.7019],[6.5927,7.7258],[6.6074,7.7276],[6.6313,7.746],[6.6923,7.7815]]]},"properties":{"lga_pcode":"NG023001","lga_name":"Adavi","state_pcode":"NG023","state_name":"Kogi"}},
{"type":"Feature","geometry":{"type":"Polygon","coordinates":[[[8.1022,6.9889],[8.0875,6.9926],[8.0719,7.0036],[8.0695,7.0159],[8.0495,7.0293],[8.0347,7.0265],[8.0019,7.0289],[7.9969,7.0093],[7.9992,6.9757],[8.0068,6.9627],[7.9949,6.9605],[7.9829,6.9681],[7.9449,6.9604],[7.9222,6.9516],[7.9081,6.9375],[7.9081,6.9203],[7.9273,6.8902],[7.9273,6.8726],[7.8967,6.8639],[7.8881,6.8535],[7.8904,6.8437],[7.8865,6.7941],[7.89,6.7854],[7.9034,6.7815],[7.8884,6.7665],[7.8553,6.7429],[7.8301,6.6893],[7.8049,6.6405],[7.8083,6.6342],[7.8318,6.6385],[7.8336,6.6194],[7.8468,6.6044],[7.8558,6.5808],[7.8719,6.5667],[7.8872,6.5526],[7.9109,6.5508],[7.9324,6.5318],[7.9494,6.5322],[7.9625,6.544],[7.9716,6.5706],[7.9654,6.5914],[7.9711,6.6021],[7.9875,6.6132],[7.9875,6.6478],[7.9822,6.6638],[7.9948,6.7039],[8.0062,6.7164],[8.0218,6.7235],[8.0382,6.7119],[8.0509,6.7093],[8.0796,6.7132],[8.0985,6.707],[8.1276,6.7116],[8.1444,6.7252],[8.1526,6.7547],[8.1639,6.765],[8.181,6.7635],[8.1937,6.7783],[8.213,6.7761],[8.2202,6.7788],[8.2293,6.8001],[8.2413,6.7912],[8.2438,6.8081],[8.2187,6.8084],[8.1868,6.8191],[8.1622,6.8242],[8.1329,6.8586],[8.1231,6.8819],[8.1192,6.9121],[8.1263,6.924],[8.1556,6.9284],[8.1686,6.9338],[8.1805,6.949],[8.1919,6.9694],[8.1235,6.988],[8.1022,6.9889]]]},"properties":{"lga_pcode":"NG007001","lga_name":"Ado","state_pcode":"NG007","state_name":"Benue"}},
{"type":"Feature","geometry":{"type":"Polygon","coordinates":[[[3.2879,6.687],[3.2852,6.7059],[3.2673,6.7439],[3.2541,6.7561],[3.2407,6.761],[3.2253,6.7536],[3.2016,6.7475],[3.163,6.7451],[3.0911,6.7432],[3.0517,6.747],[3.046,6.7455],[3.0122,6.6819],[3.0039,6.6712],[2.9662,6.6838],[2.9415,6.6735],[2.9163,6.651],[2.9171,6.6328],[2.9331,6.6141],[2.93,6.5958],[2.9242,6.5867],[2.8958,6.5622],[2.8811,6.5437],[2.8787,6.5327],[2.8869,6.511],[2.9121,6.5142],[2.9345,6.5121],[2.9855,6.5107],[3.0301,6.5032],[3.082,6.5036],[3.1039,6.4995],[3.1302,6.5007],[3.1795,6.5098],[3.1866,6.5191],[3.204,6.5295],[3.2052,6.5396],[3.1962,6.5733],[3.1994,6.5803],[3.2161,6.595],[3.2297,6.601],[3.24,6.616],[3.2389,6.64],[3.2418,6.6599],[3.2594,6.6902],[3.2646,6.6982],[3.2879,6.687]]]},"properties":{"lga_pcode":"NG028003","lga_name":"Ado-Odo/Ota","state_pcode":"NG028","state_name":"Ogun"}},
{"type":"Feature","geometry":{"type":"Polygon","coordinates":[[[5.3783,7.666],[5.3659,7.6716],[5.3143,7.6727],[5.309,7.675],[5.2555,7.7146],[5.2414,7.7092],[5.2227,7.6788],[5.196,7.6554],[5.1811,7.6362],[5.1454,7.6298],[5.1341,7.6234],[5.1064,7.6225],[5.1139,7.6084],[5.1216,7.6043],[5.1508,7.607],[5.1613,7.5996],[5.1541,7.5835],[5.1572,7.5523],[5.1672,7.5507],[5.207,7.5516],[5.2279,7.5461],[5.2639,7.5423],[5.2922,7.5444],[5.313,7.543],[5.3467,7.5406],[5.3618,7.5373],[5.3638,7.5503],[5.3975,7.59],[5.3934,7.6081],[5.3648,7.6192],[5.361,7.6248],[5.3666,7.6453],[5.3783,7.666]]]},"properties":{"lga_pcode":"NG013001","lga_name":"Ado Ekiti","state_pcode":"NG013","state_name":"Ekiti"}},
{"type":"Feature","geometry":{"type":"Polygon","coordinates":[[[4.0208,7.6784],[4.0138,7.6926],[3.9725,7.7002],[3.9327,7.7221],[3.9162,7.7279],[3.9078,7.7371],[3.9082,7.7459],[3.9337,7.7686],[3.9621,7.78],[3.9859,7.8066],[3.9896,7.8154],[3.9848,7.8356],[3.9581,7.8303],[3.9446,7.8164],[3.938,7.7983],[3.9173,7.7957],[3.9148,7.8094],[3.9002,7.8195],[3.883,7.824],[3.8222,7.8132],[3.7669,7.814],[3.7554,7.8074],[3.7563,7.758],[3.7826,7.753],[3.7998,7.7532],[3.8078,7.7441],[3.8053,7.7362],[3.7805,7.7174],[3.7611,7.7189],[3.7573,7.7088],[3.7797,7.6894],[3.8178,7.6676],[3.8608,7.669],[3.9096,7.6772],[3.9399,7.664],[3.9556,7.6619],[3.9916,7.6756],[4.0208,7.6784]]]},"properties":{"lga_pcode":"NG031001","lga_name":"Afijio","state_pcode":"NG031","state_name":"Oyo"}},
{"type":"Feature","geometry":{"type":"Polygon","coordinates":[[[7.9792,5.9703],[7.9662,5.9775],[7.9263,5.9738],[7.9201,5.9623],[7.8792,5.9605],[7.868,5.9518],[7.8624,5.9269],[7.8633,5.8919],[7.8688,5.8801],[7.8685,5.8663],[7.8799,5.8595],[7.8731,5.8444],[7.8833,5.8084],[7.8838,5.7884],[7.8924,5.7671],[7.9131,5.7411],[7.9209,5.7601],[7.9514,5.7751],[7.9701,5.7683],[7.9424,5.8051],[7.9336,5.8199],[7.9385,5.8344],[7.9576,5.843],[7.9642,5.8538],[7.9677,5.8708],[7.9862,5.8847],[7.9941,5.8973],[8.005,5.9001],[8.0005,5.9127],[7.9857,5.922],[7.9824,5.9358],[7.9893,5.9427],[7.9792,5.9703]]]},"properties":{"lga_pcode":"NG011002","lga_name":"Afikpo North","state_pcode":"NG011","state_name":"Ebonyi"}},
{"type":"Feature","geometry":{"type":"Polygon","coordinates":[[[7.868,5.9518],[7.8556,5.9532],[7.8265,5.9673],[7.8197,5.9582],[7.802,5.9492],[7.7957,5.9555],[7.783,5.9528],[7.7725,5.941],[7.7381,5.9196],[7.7422,5.8979],[7.7239,5.8957],[7.7103,5.8756],[7.6989,5.8393],[7.684,5.8223],[7.7131,5.818],[7.7566,5.813],[7.7642,5.814],[7.7863,5.8049],[7.793,5.7916],[7.7968,5.7616],[7.8039,5.745],[7.8206,5.7278],[7.8306,5.7231],[7.8406,5.7107],[7.862,5.6974],[7.8901,5.6848],[7.8866,5.7001],[7.9048,5.7151],[7.9116,5.7255],[7.9131,5.7411],[7.8924,5.7671],[7.8838,5.7884],[7.8833,5.8084],[7.8731,5.8444],[7.8799,5.8595],[7.8685,5.8663],[7.8688,5.8801],[7.8633,5.8919],[7.8624,5.9269],[7.868,5.9518]]]},"properties":{"lga_pcode":"NG011003","lga_name":"Afikpo South","state_pcode":"NG011","state_name":"Ebonyi"}},
{"type":"Feature","geometry":{"type":"Polygon","coordinates":[[[6.5268,9.23],[6.5065,9.23],[6.4972,9.2417],[6.4846,9.2443],[6.4854,9.2602],[6.472,9.272],[6.4678,9.283],[6.4552,9.288],[6.4417,9.288],[6.403,9.2804],[6.3996,9.2628],[6.3904,9.251],[6.3702,9.2342],[6.3416,9.2258],[6.3324,9.2173],[6.3189,9.1946],[6.308,9.1913],[6.2962,9.1702],[6.2987,9.1467],[6.3223,9.1055],[6.3172,9.0903],[6.2958,9.0778],[6.2688,9.051],[6.2719,9.0257],[6.2655,9.0104],[6.2822,8.9691],[6.2815,8.9345],[6.2863,8.9144],[6.2824,8.8987],[6.2746,8.887],[6.2762,8.8593],[6.2792,8.8545],[6.3041,8.86],[6.3204,8.8578],[6.3273,8.8428],[6.333,8.7914],[6.3466,8.7746],[6.3352,8.7507],[6.3201,8.7365],[6.3382,8.7314],[6.3618,8.7135],[6.3719,8.7017],[6.387,8.6916],[6.3946,8.674],[6.3921,8.6571],[6.3841,8.6443],[6.3983,8.6294],[6.4101,8.5954],[6.4251,8.5873],[6.4667,8.5798],[6.4864,8.5791],[6.501,8.5878],[6.5357,8.6279],[6.546,8.6658],[6.5465,8.6907],[6.533,8.7356],[6.5346,8.7486],[6.5443,8.766],[6.5758,8.7865],[6.5915,8.8353],[6.599,8.8429],[6.5985,8.8537],[6.5871,8.8792],[6.579,8.9328],[6.585,8.9685],[6.6016,8.9884],[6.5659,9.0377],[6.5667,9.0644],[6.5642,9.0813],[6.5557,9.0901],[6.53,9.1265],[6.5285,9.1396],[6.5385,9.1916],[6.5334,9.2237],[6.5268,9.23]]]},"properties":{"lga_pcode":"NG027001","lga_name":"Agaie","state_pcode":"NG027","state_name":"Niger"}},
{"type":"Feature","geometry":{"type":"Polygon","coordinates":[[[8.0629,7.927],[7.918,7.9757],[7.8799,7.9854],[7.8384,7.9853],[7.7607,8.0034],[7.6975,8.0137],[7.6768,8.0145],[7.665,7.9402],[7.6928,7.9414],[7.695,7.9316],[7.6638,7.9143],[7.6698,7.8848],[7.6929,7.8386],[7.7282,7.7924],[7.7447,7.7687],[7.7821,7.7885],[7.8692,7.7991],[7.8766,7.7988],[7.9291,7.7741],[7.9875,7.7633],[8.0096,7.7517],[8.0547,7.7343],[8.0654,7.7326],[8.0775,7.7657],[8.1057,7.807],[8.1307,7.8266],[8.1636,7.836],[8.1804,7.8526],[8.1599,7.8597],[8.1138,7.8639],[8.102,7.8671],[8.1393,7.8906],[8.1392,7.9047],[8.0924,7.9046],[8.0804,7.9187],[8.0629,7.927]]]},"properties":{"lga_pcode":"NG007002","lga_name":"Agatu","state_pcode":"NG007","state_name":"Benue"}},
{"type":"Feature","geometry":{"type":"Polygon","coordinates":[[[3.3353,6.6242],[3.3225,6.6297],[3.3163,6.6457],[3.3072,6.6474],[3.2988,6.623],[3.3155,6.6047],[3.3369,6.6133],[3.3353,6.6242]]]},"properties":{"lga_pcode":"NG025001","lga_name":"Agege","state_pcode":"NG025","state_name":"Lagos"}},
{"type":"Feature","geometry":{"type":"Polygon","coordinates":[[[7.1465,5.9888],[7.1341,6.0001],[7.1313,6.0297],[7.1235,6.0364],[7.0984,6.0376],[7.0857,6.0325],[7.0535,6.0373],[7.0416,6.0563],[7.0256,6.0415],[7.0139,6.0442],[7.0041,6.031],[6.9927,6.024],[6.9927,6.0151],[6.9837,6.0081],[6.9881,5.9997],[7.0362,5.9836],[7.0522,5.9605],[7.0461,5.938],[7.0564,5.9306],[7.0955,5.9274],[7.1012,5.9325],[7.1121,5.9247],[7.1492,5.9167],[7.1734,5.9069],[7.2028,5.921],[7.1907,5.9239],[7.1703,5.9343],[7.1554,5.9465],[7.1491,5.9566],[7.1326,5.9592],[7.1346,5.9716],[7.1528,5.9731],[7.1465,5.9888]]]},"properties":{"lga_pcode":"NG004001","lga_name":"Aguata","state_pcode":"NG004","state_name":"Anambra"}},
{"type":"Feature","geometry":{"type":"Polygon","coordinates":[[[4.7246,10.9064],[4.7076,10.9183],[4.697,10.9308],[4.6744,10.9384],[4.6449,10.9401],[4.6266,10.9154],[4.6017,10.9117],[4.5874,10.9064],[4.5685,10.9087],[4.5398,10.92],[4.4923,10.9109],[4.4677,10.9018],[4.4509,10.8883],[4.4291,10.8839],[4.4123,10.8889],[4.4014,10.8962],[4.3708,10.9004],[4.3558,10.9102],[4.3437,10.9115],[4.3479,10.9051],[4.3479,10.861],[4.3523,10.7961],[4.3566,10.7718],[4.3739,10.7407],[4.3687,10.7017],[4.3531,10.6706],[4.3445,10.6325],[4.3367,10.6204],[4.3246,10.5823],[4.3098,10.5546],[4.3124,10.5477],[4.3358,10.5555],[4.3601,10.5546],[4.3848,10.5478],[4.3987,10.5468],[4.4234,10.5706],[4.4575,10.5908],[4.4819,10.5924],[4.4946,10.5777],[4.5109,10.5355],[4.5255,10.542],[4.5851,10.5639],[4.607,10.576],[4.6613,10.6212],[4.6892,10.6424],[4.6975,10.6673],[4.7005,10.7065],[4.7065,10.7412],[4.7148,10.7706],[4.7201,10.8159],[4.7375,10.8506],[4.742,10.8732],[4.7322,10.8973],[4.7246,10.9064]]]},"properties":{"lga_pcode":"NG027002","lga_name":"Agwara","state_pcode":"NG027","state_name":"Niger"}},
{"type":"Feature","geometry":{"type":"Polygon","coordinates":[[[7.3107,5.5195],[7.3245,5.5416],[7.3151,5.5453],[7.3063,5.5566],[7.3053,5.575],[7.3099,5.5856],[7.3089,5.611],[7.3089,5.6179],[7.2856,5.6187],[7.2537,5.6086],[7.2231,5.6125],[7.2091,5.6074],[7.2282,5.5907],[7.2289,5.5758],[7.207,5.5432],[7.2161,5.5109],[7.2254,5.5068],[7.2501,5.5174],[7.2729,5.5141],[7.279,5.5085],[7.3107,5.5195]]]},"properties":{"lga_pcode":"NG017002","lga_name":"Ahiazu-Mbaise","state_pcode":"NG017","state_name":"Imo"}},
{"type":"Feature","geometry":{"type":"Polygon","coordinates":[[[6.6692,4.9052],[6.6852,4.9173],[6.6679,4.9324],[6.6763,4.9416],[6.6811,4.9635],[6.6793,4.9756],[6.6689,4.9911],[6.6782,5.0031],[6.689,5.0287],[6.6907,5.0557],[6.6983,5.0897],[6.6963,5.1191],[6.7175,5.1822],[6.6794,5.1804],[6.6703,5.1723],[6.6578,5.1757],[6.6395,5.2044],[6.6298,5.191],[6.6191,5.1731],[6.602,5.1627],[6.6015,5.123],[6.5926,5.1166],[6.5916,5.0971],[6.5941,5.0796],[6.5867,5.0651],[6.5953,5.0484],[6.5872,5.0197],[6.5741,4.9998],[6.5639,4.9896],[6.5403,4.9767],[6.5259,4.9582],[6.5267,4.9465],[6.5496,4.9412],[6.5608,4.9504],[6.5707,4.9746],[6.5827,4.9815],[6.5965,4.9809],[6.6066,4.9715],[6.622,4.9439],[6.6498,4.9143],[6.6692,4.9052]]]},"properties":{"lga_pcode":"NG033002","lga_name":"Ahoada East","state_pcode":"NG033","state_name":"Rivers"}},
{"type":"Feature","geometry":{"type":"Polygon","coordinates":[[[6.5496,4.9412],[6.5267,4.9465],[6.5259,4.9582],[6.5403,4.9767],[6.5639,4.9896],[6.5741,4.9998],[6.5872,5.0197],[6.5953,5.0484],[6.5867,5.0651],[6.5941,5.0796],[6.5916,5.0971],[6.5926,5.1166],[6.6015,5.123],[6.602,5.1627],[6.6191,5.1731],[6.6298,5.191],[6.6226,5.1986],[6.6052,5.2019],[6.5782,5.2006],[6.5558,5.2029],[6.5534,5.1898],[6.5445,5.1863],[6.4948,5.1868],[6.4767,5.1727],[6.4779,5.1374],[6.4605,5.098],[6.4439,5.0681],[6.439,5.0529],[6.4116,5.0046],[6.4104,4.9911],[6.4217,4.9816],[6.4374,4.9665],[6.4404,4.9548],[6.455,4.9597],[6.4802,4.9492],[6.5226,4.9097],[6.5308,4.8994],[6.5432,4.8923],[6.5566,4.8955],[6.5614,4.9045],[6.573,4.9063],[6.5654,4.9266],[6.5478,4.9327],[6.5496,4.9412]]]},"properties":{"lga_pcode":"NG033003","lga_name":"Ahoada West","state_pcode":"NG033","state_name":"Rivers"}},
{"type":"Feature","geometry":{"type":"Polygon","coordinates":[[[4.3651,7.0597],[4.3545,7.0822],[4.3686,7.1127],[4.3747,7.1154],[4.3922,7.1528],[4.3964,7.1699],[4.3911,7.2092],[4.3848,7.2282],[4.3878,7.2542],[4.4054,7.2656],[4.3985,7.3026],[4.3989,7.3277],[4.3959,7.3373],[4.4061,7.346],[4.4111,7.3624],[4.4014,7.38],[4.3816,7.3853],[4.377,7.3967],[4.3755,7.4192],[4.3823,7.4383],[4.3911,7.4494],[4.3918,7.4638],[4.3823,7.476],[4.3964,7.5214],[4.4214,7.5465],[4.435,7.5998],[4.4436,7.6149],[4.3907,7.6049],[4.3678,7.6104],[4.3342,7.5867],[4.3186,7.5719],[4.2965,7.5571],[4.2839,7.5423],[4.2904,7.5298],[4.2874,7.518],[4.2687,7.502],[4.2634,7.4837],[4.2522,7.4724],[4.2828,7.4638],[4.2954,7.4547],[4.295,7.4372],[4.3011,7.4067],[4.3126,7.391],[4.3316,7.3556],[4.3324,7.3506],[4.3137,7.343],[4.2847,7.3388],[4.279,7.3349],[4.2894,7.2908],[4.2915,7.2614],[4.2901,7.238],[4.3112,7.2123],[4.3151,7.1821],[4.312,7.1518],[4.2969,7.1481],[4.2716,7.1634],[4.2459,7.1721],[4.1957,7.1788],[4.169,7.174],[4.1712,7.1707],[4.183,7.1113],[4.186,7.0854],[4.1979,7.0492],[4.2036,7.046],[4.2188,7.0471],[4.2685,7.0884],[4.2975,7.0906],[4.3344,7.0708],[4.3651,7.0597]]]},"properties":{"lga_pcode":"NG030001","lga_name":"Aiyedade","state_pcode":"NG030","state_name":"Osun"}},
{"type":"Feature","geometry":{"type":"Polygon","coordinates":[[[4.3678,7.6104],[4.3602,7.6247],[4.3507,7.6525],[4.3301,7.6666],[4.3199,7.679],[4.2519,7.6525],[4.2481,7.6476],[4.2112,7.6243],[4.1646,7.6011],[4.1505,7.5908],[4.1444,7.5814],[4.1538,7.5687],[4.153,7.5491],[4.1589,7.5299],[4.1659,7.5063],[4.1612,7.4882],[4.1682,7.4866],[4.1937,7.5038],[4.2131,7.4993],[4.2249,7.4871],[4.234,7.4657],[4.2522,7.4724],[4.2634,7.4837],[4.2687,7.502],[4.2874,7.518],[4.2904,7.5298],[4.2839,7.5423],[4.2965,7.5571],[4.3186,7.5719],[4.3342,7.5867],[4.3678,7.6104]]]},"properties":{"lga_pcode":"NG030002","lga_name":"Aiyedire","state_pcode":"NG030","state_name":"Osun"}},
{"type":"Feature","geometry":{"type":"Polygon","coordinates":[[[5.3618,7.5373],[5.3819,7.5357],[5.481,7.5464],[5.4951,7.5432],[5.5138,7.5196],[5.5274,7.5104],[5.5494,7.5112],[5.5762,7.5027],[5.5875,7.4931],[5.6099,7.485],[5.613,7.5204],[5.6048,7.5199],[5.6078,7.5568],[5.6274,7.5944],[5.6199,7.6166],[5.6244,7.6284],[5.6169,7.6352],[5.5884,7.6718],[5.5707,7.685],[5.5546,7.6919],[5.5162,7.6662],[5.4991,7.6592],[5.4786,7.6558],[5.4581,7.6571],[5.4396,7.6683],[5.4233,7.7107],[5.4169,7.7165],[5.396,7.6806],[5.3783,7.666],[5.3666,7.6453],[5.361,7.6248],[5.3648,7.6192],[5.3934,7.6081],[5.3975,7.59],[5.3638,7.5503],[5.3618,7.5373]]]},"properties":{"lga_pcode":"NG013002","lga_name":"Aiyekire (Gbonyin)","state_pcode":"NG013","state_name":"Ekiti"}},
{"type":"Feature","geometry":{"type":"Polygon","coordinates":[[[6.4045,7.5215],[6.4238,7.5085],[6.4343,7.4846],[6.4559,7.4736],[6.4716,7.4471],[6.4887,7.3907],[6.4888,7.3572],[6.4858,7.342],[6.4996,7.3272],[6.4997,7.2922],[6.5149,7.267],[6.5443,7.2749],[6.5751,7.2735],[6.6077,7.278],[6.6377,7.2948],[6.6692,7.2405],[6.6832,7.2304],[6.6902,7.2196],[6.6938,7.2432],[6.691,7.2763],[6.6929,7.2947],[6.6993,7.3204],[6.703,7.3489],[6.7085,7.3691],[6.7039,7.3958],[6.703,7.4518],[6.7085,7.4859],[6.7131,7.5125],[6.7103,7.5383],[6.6993,7.5741],[6.6993,7.5897],[6.7094,7.6173],[6.7204,7.6375],[6.7352,7.6504],[6.7443,7.6706],[6.7526,7.7074],[6.756,7.7356],[6.7342,7.7501],[6.7102,7.7748],[6.6923,7.7815],[6.6313,7.746],[6.6074,7.7276],[6.5927,7.7258],[6.5706,7.7019],[6.5596,7.6991],[6.5375,7.6807],[6.5063,7.6624],[6.4539,7.6265],[6.4346,7.61],[6.4309,7.5934],[6.4134,7.5686],[6.4088,7.5272],[6.4045,7.5215]]]},"properties":{"lga_pcode":"NG023002","lga_name":"Ajaokuta","state_pcode":"NG023","state_name":"Kogi"}},
{"type":"Feature","geometry":{"type":"Polygon","coordinates":[[[3.3388,6.4364],[3.3498,6.4354],[3.3569,6.4625],[3.3417,6.4749],[3.3165,6.459],[3.3232,6.4413],[3.3388,6.4364]]]},"properties":{"lga_pcode":"NG025002","lga_name":"Ajeromi-Ifelodun","state_pcode":"NG025","state_name":"Lagos"}},
{"type":"Feature","geometry":{"type":"Polygon","coordinates":[[[9.2512,12.0013],[9.226,12.0027],[9.2163,12.0268],[9.223,12.0626],[9.2224,12.0848],[9.213,12.1189],[9.1966,12.1198],[9.1652,12.1033],[9.148,12.0651],[9.146,12.03],[9.1357,12.0166],[9.1204,12.0153],[9.0969,12.0231],[9.0887,12.031],[9.0682,12.0814],[9.0588,12.0847],[9.0438,12.0795],[9.0178,12.0717],[9.006,12.0608],[8.9877,12.052],[8.96,12.043],[8.951,12.0357],[8.9256,12.0267],[8.9155,12.0171],[8.9079,12.0016],[8.8909,11.986],[8.8703,11.9748],[8.863,11.9604],[8.8586,11.9453],[8.8685,11.9281],[8.8718,11.9002],[8.8821,11.9052],[8.8932,11.9219],[8.9073,11.9189],[8.915,11.897],[8.9257,11.8927],[8.946,11.8933],[8.9511,11.8993],[8.9685,11.9011],[8.9792,11.8956],[8.9926,11.8785],[9.0217,11.8807],[9.0545,11.8747],[9.0863,11.8653],[9.1026,11.8658],[9.1149,11.8802],[9.1263,11.8864],[9.1473,11.8883],[9.1823,11.8871],[9.2101,11.8915],[9.2342,11.8923],[9.2388,11.9004],[9.235,11.9234],[9.2219,11.9463],[9.2194,11.96],[9.2298,11.9763],[9.2542,11.9927],[9.2512,12.0013]]]},"properties":{"lga_pcode":"NG020001","lga_name":"Ajingi","state_pcode":"NG020","state_name":"Kano"}},
{"type":"Feature","geometry":{"type":"Polygon","coordinates":[[[8.4809,5.7616],[8.4628,5.7809],[8.4387,5.8026],[8.4318,5.8037],[8.4136,5.7944],[8.3681,5.7597],[8.3382,5.7428],[8.2828,5.7007],[8.2429,5.6753],[8.229,5.6682],[8.2179,5.6722],[8.2021,5.6634],[8.1571,5.6623],[8.1563,5.653],[8.1702,5.6106],[8.1851,5.5842],[8.1944,5.552],[8.214,5.5108],[8.222,5.4981],[8.2393,5.4591],[8.2522,5.4381],[8.2268,5.4125],[8.2151,5.404],[8.2177,5.3619],[8.1954,5.3291],[8.1875,5.3083],[8.1739,5.2956],[8.1545,5.2875],[8.1397,5.2874],[8.1443,5.2748],[8.1592,5.2599],[8.1787,5.2485],[8.2073,5.2372],[8.2141,5.2314],[8.2757,5.2055],[8.2957,5.2114],[8.3073,5.1974],[8.3571,5.1677],[8.3778,5.146],[8.3881,5.1242],[8.4076,5.1128],[8.4282,5.1083],[8.4305,5.0888],[8.4374,5.0761],[8.45,5.0659],[8.466,5.0602],[8.4812,5.0394],[8.4834,5.0166],[8.4997,4.9924],[8.5102,4.9912],[8.5215,4.9797],[8.5292,4.9789],[8.5588,4.9905],[8.576,4.9848],[8.6091,4.9896],[8.625,4.9897],[8.6935,4.9953],[8.6854,4.9983],[8.6962,5.0142],[8.7073,5.0209],[8.7121,5.0314],[8.7248,5.0432],[8.72,5.0534],[8.7267,5.0743],[8.7448,5.0918],[8.7558,5.0983],[8.7911,5.1318],[8.8012,5.1537],[8.8102,5.1974],[8.8134,5.233],[8.8064,5.2767],[8.8097,5.3066],[8.8221,5.3434],[8.8356,5.3711],[8.8412,5.3918],[8.8467,5.439],[8.858,5.4712],[8.8602,5.4988],[8.8737,5.5276],[8.8862,5.5483],[8.8952,5.5783],[8.8951,5.6024],[8.8859,5.6207],[8.8721,5.6368],[8.8514,5.654],[8.843,5.6806],[8.818,5.6936],[8.8148,5.6928],[8.7496,5.7029],[8.6959,5.7141],[8.6754,5.7163],[8.613,5.7314],[8.5657,5.7388],[8.5348,5.7456],[8.5109,5.7443],[8.5006,5.7466],[8.4809,5.7616]]]},"properties":{"lga_pcode":"NG009002","lga_name":"Akamkpa","state_pcode":"NG009","state_name":"Cross River"}},
{"type":"Feature","geometry":{"type":"Polygon","coordinates":[[[3.7573,7.7088],[3.7473,7.6937],[3.746,7.6707],[3.7488,7.6581],[3.7267,7.6026],[3.7269,7.5903],[3.8071,7.5525],[3.8319,7.5242],[3.8561,7.4845],[3.8683,7.4545],[3.8854,7.4528],[3.9035,7.4557],[3.9196,7.4505],[3.9398,7.429],[3.9528,7.4441],[3.9483,7.4576],[3.9581,7.4788],[3.9704,7.4869],[3.9833,7.5103],[3.99,7.537],[4.0047,7.5667],[4.0145,7.5802],[4.0523,7.6171],[4.0802,7.6189],[4.0767,7.6193],[4.05,7.6508],[4.0342,7.6557],[4.0247,7.6649],[4.0208,7.6784],[3.9916,7.6756],[3.9556,7.6619],[3.9399,7.664],[3.9096,7.6772],[3.8608,7.669],[3.8178,7.6676],[3.7797,7.6894],[3.7573,7.7088]]]},"properties":{"lga_pcode":"NG031002","lga_name":"Akinyele","state_pcode":"NG031","state_name":"Oyo"}},
{"type":"Feature","geometry":{"type":"Polygon","coordinates":[[[10.8852,10.3986],[10.8351,10.3951],[10.8336,10.3408],[10.8261,10.2937],[10.8318,10.2821],[10.8457,10.2669],[10.8572,10.2357],[10.8512,10.2242],[10.8393,10.2152],[10.8314,10.1985],[10.8199,10.1811],[10.8172,10.1695],[10.8189,10.1441],[10.8152,10.1288],[10.8062,10.1153],[10.797,10.1104],[10.7499,10.1146],[10.7186,10.115],[10.7007,10.1123],[10.6845,10.0806],[10.6899,10.0714],[10.7277,10.0415],[10.7753,10.0125],[10.7884,10.0061],[10.8122,9.9793],[10.825,9.97],[10.8577,9.9557],[10.8752,9.9405],[10.9067,9.9205],[10.9285,9.9098],[10.9362,9.8835],[10.9456,9.8675],[10.9435,9.8373],[10.9501,9.8054],[10.9857,9.8136],[11.0043,9.8385],[11.0265,9.8485],[11.0537,9.8716],[11.0685,9.8951],[11.0736,9.933],[11.0834,9.9489],[11.1257,9.9698],[11.1594,9.9936],[11.1855,10.004],[11.2508,10.0036],[11.2745,10.002],[11.2844,10.0051],[11.3028,10.018],[11.3139,10.0302],[11.3267,10.0339],[11.3633,10.0311],[11.4104,10.0195],[11.4252,10.0017],[11.4391,9.9746],[11.4488,9.9669],[11.4616,9.9681],[11.471,9.9799],[11.4725,10.013],[11.4822,10.0478],[11.4474,10.0675],[11.405,10.0785],[11.3629,10.0682],[11.3425,10.0692],[11.32,10.0786],[11.2941,10.1003],[11.2887,10.1117],[11.2948,10.1387],[11.3047,10.1508],[11.3145,10.1541],[11.3145,10.1638],[11.2897,10.1745],[11.2792,10.1889],[11.2775,10.1995],[11.2661,10.2164],[11.2313,10.2596],[11.2141,10.3052],[11.2065,10.3192],[11.1888,10.34],[11.1804,10.3378],[11.1726,10.3363],[11.1643,10.3208],[11.1761,10.3176],[11.1962,10.2928],[11.2148,10.285],[11.1932,10.2684],[11.1627,10.2621],[11.137,10.268],[11.1228,10.2862],[11.1219,10.3073],[11.0836,10.3153],[11.056,10.3188],[11.0181,10.3295],[11.0063,10.3376],[10.9953,10.3541],[10.9837,10.3633],[10.9471,10.3635],[10.8906,10.3763],[10.8813,10.3836],[10.8852,10.3986]]]},"properties":{"lga_pcode":"NG016001","lga_name":"Akko","state_pcode":"NG016","state_name":"Gombe"}},
{"type":"Feature","geometry":{"type":"Polygon","coordinates":[[[6.1266,7.573],[6.1188,7.5914],[6.0987,7.5882],[6.0485,7.5801],[6.0359,7.5723],[6.0254,7.559],[6.0235,7.5473],[6.013,7.5334],[6.0041,7.5292],[5.9945,7.5271],[5.9756,7.5302],[5.9674,7.5157],[5.9542,7.5152],[5.9512,7.5012],[5.9533,7.4838],[5.9633,7.4604],[5.9845,7.4561],[5.9872,7.4415],[5.9756,7.4323],[5.9685,7.4149],[5.9797,7.3914],[5.975,7.3822],[5.9782,7.3681],[5.9867,7.3552],[5.9786,7.3477],[5.9577,7.3443],[5.9579,7.3313],[5.9793,7.3197],[5.9731,7.3122],[5.9451,7.3055],[5.9235,7.2956],[5.9084,7.2765],[5.937,7.254],[5.9683,7.2467],[5.9873,7.2264],[6.0055,7.2321],[6.0127,7.2285],[6.0245,7.2406],[6.0408,7.2389],[6.0662,7.2465],[6.0753,7.2411],[6.1008,7.2025],[6.1244,7.1908],[6.1489,7.1836],[6.1598,7.1724],[6.1671,7.1477],[6.1803,7.1128],[6.199,7.1185],[6.2286,7.1591],[6.243,7.187],[6.2567,7.2077],[6.2639,7.2415],[6.2652,7.2782],[6.2709,7.3187],[6.2663,7.3519],[6.2762,7.3622],[6.2952,7.3605],[6.3234,7.3367],[6.3407,7.3258],[6.3642,7.3501],[6.3768,7.3687],[6.3877,7.378],[6.413,7.3884],[6.4322,7.4023],[6.4222,7.4168],[6.3781,7.3975],[6.3574,7.4111],[6.3366,7.4341],[6.3245,7.4443],[6.2958,7.4947],[6.2766,7.4957],[6.2638,7.4801],[6.2379,7.4756],[6.2253,7.4684],[6.2187,7.4565],[6.1869,7.4387],[6.1828,7.4294],[6.1709,7.4441],[6.1428,7.4496],[6.1279,7.4462],[6.1124,7.4487],[6.1091,7.4633],[6.1083,7.4907],[6.1148,7.4988],[6.1465,7.516],[6.1583,7.5283],[6.1647,7.5383],[6.1642,7.5502],[6.1336,7.5521],[6.1266,7.573]]]},"properties":{"lga_pcode":"NG012001","lga_name":"Akoko-Edo","state_pcode":"NG012","state_name":"Edo"}},
{"type":"Feature","geometry":{"type":"Polygon","coordinates":[[[5.6099,7.485],[5.6103,7.4845],[5.6567,7.4866],[5.6864,7.4812],[5.7448,7.4834],[5.7753,7.4928],[5.8207,7.5022],[5.8272,7.4967],[5.8578,7.4997],[5.893,7.4971],[5.9512,7.5012],[5.9542,7.5152],[5.9674,7.5157],[5.9756,7.5302],[5.9945,7.5271],[6.0041,7.5292],[6.0089,7.5797],[6.004,7.5874],[5.9639,7.6157],[5.94,7.6451],[5.9173,7.6302],[5.9008,7.5969],[5.8935,7.5885],[5.8699,7.5769],[5.8433,7.5517],[5.8278,7.5457],[5.8103,7.5451],[5.7734,7.5399],[5.7679,7.5516],[5.7119,7.5506],[5.6901,7.5556],[5.6725,7.5555],[5.66,7.5423],[5.6539,7.5218],[5.6466,7.5184],[5.613,7.5204],[5.6099,7.485]]]},"properties":{"lga_pcode":"NG029001","lga_name":"Akoko North East","state_pcode":"NG029","state_name":"Ondo"}},
{"type":"Feature","geometry":{"type":"Polygon","coordinates":[[[5.613,7.5204],[5.6466,7.5184],[5.6539,7.5218],[5.66,7.5423],[5.6725,7.5555],[5.6901,7.5556],[5.7119,7.5506],[5.7679,7.5516],[5.7734,7.5399],[5.8103,7.5451],[5.8278,7.5457],[5.8433,7.5517],[5.8699,7.5769],[5.8935,7.5885],[5.9008,7.5969],[5.9173,7.6302],[5.94,7.6451],[5.929,7.6958],[5.9215,7.7161],[5.9306,7.7448],[5.9194,7.7502],[5.8898,7.7436],[5.8574,7.7305],[5.8426,7.7286],[5.8277,7.734],[5.8164,7.7278],[5.773,7.7473],[5.7676,7.7372],[5.7165,7.701],[5.6994,7.6829],[5.6949,7.6718],[5.6914,7.638],[5.6757,7.6237],[5.6494,7.6368],[5.6244,7.6284],[5.6199,7.6166],[5.6274,7.5944],[5.6078,7.5568],[5.6048,7.5199],[5.613,7.5204]]]},"properties":{"lga_pcode":"NG029002","lga_name":"Akoko North West","state_pcode":"NG029","state_name":"Ondo"}},
{"type":"Feature","geometry":{"type":"Polygon","coordinates":[[[5.9512,7.5012],[5.893,7.4971],[5.8578,7.4997],[5.8272,7.4967],[5.8363,7.4769],[5.8274,7.4579],[5.8303,7.4395],[5.8482,7.3971],[5.8469,7.3945],[5.8816,7.3844],[5.9003,7.3605],[5.9105,7.355],[5.9421,7.3459],[5.9577,7.3443],[5.9786,7.3477],[5.9867,7.3552],[5.9782,7.3681],[5.975,7.3822],[5.9797,7.3914],[5.9685,7.4149],[5.9756,7.4323],[5.9872,7.4415],[5.9845,7.4561],[5.9633,7.4604],[5.9533,7.4838],[5.9512,7.5012]]]},"properties":{"lga_pcode":"NG029003","lga_name":"Akoko South East","state_pcode":"NG029","state_name":"Ondo"}},
{"type":"Feature","geometry":{"type":"Polygon","coordinates":[[[5.6103,7.4845],[5.5994,7.4502],[5.5883,7.4317],[5.5754,7.4178],[5.5525,7.3798],[5.546,7.3742],[5.5264,7.3409],[5.5998,7.3358],[5.6227,7.331],[5.6587,7.3057],[5.6697,7.3001],[5.6966,7.303],[5.7096,7.3096],[5.7225,7.3216],[5.7475,7.3319],[5.7567,7.3412],[5.7909,7.356],[5.8155,7.3985],[5.8216,7.4008],[5.8469,7.3945],[5.8482,7.3971],[5.8303,7.4395],[5.8274,7.4579],[5.8363,7.4769],[5.8272,7.4967],[5.8207,7.5022],[5.7753,7.4928],[5.7448,7.4834],[5.6864,7.4812],[5.6567,7.4866],[5.6103,7.4845]]]},"properties":{"lga_pcode":"NG029004","lga_name":"Akoko South West","state_pcode":"NG029","state_name":"Ondo"}},
{"type":"Feature","geometry":{"type":"Polygon","coordinates":[[[8.4076,5.1128],[8.4008,5.0921],[8.4112,5.0806],[8.3953,5.0564],[8.3818,5.0219],[8.3829,5.0104],[8.3955,5.0001],[8.415,4.9967],[8.4242,4.9807],[8.4037,4.9691],[8.3981,4.9403],[8.389,4.938],[8.3638,4.9448],[8.3558,4.9399],[8.3528,4.9138],[8.347,4.8947],[8.3505,4.887],[8.3814,4.8629],[8.3957,4.8575],[8.4082,4.8393],[8.4138,4.8327],[8.4138,4.8187],[8.4087,4.797],[8.3989,4.7749],[8.4029,4.7688],[8.3854,4.7517],[8.39,4.7426],[8.4027,4.7323],[8.4258,4.7277],[8.4469,4.7364],[8.4612,4.7563],[8.474,4.7353],[8.467,4.7275],[8.4584,4.7056],[8.4617,4.6979],[8.4799,4.6894],[8.5089,4.6942],[8.508,4.7028],[8.5297,4.7079],[8.5316,4.714],[8.5217,4.7321],[8.52,4.7445],[8.5245,4.7698],[8.5385,4.8006],[8.5477,4.811],[8.5644,4.8195],[8.5786,4.8175],[8.5922,4.8073],[8.6101,4.8171],[8.6241,4.8206],[8.6322,4.8428],[8.6228,4.8574],[8.6095,4.8668],[8.6047,4.8799],[8.6189,4.9033],[8.6391,4.907],[8.6523,4.9157],[8.6485,4.9357],[8.6688,4.9522],[8.6669,4.9637],[8.679,4.9716],[8.6812,4.9802],[8.693,4.9863],[8.6935,4.9953],[8.625,4.9897],[8.6091,4.9896],[8.576,4.9848],[8.5588,4.9905],[8.5292,4.9789],[8.5215,4.9797],[8.5102,4.9912],[8.4997,4.9924],[8.4834,5.0166],[8.4812,5.0394],[8.466,5.0602],[8.45,5.0659],[8.4374,5.0761],[8.4305,5.0888],[8.4282,5.1083],[8.4076,5.1128]]]},"properties":{"lga_pcode":"NG009003","lga_name":"Akpabuyo","state_pcode":"NG009","state_name":"Cross River"}},
{"type":"Feature","geometry":{"type":"Polygon","coordinates":[[[6.598,4.7299],[6.5929,4.714],[6.5727,4.6965],[6.5631,4.6791],[6.561,4.6519],[6.5665,4.6202],[6.5817,4.5939],[6.6029,4.5616],[6.5993,4.5344],[6.5883,4.4981],[6.5787,4.4784],[6.5637,4.467],[6.5541,4.4511],[6.5475,4.4276],[6.5522,4.3937],[6.5606,4.3764],[6.5727,4.3659],[6.59,4.3577],[6.6018,4.3348],[6.616,4.3374],[6.6395,4.3171],[6.6492,4.3212],[6.6537,4.3334],[6.6618,4.3369],[6.707,4.3406],[6.7086,4.3481],[6.7231,4.3575],[6.737,4.3507],[6.76,4.3477],[6.7841,4.3482],[6.8359,4.3576],[6.8716,4.3576],[6.8723,4.3702],[6.8566,4.3832],[6.8582,4.3961],[6.8374,4.4471],[6.834,4.4686],[6.8228,4.5059],[6.8129,4.5293],[6.8067,4.5602],[6.811,4.5746],[6.8231,4.5843],[6.8361,4.6033],[6.8367,4.6182],[6.8144,4.6454],[6.8028,4.6865],[6.794,4.7309],[6.79,4.7393],[6.7765,4.7461],[6.7664,4.7382],[6.7625,4.7605],[6.7404,4.757],[6.7151,4.7572],[6.6924,4.7457],[6.6492,4.7535],[6.6386,4.7508],[6.6299,4.7588],[6.6072,4.7464],[6.598,4.7299]]]},"properties":{"lga_pcode":"NG033004","lga_name":"Akuku Toru","state_pcode":"NG033","state_name":"Rivers"}},
{"type":"Feature","geometry":{"type":"Polygon","coordinates":[[[5.3882,7.2832],[5.3582,7.2956],[5.3544,7.3104],[5.3542,7.3445],[5.3466,7.3814],[5.3288,7.4173],[5.3203,7.4413],[5.3063,7.4405],[5.2796,7.4355],[5.2684,7.4382],[5.2453,7.4335],[5.1924,7.4369],[5.1944,7.4139],[5.1817,7.4009],[5.1883,7.3586],[5.1995,7.3434],[5.2015,7.3339],[5.1914,7.3271],[5.1963,7.3123],[5.2197,7.2798],[5.2265,7.266],[5.2434,7.2071],[5.2517,7.1895],[5.2677,7.1663],[5.2721,7.1473],[5.3304,7.1241],[5.344,7.1217],[5.3652,7.0925],[5.3723,7.0926],[5.4132,7.0789],[5.4225,7.0734],[5.4497,7.0648],[5.455,7.0718],[5.4762,7.083],[5.491,7.1006],[5.4863,7.1098],[5.4575,7.1189],[5.4334,7.116],[5.4278,7.1206],[5.4277,7.1344],[5.4192,7.1676],[5.42,7.1879],[5.4245,7.2083],[5.4189,7.2267],[5.4188,7.2498],[5.3882,7.2832]]]},"properties":{"lga_pcode":"NG029005","lga_name":"Akure North","state_pcode":"NG029","state_name":"Ondo"}},
{"type":"Feature","geometry":{"type":"Polygon","coordinates":[[[5.1914,7.3271],[5.1733,7.3336],[5.1589,7.3342],[5.1356,7.3184],[5.1125,7.3063],[5.0839,7.2793],[5.0831,7.2507],[5.1214,7.2057],[5.1363,7.1937],[5.1587,7.1699],[5.207,7.1433],[5.2294,7.1195],[5.2545,7.1076],[5.2842,7.1059],[5.3185,7.1015],[5.3501,7.0934],[5.3652,7.0925],[5.344,7.1217],[5.3304,7.1241],[5.2721,7.1473],[5.2677,7.1663],[5.2517,7.1895],[5.2434,7.2071],[5.2265,7.266],[5.2197,7.2798],[5.1963,7.3123],[5.1914,7.3271]]]},"properties":{"lga_pcode":"NG029006","lga_name":"Akure South","state_pcode":"NG029","state_name":"Ondo"}},
{"type":"Feature","geometry":{"type":"Polygon","coordinates":[[[8.5043,9.0014],[8.4986,9.0113],[8.4907,9.0377],[8.4766,9.0554],[8.4739,9.073],[8.4466,9.1126],[8.4308,9.1258],[8.4182,9.1417],[8.3958,9.1622],[8.3807,9.1818],[8.3395,9.189],[8.2944,9.2046],[8.2809,9.2055],[8.2618,9.1987],[8.251,9.191],[8.2559,9.1787],[8.2515,9.1637],[8.2435,9.1558],[8.2383,9.1399],[8.2154,9.1197],[8.1654,9.0712],[8.1972,9.0258],[8.1944,9.0186],[8.1978,8.9722],[8.2023,8.9599],[8.2311,8.94],[8.2316,8.903],[8.2475,8.8783],[8.2513,8.8534],[8.2702,8.8636],[8.2762,8.8756],[8.2737,8.9074],[8.2773,8.9216],[8.2975,8.9039],[8.3117,8.8981],[8.3363,8.8957],[8.3703,8.916],[8.4053,8.8989],[8.4436,8.8981],[8.4655,8.9004],[8.4812,8.9064],[8.5243,8.9054],[8.518,8.9338],[8.5147,8.9611],[8.5043,9.0014]]]},"properties":{"lga_pcode":"NG026001","lga_name":"Akwanga","state_pcode":"NG026","state_name":"Nasarawa"}},
{"type":"Feature","geometry":{"type":"Polygon","coordinates":[[[9.3626,11.5643],[9.3546,11.5748],[9.3053,11.5823],[9.2771,11.5981],[9.2628,11.6174],[9.2673,11.6382],[9.2764,11.6591],[9.2717,11.6636],[9.2413,11.6552],[9.2319,11.6608],[9.2282,11.6804],[9.2174,11.6998],[9.2338,11.7012],[9.2492,11.7261],[9.2494,11.7314],[9.215,11.7147],[9.1844,11.714],[9.1809,11.7042],[9.1633,11.697],[9.1464,11.6955],[9.0928,11.7019],[9.0729,11.7023],[9.0465,11.6891],[9.0304,11.6864],[9.0053,11.6895],[8.9957,11.6966],[8.9888,11.7178],[8.9816,11.7291],[8.9716,11.7299],[8.9578,11.7235],[8.9408,11.7078],[8.9705,11.6774],[8.9723,11.6588],[8.9668,11.6504],[8.9483,11.6463],[8.9428,11.6345],[8.947,11.6148],[8.954,11.6057],[8.9772,11.5855],[9.001,11.57],[9.0403,11.5292],[9.0563,11.5228],[9.0713,11.5618],[9.0741,11.5805],[9.0861,11.6054],[9.0984,11.6186],[9.1065,11.6212],[9.1349,11.6431],[9.1498,11.6494],[9.165,11.6464],[9.1723,11.6385],[9.1632,11.6312],[9.166,11.6185],[9.2094,11.6106],[9.2215,11.5981],[9.2153,11.5746],[9.2277,11.5552],[9.2452,11.5546],[9.2683,11.56],[9.2878,11.5677],[9.307,11.5543],[9.3221,11.556],[9.3512,11.5546],[9.3626,11.5643]]]},"properties":{"lga_pcode":"NG020002","lga_name":"Albasu","state_pcode":"NG020","state_name":"Kano"}},
{"type":"Feature","geometry":{"type":"Polygon","coordinates":[[[4.4722,12.4149],[4.4493,12.4209],[4.4389,12.4157],[4.4086,12.4136],[4.3793,12.3958],[4.3668,12.3822],[4.3501,12.3582],[4.3475,12.3462],[4.3601,12.3309],[4.3594,12.2973],[4.3936,12.2611],[4.4084,12.2524],[4.4278,12.236],[4.4466,12.227],[4.4737,12.2225],[4.5022,12.2232],[4.5267,12.2306],[4.5413,12.2315],[4.5475,12.2537],[4.5519,12.2933],[4.567,12.3137],[4.5251,12.334],[4.5005,12.3441],[4.4857,12.3628],[4.489,12.3926],[4.4722,12.4149]]]},"properties":{"lga_pcode":"NG022001","lga_name":"Aleiro","state_pcode":"NG022","state_name":"Kebbi"}},
{"type":"Feature","geometry":{"type":"Polygon","coordinates":[[[3.204,6.5295],[3.2195,6.4919],[3.2405,6.487],[3.2505,6.4784],[3.2845,6.4866],[3.2909,6.4957],[3.2839,6.5188],[3.2885,6.5347],[3.2876,6.5562],[3.3048,6.5624],[3.3135,6.5503],[3.3174,6.5889],[3.3155,6.6047],[3.2988,6.623],[3.3072,6.6474],[3.2908,6.6624],[3.2735,6.6703],[3.2594,6.6902],[3.2418,6.6599],[3.2389,6.64],[3.24,6.616],[3.2297,6.601],[3.2161,6.595],[3.1994,6.5803],[3.1962,6.5733],[3.2052,6.5396],[3.204,6.5295]]]},"properties":{"lga_pcode":"NG025003","lga_name":"Alimosho","state_pcode":"NG025","state_name":"Lagos"}},
{"type":"Feature","geometry":{"type":"Polygon","coordinates":[[[10.8314,10.1985],[10.8017,10.2121],[10.7668,10.2232],[10.6677,10.2291],[10.63,10.2247],[10.5767,10.2159],[10.5399,10.2133],[10.4986,10.2216],[10.4794,10.2335],[10.4712,10.2472],[10.4354,10.2692],[10.4235,10.2738],[10.3537,10.2822],[10.3317,10.2814],[10.3105,10.2769],[10.2977,10.2788],[10.2735,10.2686],[10.2713,10.2489],[10.2769,10.2269],[10.2779,10.2096],[10.2727,10.1601],[10.2603,10.1015],[10.2613,10.0831],[10.2704,10.0576],[10.2609,10.0451],[10.2409,10.0373],[10.2315,10.0397],[10.1939,10.0413],[10.1693,10.0497],[10.1436,10.0558],[10.1107,10.0574],[10.0943,10.061],[10.0684,10.059],[10.0344,10.0606],[10.0179,10.0551],[10.0073,10.0471],[9.9882,10.0255],[9.9822,10.006],[9.9796,9.983],[9.9723,9.9623],[9.9551,9.8912],[9.9453,9.8555],[9.9333,9.8326],[9.9285,9.8177],[9.9307,9.8062],[9.9552,9.7874],[9.9657,9.7738],[10.0031,9.7665],[10.0088,9.7687],[10.0578,9.7598],[10.0829,9.7489],[10.1304,9.722],[10.1408,9.7051],[10.1498,9.6816],[10.1904,9.6875],[10.2302,9.6893],[10.2559,9.6883],[10.2644,9.6835],[10.2974,9.6522],[10.3132,9.6433],[10.3269,9.64],[10.353,9.6161],[10.3827,9.5981],[10.4238,9.5845],[10.4534,9.5703],[10.4654,9.5612],[10.4889,9.5526],[10.4997,9.528],[10.5163,9.5106],[10.5211,9.5177],[10.5691,9.5527],[10.5891,9.564],[10.6029,9.5629],[10.6464,9.5476],[10.6724,9.5401],[10.6843,9.5423],[10.716,9.5593],[10.7312,9.5652],[10.7704,9.605],[10.7838,9.6108],[10.8382,9.6185],[10.876,9.6167],[10.9001,9.6126],[10.9055,9.6077],[10.9456,9.5939],[10.9749,9.5929],[10.9666,9.6294],[10.9515,9.6836],[10.9501,9.6952],[10.9498,9.7362],[10.9612,9.7658],[10.9604,9.7749],[10.9513,9.7889],[10.9501,9.8054],[10.9435,9.8373],[10.9456,9.8675],[10.9362,9.8835],[10.9285,9.9098],[10.9067,9.9205],[10.8752,9.9405],[10.8577,9.9557],[10.825,9.97],[10.8122,9.9793],[10.7884,10.0061],[10.7753,10.0125],[10.7277,10.0415],[10.6899,10.0714],[10.6845,10.0806],[10.7007,10.1123],[10.7186,10.115],[10.7499,10.1146],[10.797,10.1104],[10.8062,10.1153],[10.8152,10.1288],[10.8189,10.1441],[10.8172,10.1695],[10.8199,10.1811],[10.8314,10.1985]]]},"properties":{"lga_pcode":"NG005001","lga_name":"Alkaleri","state_pcode":"NG005","state_name":"Bauchi"}},
{"type":"Feature","geometry":{"type":"Polygon","coordinates":[[[3.3165,6.459],[3.3269,6.472],[3.3285,6.4813],[3.3233,6.501],[3.3152,6.4878],[3.2912,6.4815],[3.2909,6.4957],[3.2845,6.4866],[3.2505,6.4784],[3.2388,6.472],[3.2319,6.4591],[3.2298,6.4446],[3.2207,6.4364],[3.2006,6.4317],[3.2021,6.4008],[3.313,6.4001],[3.3384,6.3983],[3.4064,6.3902],[3.4023,6.4007],[3.398,6.4067],[3.4029,6.4274],[3.3999,6.4344],[3.3881,6.4331],[3.3767,6.4256],[3.3575,6.4296],[3.3429,6.4272],[3.3388,6.4364],[3.3232,6.4413],[3.3165,6.459]]]},"properties":{"lga_pcode":"NG025004","lga_name":"Amuwo-Odofin","state_pcode":"NG025","state_name":"Lagos"}},
{"type":"Feature","geometry":{"type":"Polygon","coordinates":[[[6.9814,6.4165],[6.9715,6.4259],[6.9654,6.4398],[6.9511,6.4355],[6.9402,6.4146],[6.9227,6.4002],[6.8874,6.3932],[6.865,6.3714],[6.861,6.3615],[6.8406,6.3479],[6.8354,6.339],[6.8284,6.3104],[6.8205,6.2934],[6.8096,6.2869],[6.8022,6.276],[6.7922,6.2498],[6.7863,6.2089],[6.7812,6.1893],[6.795,6.1927],[6.816,6.1906],[6.8229,6.1945],[6.8366,6.2036],[6.8396,6.2198],[6.8598,6.2373],[6.8588,6.2555],[6.8804,6.2644],[6.8911,6.2742],[6.9304,6.293],[6.9478,6.2879],[6.9594,6.2754],[6.9731,6.3165],[6.9731,6.3364],[6.9611,6.3749],[6.9713,6.4058],[6.9814,6.4165]]]},"properties":{"lga_pcode":"NG004002","lga_name":"Anambra East","state_pcode":"NG004","state_name":"Anambra"}},
{"type":"Feature","geometry":{"type":"Polygon","coordinates":[[[6.861,6.3615],[6.8561,6.3867],[6.8639,6.4076],[6.8609,6.4172],[6.8783,6.4499],[6.8839,6.4656],[6.8826,6.4878],[6.887,6.5109],[6.9062,6.544],[6.9112,6.5684],[6.9225,6.5732],[6.9173,6.5836],[6.9321,6.6085],[6.9417,6.6194],[6.9338,6.6403],[6.9399,6.6608],[6.9347,6.6734],[6.9439,6.6869],[6.9308,6.6909],[6.9317,6.6987],[6.9334,6.7353],[6.9321,6.7677],[6.9312,6.788],[6.9234,6.802],[6.9121,6.8007],[6.8968,6.7924],[6.8783,6.7606],[6.86,6.7532],[6.8338,6.7222],[6.8064,6.7031],[6.8003,6.6935],[6.799,6.6795],[6.809,6.6159],[6.8081,6.5802],[6.7933,6.5723],[6.717,6.5501],[6.6839,6.5431],[6.6647,6.5324],[6.6689,6.5012],[6.6739,6.4683],[6.6818,6.4557],[6.6949,6.4066],[6.6998,6.3817],[6.7128,6.3534],[6.7192,6.3],[6.725,6.2658],[6.731,6.2391],[6.7427,6.2094],[6.7537,6.1928],[6.7629,6.1854],[6.7812,6.1893],[6.7863,6.2089],[6.7922,6.2498],[6.8022,6.276],[6.8096,6.2869],[6.8205,6.2934],[6.8284,6.3104],[6.8354,6.339],[6.8406,6.3479],[6.861,6.3615]]]},"properties":{"lga_pcode":"NG004003","lga_name":"Anambra West","state_pcode":"NG004","state_name":"Anambra"}},
{"type":"Feature","geometry":{"type":"Polygon","coordinates":[[[7.0416,6.0563],[7.0504,6.0664],[7.056,6.0841],[7.0619,6.0884],[7.0818,6.1152],[7.0568,6.1295],[7.0431,6.1403],[7.0395,6.1583],[7.0169,6.1601],[7.0129,6.1422],[7.0038,6.1265],[6.9749,6.1236],[6.9857,6.1132],[6.9941,6.0988],[6.9807,6.0916],[6.9721,6.0635],[6.972,6.0349],[6.9843,6.0207],[6.9927,6.024],[7.0041,6.031],[7.0139,6.0442],[7.0256,6.0415],[7.0416,6.0563]]]},"properties":{"lga_pcode":"NG004004","lga_name":"Anaocha","state_pcode":"NG004","state_name":"Anambra"}},
{"type":"Feature","geometry":{"type":"Polygon","coordinates":[[[7.4582,4.5713],[7.4451,4.5735],[7.4076,4.5666],[7.3851,4.5733],[7.362,4.5674],[7.3327,4.5816],[7.3213,4.5906],[7.3018,4.5744],[7.3004,4.5652],[7.3055,4.5437],[7.312,4.5348],[7.3219,4.5396],[7.3301,4.5355],[7.333,4.5192],[7.331,4.4926],[7.3233,4.4596],[7.3246,4.4474],[7.3397,4.442],[7.3717,4.441],[7.3968,4.4369],[7.4142,4.4292],[7.4291,4.4376],[7.5087,4.4529],[7.4981,4.4808],[7.4742,4.4957],[7.4822,4.5083],[7.479,4.5153],[7.4472,4.5129],[7.4613,4.5282],[7.4465,4.5398],[7.4592,4.5591],[7.4582,4.5713]]]},"properties":{"lga_pcode":"NG033005","lga_name":"Andoni","state_pcode":"NG033","state_name":"Rivers"}},
{"type":"Feature","geometry":{"type":"Polygon","coordinates":[[[7.6683,6.0606],[7.6614,6.0695],[7.6544,6.0987],[7.6408,6.1323],[7.6304,6.1524],[7.6221,6.1572],[7.6046,6.1581],[7.585,6.1528],[7.5714,6.1555],[7.5492,6.169],[7.5448,6.1869],[7.5319,6.2091],[7.5236,6.1742],[7.5133,6.1546],[7.5007,6.1475],[7.509,6.1314],[7.5236,6.116],[7.528,6.0983],[7.5324,6.0494],[7.5201,6.02],[7.5366,6.0081],[7.5472,5.9949],[7.5732,5.9691],[7.5891,5.9614],[7.6354,5.9433],[7.6644,5.9301],[7.6919,5.9246],[7.7048,5.9292],[7.7148,5.946],[7.7112,5.971],[7.6971,5.9887],[7.6758,6.01],[7.6683,6.0606]]]},"properties":{"lga_pcode":"NG014001","lga_name":"Aninri","state_pcode":"NG014","state_name":"Enugu"}},
{"type":"Feature","geometry":{"type":"Polygon","coordinates":[[[6.5757,6.2983],[6.5673,6.3086],[6.566,6.3279],[6.5727,6.3529],[6.5746,6.3938],[6.5793,6.4147],[6.5709,6.4527],[6.5708,6.4819],[6.5755,6.4951],[6.5402,6.492],[6.5233,6.4875],[6.5096,6.4758],[6.5022,6.464],[6.4805,6.4478],[6.4662,6.4409],[6.4454,6.4252],[6.4313,6.4068],[6.4127,6.396],[6.3702,6.3833],[6.3623,6.3844],[6.3639,6.3761],[6.3783,6.3471],[6.3914,6.3098],[6.3894,6.2945],[6.3796,6.2767],[6.3693,6.2687],[6.3753,6.2396],[6.4195,6.2476],[6.4629,6.2674],[6.4982,6.2899],[6.5172,6.3039],[6.5342,6.3054],[6.5614,6.2919],[6.5757,6.2983]]]},"properties":{"lga_pcode":"NG010001","lga_name":"Aniocha North","state_pcode":"NG010","state_name":"Delta"}},
{"type":"Feature","geometry":{"type":"Polygon","coordinates":[[[6.3753,6.2396],[6.3805,6.223],[6.3872,6.1841],[6.3578,6.1574],[6.337,6.1551],[6.3421,6.1235],[6.348,6.1151],[6.3359,6.0929],[6.3192,6.0186],[6.3458,5.9918],[6.3608,5.9891],[6.3743,6.0191],[6.3831,6.0302],[6.394,6.0248],[6.4036,5.9985],[6.4118,5.9875],[6.4445,5.9843],[6.4792,5.9853],[6.4886,5.9909],[6.5165,5.9925],[6.5274,5.9961],[6.5668,5.9964],[6.5728,6.0283],[6.5645,6.0595],[6.5726,6.0762],[6.5937,6.0798],[6.629,6.0746],[6.6466,6.0983],[6.6452,6.1012],[6.6316,6.1183],[6.62,6.1244],[6.6104,6.1375],[6.6069,6.1646],[6.6102,6.193],[6.625,6.2119],[6.6345,6.2362],[6.6078,6.2644],[6.5941,6.283],[6.5757,6.2983],[6.5614,6.2919],[6.5342,6.3054],[6.5172,6.3039],[6.4982,6.2899],[6.4629,6.2674],[6.4195,6.2476],[6.3753,6.2396]]]},"properties":{"lga_pcode":"NG010002","lga_name":"Aniocha South","state_pcode":"NG010","state_name":"Delta"}},
{"type":"Feature","geometry":{"type":"Polygon","coordinates":[[[6.1315,12.1348],[6.0943,12.1256],[6.0584,12.124],[6.0154,12.1305],[5.9909,12.1365],[5.9702,12.1446],[5.9473,12.1659],[5.9391,12.1811],[5.9331,12.2111],[5.9321,12.2301],[5.9228,12.241],[5.9097,12.2699],[5.9037,12.2889],[5.901,12.3091],[5.8885,12.3554],[5.885,12.3552],[5.8553,12.3434],[5.8522,12.3314],[5.8297,12.2942],[5.817,12.2805],[5.7853,12.2792],[5.7695,12.283],[5.7516,12.2926],[5.7372,12.304],[5.7302,12.286],[5.7371,12.2647],[5.7241,12.2526],[5.7248,12.2174],[5.7209,12.1992],[5.7209,12.1556],[5.7288,12.1158],[5.7279,12.0965],[5.7347,12.07],[5.7461,12.0508],[5.7726,12.0539],[5.8017,12.052],[5.8242,12.0425],[5.8334,12.0082],[5.8334,11.9702],[5.8429,11.9354],[5.8452,11.9084],[5.8437,11.8981],[5.8434,11.8372],[5.8684,11.805],[5.8797,11.7795],[5.8844,11.67],[5.8833,11.6654],[5.9041,11.6658],[5.9197,11.6618],[5.9408,11.6475],[5.9686,11.6366],[5.9969,11.6526],[6.0253,11.6565],[6.0722,11.6569],[6.0883,11.6485],[6.1157,11.6231],[6.1528,11.6149],[6.1792,11.6206],[6.1811,11.6243],[6.2229,11.6459],[6.2389,11.6496],[6.2506,11.6571],[6.2578,11.6977],[6.2463,11.7159],[6.2667,11.7465],[6.2762,11.7723],[6.2673,11.7857],[6.2506,11.7899],[6.2339,11.8075],[6.2104,11.8819],[6.1803,11.9246],[6.1627,11.9346],[6.146,11.9656],[6.1335,12.0015],[6.1259,12.0341],[6.1318,12.0592],[6.1335,12.1295],[6.1315,12.1348]]]},"properties":{"lga_pcode":"NG037001","lga_name":"Anka","state_pcode":"NG037","state_name":"Zamfara"}},
{"type":"Feature","geometry":{"type":"Polygon","coordinates":[[[7.7536,7.6881],[7.714,7.705],[7.7015,7.6987],[7.6501,7.6879],[7.6436,7.671],[7.6274,7.6478],[7.6155,7.6365],[7.5703,7.6363],[7.5578,7.6344],[7.5448,7.583],[7.5205,7.5354],[7.5055,7.5247],[7.4827,7.5206],[7.4825,7.4945],[7.4779,7.4825],[7.4792,7.4491],[7.4743,7.4035],[7.471,7.3703],[7.4589,7.3502],[7.4411,7.3311],[7.4085,7.3226],[7.4016,7.3005],[7.4564,7.2894],[7.474,7.2923],[7.4923,7.2886],[7.514,7.2915],[7.5444,7.2907],[7.5715,7.3107],[7.5974,7.3228],[7.6245,7.3215],[7.6449,7.3082],[7.6578,7.3032],[7.6882,7.2994],[7.7095,7.289],[7.7237,7.289],[7.7454,7.2969],[7.7747,7.3012],[7.7873,7.3385],[7.7981,7.3591],[7.7954,7.3896],[7.7969,7.4166],[7.8358,7.4653],[7.8358,7.4851],[7.8183,7.497],[7.8075,7.4937],[7.7934,7.4785],[7.7792,7.4828],[7.7559,7.5268],[7.7399,7.538],[7.752,7.5769],[7.7508,7.5942],[7.7547,7.6477],[7.7536,7.6881]]]},"properties":{"lga_pcode":"NG023003","lga_name":"Ankpa","state_pcode":"NG023","state_name":"Kogi"}},
{"type":"Feature","geometry":{"type":"Polygon","coordinates":[[[7.7447,7.7687],[7.7526,7.7442],[7.7536,7.6881],[7.7547,7.6477],[7.7508,7.5942],[7.752,7.5769],[7.7399,7.538],[7.7559,7.5268],[7.7792,7.4828],[7.7934,7.4785],[7.8075,7.4937],[7.8183,7.497],[7.8358,7.4851],[7.8358,7.4653],[7.876,7.4939],[7.9064,7.5086],[7.938,7.5401],[7.9673,7.5648],[8.0077,7.5908],[8.0478,7.6266],[8.0763,7.6425],[8.0792,7.6515],[8.0766,7.6736],[8.0654,7.7011],[8.0654,7.7326],[8.0547,7.7343],[8.0096,7.7517],[7.9875,7.7633],[7.9291,7.7741],[7.8766,7.7988],[7.8692,7.7991],[7.7821,7.7885],[7.7447,7.7687]]]},"properties":{"lga_pcode":"NG007003","lga_name":"Apa","state_pcode":"NG007","state_name":"Benue"}},
{"type":"Feature","geometry":{"type":"Polygon","coordinates":[[[3.3388,6.4364],[3.3429,6.4272],[3.3575,6.4296],[3.3767,6.4256],[3.3881,6.4331],[3.3999,6.4344],[3.3799,6.4492],[3.3812,6.4632],[3.3651,6.4759],[3.3417,6.4749],[3.3569,6.4625],[3.3498,6.4354],[3.3388,6.4364]]]},"properties":{"lga_pcode":"NG025005","lga_name":"Apapa","state_pcode":"NG025","state_name":"Lagos"}},
{"type":"Feature","geometry":{"type":"Polygon","coordinates":[[[11.2183,9.0157],[11.2027,9.0172],[11.1592,9.0308],[11.1261,9.0432],[11.1062,9.0648],[11.0879,9.0899],[11.0663,9.1114],[11.0606,9.1233],[11.0145,9.0849],[10.9662,9.0204],[10.9416,8.9622],[10.9328,8.9307],[10.8995,8.8409],[10.8821,8.8107],[10.9019,8.7909],[10.9142,8.7845],[10.9323,8.7628],[10.95,8.7515],[10.9877,8.7152],[10.9915,8.7067],[11.0213,8.6924],[11.0269,8.6823],[11.0716,8.6428],[11.0975,8.6388],[11.1104,8.6314],[11.1259,8.6176],[11.149,8.6013],[11.1806,8.5837],[11.2033,8.5743],[11.2343,8.5705],[11.2579,8.5785],[11.2864,8.5919],[11.3017,8.5943],[11.3318,8.6095],[11.3555,8.6158],[11.4059,8.6354],[11.4331,8.64],[11.4785,8.6559],[11.5311,8.6669],[11.5178,8.694],[11.496,8.7207],[11.4902,8.7343],[11.4777,8.7458],[11.464,8.7798],[11.4585,8.7882],[11.4395,8.7926],[11.406,8.8118],[11.3921,8.8164],[11.3847,8.8282],[11.3723,8.8363],[11.3614,8.8496],[11.3437,8.8609],[11.3258,8.8774],[11.3118,8.8837],[11.3061,8.8956],[11.2899,8.9121],[11.2724,8.92],[11.2596,8.9367],[11.2445,8.9655],[11.2404,8.9791],[11.2183,9.0157]]]},"properties":{"lga_pcode":"NG035001","lga_name":"Ardo-Kola","state_pcode":"NG035","state_name":"Taraba"}},
{"type":"Feature","geometry":{"type":"Polygon","coordinates":[[[4.5229,13.1405],[4.5041,13.1418],[4.4261,13.1629],[4.398,13.1652],[4.3652,13.1738],[4.355,13.184],[4.3457,13.2136],[4.3152,13.2292],[4.2879,13.23],[4.277,13.2433],[4.2535,13.2604],[4.2325,13.2698],[4.213,13.2675],[4.1841,13.2519],[4.1521,13.2526],[4.1294,13.2628],[4.1271,13.1894],[4.1302,13.1535],[4.1201,13.1004],[4.1107,13.0614],[4.1029,13.0161],[4.0967,12.9974],[4.0814,12.9732],[4.0447,12.9256],[4.0143,12.8764],[3.9823,12.8304],[3.9402,12.7624],[3.9167,12.7398],[3.8535,12.6961],[3.7298,12.5962],[3.6439,12.5213],[3.6424,12.4791],[3.6478,12.4081],[3.6502,12.3644],[3.6556,12.3175],[3.6564,12.2847],[3.6533,12.2566],[3.6369,12.1973],[3.6314,12.1567],[3.6299,12.1122],[3.6346,12.1052],[3.6705,12.1239],[3.7025,12.138],[3.7103,12.1466],[3.7471,12.1561],[3.7532,12.1661],[3.7509,12.202],[3.7626,12.2246],[3.7751,12.2551],[3.7899,12.2808],[3.8008,12.2933],[3.8219,12.3058],[3.8497,12.3171],[3.8594,12.3378],[3.8594,12.3503],[3.8477,12.3729],[3.8449,12.3956],[3.8527,12.4096],[3.867,12.4135],[3.8754,12.4135],[3.9068,12.4051],[3.9362,12.4553],[3.9735,12.4713],[3.9878,12.4916],[3.9979,12.5158],[4.0088,12.5298],[4.0384,12.5422],[4.0705,12.5751],[4.0939,12.5829],[4.1088,12.5923],[4.1298,12.6173],[4.1344,12.636],[4.1523,12.656],[4.1833,12.6774],[4.2014,12.693],[4.2349,12.7374],[4.2725,12.756],[4.3124,12.7575],[4.3209,12.7786],[4.3592,12.8231],[4.3913,12.8475],[4.4217,12.8765],[4.4261,12.9128],[4.4259,12.9599],[4.4315,12.9693],[4.4354,12.9896],[4.444,13.0099],[4.4643,13.0255],[4.4748,13.0414],[4.5142,13.065],[4.5215,13.0871],[4.5525,13.1153],[4.5416,13.1285],[4.5229,13.1405]]]},"properties":{"lga_pcode":"NG022002","lga_name":"Arewa-Dandi","state_pcode":"NG022","state_name":"Kebbi"}},
{"type":"Feature","geometry":{"type":"Polygon","coordinates":[[[4.1833,12.6774],[4.2125,12.6363],[4.2314,12.5951],[4.2436,12.5772],[4.2475,12.5637],[4.2695,12.5622],[4.2905,12.5705],[4.3227,12.5655],[4.353,12.5569],[4.3769,12.5572],[4.4033,12.5683],[4.4189,12.5685],[4.4452,12.5616],[4.4597,12.5767],[4.4744,12.5787],[4.4976,12.5928],[4.5126,12.6139],[4.5239,12.6209],[4.5352,12.6352],[4.543,12.6525],[4.5509,12.6565],[4.5673,12.6547],[4.5883,12.6466],[4.609,12.6453],[4.6421,12.6605],[4.6758,12.6648],[4.7361,12.678],[4.75,12.6848],[4.7507,12.7016],[4.7731,12.7245],[4.7531,12.7289],[4.7227,12.7242],[4.7071,12.7273],[4.6797,12.725],[4.6274,12.7476],[4.6173,12.7585],[4.5829,12.7687],[4.5463,12.7726],[4.5275,12.8054],[4.5166,12.8186],[4.5049,12.8249],[4.4659,12.8304],[4.4284,12.8288],[4.4019,12.8374],[4.3913,12.8475],[4.3592,12.8231],[4.3209,12.7786],[4.3124,12.7575],[4.2725,12.756],[4.2349,12.7374],[4.2014,12.693],[4.1833,12.6774]]]},"properties":{"lga_pcode":"NG022003","lga_name":"Argungu","state_pcode":"NG022","state_name":"Kebbi"}},
{"type":"Feature","geometry":{"type":"Polygon","coordinates":[[[7.9046,5.5687],[7.89,5.5371],[7.8801,5.5349],[7.8564,5.5395],[7.842,5.5325],[7.8141,5.5105],[7.8055,5.5105],[7.8038,5.5353],[7.789,5.5838],[7.7793,5.609],[7.7552,5.6647],[7.7373,5.6789],[7.7098,5.683],[7.6884,5.6713],[7.676,5.6699],[7.6568,5.6782],[7.6562,5.6678],[7.6693,5.6551],[7.6813,5.649],[7.6793,5.6303],[7.6738,5.6231],[7.6569,5.6207],[7.6394,5.6096],[7.6342,5.6014],[7.6414,5.5787],[7.6521,5.5635],[7.6821,5.5298],[7.6959,5.5183],[7.7107,5.5124],[7.7341,5.5178],[7.7485,5.5162],[7.7601,5.5053],[7.7596,5.4926],[7.7655,5.4829],[7.7799,5.4703],[7.7888,5.4444],[7.809,5.4278],[7.8211,5.4233],[7.8561,5.4224],[7.8653,5.4184],[7.875,5.3906],[7.8827,5.382],[7.8761,5.3689],[7.8804,5.3668],[7.9339,5.3577],[7.9773,5.3545],[7.9875,5.3626],[7.9863,5.3706],[7.9598,5.4257],[7.954,5.4417],[7.9391,5.4612],[7.931,5.4773],[7.9206,5.5094],[7.9149,5.5209],[7.9079,5.5358],[7.9046,5.5687]]]},"properties":{"lga_pcode":"NG001003","lga_name":"Arochukwu","state_pcode":"NG001","state_name":"Abia"}},
{"type":"Feature","geometry":{"type":"Polygon","coordinates":[[[4.4791,8.5614],[4.4725,8.5764],[4.4548,8.5906],[4.4421,8.6089],[4.3948,8.6562],[4.3839,8.6637],[4.3526,8.6708],[4.3438,8.689],[4.2917,8.7214],[4.2594,8.7478],[4.2407,8.7684],[4.2033,8.8034],[4.195,8.818],[4.1861,8.8056],[4.1826,8.786],[4.1829,8.7652],[4.1904,8.7533],[4.2134,8.6826],[4.2091,8.6807],[4.2598,8.575],[4.3676,8.3502],[4.3753,8.3182],[4.3869,8.2919],[4.4038,8.2787],[4.4214,8.2705],[4.4601,8.236],[4.4771,8.2183],[4.4839,8.2027],[4.4941,8.1667],[4.495,8.1228],[4.5359,8.135],[4.5668,8.1526],[4.5843,8.1591],[4.5946,8.1711],[4.5977,8.1861],[4.5848,8.2127],[4.5831,8.235],[4.5908,8.2513],[4.6011,8.2634],[4.6221,8.2814],[4.629,8.3088],[4.6419,8.3363],[4.6641,8.3564],[4.6494,8.3731],[4.6382,8.3807],[4.601,8.4131],[4.5857,8.4237],[4.5682,8.4102],[4.5437,8.414],[4.5145,8.4098],[4.4792,8.4325],[4.4592,8.4584],[4.4455,8.4798],[4.4459,8.4917],[4.453,8.5025],[4.4648,8.5093],[4.4798,8.5317],[4.4761,8.55],[4.4791,8.5614]]]},"properties":{"lga_pcode":"NG024001","lga_name":"Asa","state_pcode":"NG024","state_name":"Kwara"}},
{"type":"Feature","geometry":{"type":"Polygon","coordinates":[[[6.8873,4.7977],[6.8833,4.8022],[6.8541,4.8071],[6.8302,4.8242],[6.823,4.8185],[6.8225,4.8003],[6.8057,4.7914],[6.7834,4.8024],[6.7954,4.7822],[6.791,4.7637],[6.7805,4.7549],[6.7977,4.7495],[6.811,4.727],[6.8299,4.7178],[6.838,4.7086],[6.8606,4.7154],[6.8886,4.7022],[6.9046,4.6862],[6.9258,4.6944],[6.9292,4.7065],[6.9128,4.7332],[6.9046,4.7398],[6.8817,4.7479],[6.8669,4.7641],[6.8672,4.7823],[6.8873,4.7977]]]},"properties":{"lga_pcode":"NG033006","lga_name":"Asari-Toru","state_pcode":"NG033","state_name":"Rivers"}},
{"type":"Feature","geometry":{"type":"Polygon","coordinates":[[[13.3362,10.8546],[13.2797,10.8534],[13.2409,10.8482],[13.2067,10.853],[13.1921,10.8575],[13.1636,10.861],[13.1355,10.8494],[13.0889,10.8424],[13.077,10.8406],[13.0008,10.8356],[13.0115,10.8182],[13.0041,10.8091],[13.006,10.7938],[13.0031,10.7267],[12.9978,10.7108],[12.9708,10.6888],[12.9621,10.6863],[12.9408,10.7008],[12.9163,10.7063],[12.8592,10.7066],[12.8088,10.7131],[12.796,10.7192],[12.7642,10.7119],[12.7343,10.7147],[12.706,10.7124],[12.6709,10.717],[12.6339,10.7188],[12.6051,10.7153],[12.5857,10.7172],[12.5765,10.7228],[12.546,10.7249],[12.5365,10.7367],[12.5356,10.748],[12.5279,10.7544],[12.523,10.7683],[12.5173,10.763],[12.4915,10.7609],[12.4824,10.7567],[12.4638,10.74],[12.4423,10.7156],[12.4175,10.6924],[12.3928,10.6566],[12.4271,10.6329],[12.4445,10.6285],[12.4714,10.626],[12.4834,10.6206],[12.5203,10.5955],[12.5366,10.592],[12.5541,10.5692],[12.5658,10.5358],[12.5844,10.5013],[12.606,10.4676],[12.6128,10.4486],[12.6259,10.4528],[12.6398,10.4379],[12.6525,10.439],[12.6653,10.4596],[12.6737,10.4849],[12.6863,10.4996],[12.698,10.5247],[12.7353,10.5761],[12.7608,10.5829],[12.777,10.5772],[12.8753,10.5735],[12.9181,10.562],[12.9586,10.5481],[12.9828,10.5355],[12.9974,10.5251],[13.0146,10.5034],[13.0322,10.4744],[13.0526,10.4598],[13.0782,10.4528],[13.114,10.4397],[13.1217,10.4404],[13.1575,10.4239],[13.1848,10.4236],[13.1967,10.4142],[13.2053,10.4149],[13.2131,10.4275],[13.2194,10.4546],[13.229,10.4672],[13.2402,10.4974],[13.2417,10.5022],[13.2355,10.5361],[13.2372,10.5845],[13.2656,10.6252],[13.2832,10.6675],[13.3112,10.7135],[13.3194,10.7373],[13.3229,10.7561],[13.3344,10.7958],[13.3362,10.8546]]]},"properties":{"lga_pcode":"NG008002","lga_name":"Askira/Uba","state_pcode":"NG008","state_name":"Borno"}},
{"type":"Feature","geometry":{"type":"Polygon","coordinates":[[[4.8343,7.3742],[4.8301,7.391],[4.8323,7.4169],[4.8449,7.4692],[4.8449,7.5081],[4.8289,7.5397],[4.8106,7.5843],[4.8093,7.5915],[4.7943,7.5854],[4.7829,7.5856],[4.7532,7.5742],[4.7236,7.5588],[4.7129,7.5512],[4.7008,7.5355],[4.6988,7.5233],[4.6827,7.4695],[4.6775,7.4456],[4.664,7.4339],[4.6671,7.4169],[4.6829,7.399],[4.6917,7.3784],[4.6959,7.3556],[4.686,7.2995],[4.6852,7.2873],[4.6917,7.269],[4.7157,7.2526],[4.7367,7.2446],[4.7494,7.2313],[4.7503,7.2461],[4.7455,7.2817],[4.7486,7.2977],[4.7475,7.3211],[4.7613,7.321],[4.7674,7.3274],[4.7683,7.3441],[4.7784,7.357],[4.8061,7.3701],[4.8343,7.3742]]]},"properties":{"lga_pcode":"NG030003","lga_name":"Atakumosa East","state_pcode":"NG030","state_name":"Osun"}},
{"type":"Feature","geometry":{"type":"Polygon","coordinates":[[[4.7236,7.5588],[4.708,7.5884],[4.705,7.6015],[4.6944,7.6397],[4.6977,7.6552],[4.6856,7.6621],[4.6791,7.6718],[4.654,7.7067],[4.6338,7.7269],[4.6141,7.7321],[4.5993,7.7404],[4.5785,7.7278],[4.5764,7.7082],[4.5687,7.694],[4.5718,7.6766],[4.5691,7.6522],[4.5569,7.6434],[4.5466,7.6426],[4.5424,7.6316],[4.5283,7.6186],[4.5379,7.6156],[4.5562,7.5984],[4.5722,7.5633],[4.5809,7.5393],[4.6009,7.5303],[4.6141,7.5332],[4.6253,7.5203],[4.6299,7.5077],[4.6312,7.4825],[4.6392,7.4684],[4.6392,7.4514],[4.6484,7.4371],[4.6576,7.4097],[4.6671,7.4169],[4.664,7.4339],[4.6775,7.4456],[4.6827,7.4695],[4.6988,7.5233],[4.7008,7.5355],[4.7129,7.5512],[4.7236,7.5588]]]},"properties":{"lga_pcode":"NG030004","lga_name":"Atakumosa West","state_pcode":"NG030","state_name":"Osun"}},
{"type":"Feature","geometry":{"type":"Polygon","coordinates":[[[3.9635,8.6148],[3.946,8.618],[3.9239,8.6176],[3.9106,8.6057],[3.8737,8.6011],[3.8228,8.5966],[3.8122,8.5658],[3.8076,8.5397],[3.8122,8.5043],[3.8184,8.4874],[3.8138,8.4582],[3.8015,8.4536],[3.7813,8.4553],[3.7728,8.44],[3.7785,8.413],[3.7902,8.3843],[3.7849,8.3614],[3.7877,8.3396],[3.7992,8.3316],[3.7891,8.3162],[3.7891,8.2909],[3.7811,8.2731],[3.7702,8.2381],[3.7694,8.2216],[3.7634,8.2066],[3.7541,8.1742],[3.7399,8.1565],[3.7344,8.1287],[3.7333,8.0559],[3.7318,8.0508],[3.7429,8.0518],[3.7552,8.0666],[3.7686,8.0749],[3.7866,8.0755],[3.8092,8.0464],[3.8584,8.0141],[3.865,8.0033],[3.8694,7.9634],[3.8745,7.9489],[3.8871,7.9356],[3.9254,7.9086],[3.9321,7.8905],[3.9228,7.8753],[3.9212,7.8651],[3.9319,7.8511],[3.9471,7.8424],[3.9633,7.8575],[3.9758,7.86],[3.9777,7.876],[4.0015,7.9078],[4.0151,7.9146],[4.0565,7.9484],[4.0563,7.9625],[4.0443,7.9916],[4.0429,8.0077],[4.0469,8.0269],[4.0409,8.0474],[4.0304,8.0651],[4.0229,8.1202],[4.0123,8.1414],[3.9911,8.165],[3.9734,8.1791],[3.964,8.2027],[3.9652,8.2333],[3.9864,8.2604],[4.0005,8.284],[4.0418,8.3441],[4.0477,8.3629],[4.0453,8.3771],[4.0218,8.3994],[4.01,8.4277],[3.9911,8.4631],[3.9829,8.4878],[3.9581,8.5314],[3.9546,8.5491],[3.957,8.595],[3.9635,8.6148]]]},"properties":{"lga_pcode":"NG031003","lga_name":"Atiba","state_pcode":"NG031","state_name":"Oyo"}},
{"type":"Feature","geometry":{"type":"Polygon","coordinates":[[[3.7813,8.4553],[3.7712,8.4613],[3.7668,8.4859],[3.7172,8.5],[3.6846,8.5044],[3.6391,8.5068],[3.5845,8.5173],[3.5659,8.5266],[3.524,8.5391],[3.5006,8.5564],[3.4873,8.5596],[3.4539,8.5741],[3.4424,8.6001],[3.3967,8.5902],[3.3659,8.5814],[3.3305,8.5645],[3.3159,8.5655],[3.2664,8.5857],[3.1974,8.593],[3.1052,8.5566],[3.032,8.4364],[2.9982,8.4432],[2.9772,8.4432],[2.9208,8.452],[2.8551,8.4537],[2.8209,8.4557],[2.8031,8.4593],[2.7717,8.4617],[2.7475,8.4657],[2.7411,8.4456],[2.7286,8.4319],[2.7157,8.4319],[2.7068,8.4198],[2.7141,8.3896],[2.7093,8.369],[2.698,8.3586],[2.6956,8.3215],[2.7012,8.3005],[2.7125,8.2723],[2.7149,8.2598],[2.733,8.2373],[2.7391,8.2256],[2.7532,8.2107],[2.7515,8.2063],[2.8092,8.2119],[2.8426,8.2091],[2.9069,8.2115],[2.944,8.2216],[2.9859,8.2224],[3.0256,8.2197],[3.0277,8.3107],[3.0719,8.3589],[3.0844,8.3647],[3.1196,8.3611],[3.1672,8.3689],[3.2052,8.3639],[3.262,8.3298],[3.3099,8.3152],[3.4012,8.3166],[3.4362,8.3255],[3.4627,8.3343],[3.495,8.3403],[3.5328,8.3437],[3.5918,8.346],[3.6171,8.3557],[3.6479,8.3368],[3.6808,8.3138],[3.6949,8.3154],[3.7078,8.3013],[3.7239,8.2913],[3.7384,8.2667],[3.7573,8.2151],[3.7634,8.2066],[3.7694,8.2216],[3.7702,8.2381],[3.7811,8.2731],[3.7891,8.2909],[3.7891,8.3162],[3.7992,8.3316],[3.7877,8.3396],[3.7849,8.3614],[3.7902,8.3843],[3.7785,8.413],[3.7728,8.44],[3.7813,8.4553]]]},"properties":{"lga_pcode":"NG031004","lga_name":"Atigbo","state_pcode":"NG031","state_name":"Oyo"}},
{"type":"Feature","geometry":{"type":"Polygon","coordinates":[[[4.3913,12.8475],[4.4019,12.8374],[4.4284,12.8288],[4.4659,12.8304],[4.5049,12.8249],[4.5166,12.8186],[4.5275,12.8054],[4.5463,12.7726],[4.5829,12.7687],[4.6173,12.7585],[4.6274,12.7476],[4.6797,12.725],[4.7071,12.7273],[4.7227,12.7242],[4.7531,12.7289],[4.7731,12.7245],[4.8045,12.7567],[4.8128,12.7564],[4.8163,12.7742],[4.8132,12.7882],[4.7994,12.8093],[4.7972,12.8247],[4.7894,12.8431],[4.7741,12.8571],[4.7527,12.864],[4.7235,12.8793],[4.7132,12.891],[4.702,12.9104],[4.7008,12.9247],[4.692,12.9361],[4.6622,12.9516],[4.6384,12.9849],[4.6445,13.0032],[4.6629,13.0228],[4.681,13.0374],[4.702,13.0711],[4.7063,13.0836],[4.6856,13.0677],[4.6919,13.1061],[4.7006,13.1244],[4.7084,13.1561],[4.7028,13.1669],[4.6852,13.1699],[4.6704,13.166],[4.6548,13.1473],[4.6298,13.0989],[4.6189,13.0918],[4.5705,13.1051],[4.5525,13.1153],[4.5215,13.0871],[4.5142,13.065],[4.4748,13.0414],[4.4643,13.0255],[4.444,13.0099],[4.4354,12.9896],[4.4315,12.9693],[4.4259,12.9599],[4.4261,12.9128],[4.4217,12.8765],[4.3913,12.8475]]]},"properties":{"lga_pcode":"NG022004","lga_name":"Augie","state_pcode":"NG022","state_name":"Kebbi"}},
{"type":"Feature","geometry":{"type":"Polygon","coordinates":[[[10.0596,12.4406],[10.0286,12.4395],[10.0159,12.4296],[9.9941,12.4193],[9.9892,12.4121],[9.9779,12.4169],[9.9689,12.4034],[9.9211,12.3765],[9.9082,12.3661],[9.8866,12.3603],[9.8806,12.3519],[9.8669,12.344],[9.8442,12.3368],[9.8151,12.3345],[9.7916,12.3242],[9.7633,12.3171],[9.7342,12.3299],[9.7277,12.3017],[9.7498,12.2946],[9.7781,12.2777],[9.7863,12.2778],[9.8131,12.2896],[9.826,12.2909],[9.8413,12.2854],[9.8509,12.2759],[9.8525,12.2512],[9.8613,12.2385],[9.8778,12.2362],[9.8865,12.2519],[9.9432,12.2751],[9.9605,12.2908],[9.9715,12.3209],[9.9834,12.3276],[10.0081,12.3567],[10.0405,12.3787],[10.0565,12.3828],[10.0885,12.3793],[10.125,12.3636],[10.1386,12.3541],[10.1486,12.3415],[10.1682,12.3266],[10.1842,12.3225],[10.1957,12.3272],[10.1962,12.3403],[10.2338,12.377],[10.259,12.4228],[10.2075,12.4164],[10.1549,12.417],[10.1248,12.4143],[10.1151,12.4165],[10.0641,12.4199],[10.0556,12.4235],[10.0596,12.4406]]]},"properties":{"lga_pcode":"NG018001","lga_name":"Auyo","state_pcode":"NG018","state_name":"Jigawa"}},
{"type":"Feature","geometry":{"type":"Polygon","coordinates":[[[9.2733,8.4639],[9.2639,8.4596],[9.212,8.4573],[9.1749,8.4672],[9.1525,8.4527],[9.1324,8.4287],[9.1215,8.4382],[9.1011,8.4389],[9.0968,8.4483],[9.1032,8.4642],[9.1014,8.4736],[9.0801,8.488],[9.0699,8.4877],[9.0599,8.4969],[9.0592,8.5123],[9.0494,8.5197],[9.0368,8.5125],[9.0195,8.5099],[8.9883,8.5229],[8.9781,8.4953],[8.9751,8.4733],[8.9837,8.4493],[9.0014,8.4347],[8.9981,8.4255],[9.0086,8.4004],[9.0099,8.3658],[9.0133,8.3287],[9.0207,8.28],[8.9887,8.2623],[8.9564,8.2541],[8.9421,8.2434],[8.9476,8.2226],[8.9655,8.2015],[8.9822,8.1892],[8.9959,8.1696],[9.0087,8.1608],[9.0234,8.1392],[9.0395,8.1055],[9.057,8.0776],[9.0634,8.0675],[9.0634,8.0521],[9.1309,7.9308],[9.1357,7.9247],[9.173,7.9063],[9.1791,7.9081],[9.2204,7.9265],[9.2507,7.9447],[9.2811,7.9559],[9.3355,7.9855],[9.346,8.0019],[9.4041,8.0456],[9.4154,8.0619],[9.414,8.0711],[9.4034,8.0801],[9.3926,8.1018],[9.3919,8.1328],[9.3869,8.1488],[9.4063,8.1653],[9.4118,8.1769],[9.4058,8.1872],[9.3905,8.2018],[9.3712,8.2151],[9.3296,8.2363],[9.3234,8.2535],[9.3255,8.2638],[9.3425,8.2837],[9.3633,8.3405],[9.377,8.35],[9.3897,8.3491],[9.4202,8.3324],[9.4832,8.3061],[9.518,8.3021],[9.5469,8.305],[9.5922,8.2967],[9.6097,8.2913],[9.6175,8.3029],[9.6138,8.3178],[9.612,8.3502],[9.6222,8.3496],[9.624,8.3606],[9.6183,8.3778],[9.6215,8.389],[9.6089,8.4022],[9.576,8.4237],[9.5605,8.4312],[9.5297,8.4238],[9.4916,8.4309],[9.4207,8.4623],[9.3779,8.4857],[9.3459,8.4919],[9.3187,8.4867],[9.3013,8.4751],[9.2733,8.4639]]]},"properties":{"lga_pcode":"NG026002","lga_name":"Awe","state_pcode":"NG026","state_name":"Nasarawa"}},
{"type":"Feature","geometry":{"type":"Polygon","coordinates":[[[7.5319,6.2091],[7.5124,6.2313],[7.5031,6.238],[7.4852,6.2698],[7.466,6.2956],[7.444,6.3388],[7.4265,6.31],[7.4186,6.282],[7.4064,6.2633],[7.3964,6.2545],[7.3859,6.2275],[7.371,6.2041],[7.3748,6.1812],[7.3866,6.1589],[7.394,6.1376],[7.3861,6.0952],[7.3918,6.0708],[7.39,6.0463],[7.3848,6.0373],[7.397,6.0344],[7.4012,6.0171],[7.4158,6.0062],[7.4306,6.0062],[7.4515,6.0138],[7.4758,6.0124],[7.5105,6.0214],[7.5201,6.02],[7.5324,6.0494],[7.528,6.0983],[7.5236,6.116],[7.509,6.1314],[7.5007,6.1475],[7.5133,6.1546],[7.5236,6.1742],[7.5319,6.2091]]]},"properties":{"lga_pcode":"NG014002","lga_name":"Awgu","state_pcode":"NG014","state_name":"Enugu"}},
{"type":"Feature","geometry":{"type":"Polygon","coordinates":[[[6.9731,6.3165],[6.9879,6.3039],[6.9988,6.283],[7.0084,6.2555],[7.0189,6.2382],[7.0284,6.2429],[7.0572,6.266],[7.0785,6.2673],[7.0912,6.2607],[7.1113,6.2609],[7.1302,6.2411],[7.1477,6.2425],[7.1491,6.2625],[7.1426,6.2891],[7.1603,6.3035],[7.1419,6.3597],[7.128,6.3867],[7.0888,6.4303],[7.0648,6.4372],[7.0275,6.4436],[7.0099,6.4368],[6.9814,6.4165],[6.9713,6.4058],[6.9611,6.3749],[6.9731,6.3364],[6.9731,6.3165]]]},"properties":{"lga_pcode":"NG004005","lga_name":"Awka North","state_pcode":"NG004","state_name":"Anambra"}},
{"type":"Feature","geometry":{"type":"Polygon","coordinates":[[[7.0818,6.1152],[7.0929,6.1235],[7.1042,6.1251],[7.1145,6.133],[7.1249,6.1492],[7.1398,6.1596],[7.1509,6.1853],[7.1526,6.1993],[7.151,6.2326],[7.1477,6.2425],[7.1302,6.2411],[7.1113,6.2609],[7.0912,6.2607],[7.0785,6.2673],[7.0572,6.266],[7.0284,6.2429],[7.0189,6.2382],[7.034,6.2033],[7.0413,6.171],[7.0395,6.1583],[7.0431,6.1403],[7.0568,6.1295],[7.0818,6.1152]]]},"properties":{"lga_pcode":"NG004006","lga_name":"Awka South","state_pcode":"NG004","state_name":"Anambra"}},
{"type":"Feature","geometry":{"type":"Polygon","coordinates":[[[6.9814,6.4165],[7.0099,6.4368],[7.0275,6.4436],[7.0328,6.4516],[7.0363,6.4738],[7.0497,6.4744],[7.0463,6.5008],[7.0485,6.5274],[7.0554,6.5453],[7.0633,6.5549],[7.0781,6.5575],[7.092,6.5758],[7.1095,6.5932],[7.1177,6.6155],[7.1317,6.6434],[7.1291,6.6595],[7.1016,6.6756],[7.0702,6.6856],[7.0557,6.6965],[7.0463,6.6874],[7.0166,6.7061],[6.9909,6.7131],[6.9565,6.71],[6.9317,6.6987],[6.9308,6.6909],[6.9439,6.6869],[6.9347,6.6734],[6.9399,6.6608],[6.9338,6.6403],[6.9417,6.6194],[6.9321,6.6085],[6.9173,6.5836],[6.9225,6.5732],[6.9112,6.5684],[6.9062,6.544],[6.887,6.5109],[6.8826,6.4878],[6.8839,6.4656],[6.8783,6.4499],[6.8609,6.4172],[6.8639,6.4076],[6.8561,6.3867],[6.861,6.3615],[6.865,6.3714],[6.8874,6.3932],[6.9227,6.4002],[6.9402,6.4146],[6.9511,6.4355],[6.9654,6.4398],[6.9715,6.4259],[6.9814,6.4165]]]},"properties":{"lga_pcode":"NG004007","lga_name":"Ayamelum","state_pcode":"NG004","state_name":"Anambra"}},
{"type":"Feature","geometry":{"type":"Polygon","coordinates":[[[9.0371,12.8145],[8.9808,12.8196],[8.9704,12.8102],[8.9676,12.7913],[8.9569,12.7559],[8.9478,12.7462],[8.9431,12.7323],[8.9139,12.7051],[8.9025,12.7032],[8.8718,12.6876],[8.8471,12.6822],[8.8298,12.6929],[8.8154,12.6905],[8.808,12.6798],[8.7927,12.6759],[8.7763,12.688],[8.7561,12.6754],[8.7328,12.6778],[8.7267,12.6876],[8.6944,12.6706],[8.6793,12.6602],[8.6825,12.6485],[8.6757,12.6405],[8.6551,12.635],[8.6469,12.6072],[8.6482,12.5952],[8.6577,12.5888],[8.687,12.5846],[8.7141,12.5734],[8.7191,12.5666],[8.712,12.548],[8.6877,12.5259],[8.6785,12.505],[8.6847,12.4763],[8.7072,12.4536],[8.7436,12.4404],[8.7644,12.4387],[8.7824,12.4268],[8.8118,12.418],[8.8165,12.4134],[8.8259,12.4136],[8.8632,12.4232],[8.8725,12.4302],[8.871,12.4625],[8.8858,12.4959],[8.906,12.5142],[8.9178,12.5287],[8.9306,12.5588],[8.9411,12.5723],[8.957,12.5728],[8.9771,12.5853],[8.9995,12.5925],[9.0164,12.6024],[9.0284,12.5987],[9.027,12.6065],[9.0356,12.6815],[9.0575,12.6963],[9.0804,12.7336],[9.0849,12.7443],[9.084,12.7578],[9.0708,12.774],[9.049,12.7951],[9.0371,12.8145]]]},"properties":{"lga_pcode":"NG018002","lga_name":"Babura","state_pcode":"NG018","state_name":"Jigawa"}},
{"type":"Feature","geometry":{"type":"Polygon","coordinates":[[[2.8869,6.511],[2.8963,6.495],[2.8894,6.4761],[2.8799,6.4699],[2.8596,6.4677],[2.8526,6.45],[2.833,6.4431],[2.8237,6.4515],[2.7992,6.4601],[2.7841,6.4527],[2.7444,6.4491],[2.7354,6.4579],[2.7138,6.459],[2.7026,6.4524],[2.704,6.3726],[2.7552,6.3801],[2.7894,6.3834],[2.8505,6.3918],[2.9232,6.3936],[2.9701,6.3961],[3.0232,6.3947],[3.0471,6.3956],[3.0561,6.4056],[3.0696,6.4093],[3.1069,6.4091],[3.1091,6.4252],[3.1067,6.438],[3.0935,6.4604],[3.1152,6.4718],[3.112,6.4917],[3.1039,6.4995],[3.082,6.5036],[3.0301,6.5032],[2.9855,6.5107],[2.9345,6.5121],[2.9121,6.5142],[2.8869,6.511]]]},"properties":{"lga_pcode":"NG025006","lga_name":"Badagry","state_pcode":"NG025","state_name":"Lagos"}},
{"type":"Feature","geometry":{"type":"MultiPolygon","coordinates":[[[[11.0566,12.8783],[11.041,12.8901],[11.0298,12.8916],[10.9918,12.8719],[10.9573,12.8657],[10.9167,12.8665],[10.8871,12.869],[10.8559,12.8802],[10.8381,12.8772],[10.8235,12.8814],[10.8141,12.8773],[10.7724,12.8775],[10.7452,12.8654],[10.7128,12.8645],[10.6706,12.8578],[10.6369,12.8436],[10.6196,12.8336],[10.5851,12.8219],[10.5777,12.8069],[10.5733,12.7682],[10.5745,12.7541],[10.5965,12.7151],[10.5925,12.696],[10.5957,12.6843],[10.6344,12.6803],[10.6584,12.6833],[10.6792,12.7021],[10.6952,12.7099],[10.7241,12.738],[10.7626,12.7708],[10.7931,12.7989],[10.8187,12.8114],[10.8571,12.8253],[10.9306,12.8265],[10.9705,12.8216],[11.0269,12.8274],[11.0525,12.8272],[11.0644,12.8472],[11.0613,12.8697],[11.0566,12.8783]]],[[[11.1877,12.5081],[11.1658,12.5565],[11.1561,12.5904],[11.1545,12.6289],[11.1479,12.6462],[11.126,12.6787],[11.1006,12.7044],[11.0816,12.7125],[11.0536,12.7378],[11.0479,12.746],[11.0442,12.7449],[11.0232,12.7073],[11.0071,12.6713],[11.0029,12.6533],[11.0081,12.6283],[11.023,12.6109],[11.0422,12.5765],[11.0615,12.5363],[11.0712,12.5093],[11.0896,12.4982],[11.1094,12.495],[11.138,12.4938],[11.1669,12.5009],[11.1761,12.509],[11.1877,12.5081]]]]},"properties":{"lga_pcode":"NG036001","lga_name":"Bade","state_pcode":"NG036","state_name":"Yobe"}},
{"type":"Feature","geometry":{"type":"Polygon","coordinates":[[[3.8359,11.5698],[3.8178,11.5702],[3.8101,11.5794],[3.79,11.5878],[3.7709,11.5893],[3.7062,11.6045],[3.681,11.6193],[3.6605,11.6278],[3.6353,11.6583],[3.6182,11.6616],[3.6186,11.6724],[3.6309,11.6828],[3.6276,11.695],[3.6203,11.6979],[3.6249,11.7279],[3.5652,11.6991],[3.5139,11.663],[3.5158,11.5412],[3.5246,11.4273],[3.5016,11.3213],[3.4973,11.2909],[3.5363,11.258],[3.5799,11.2196],[3.621,11.1655],[3.6536,11.1109],[3.6854,11.1153],[3.7047,11.1261],[3.7233,11.1251],[3.7516,11.1276],[3.794,11.1129],[3.8909,11.054],[3.9377,11.0367],[3.9939,11.0177],[4.0684,11.022],[4.1004,11.0263],[4.167,11.0246],[4.1861,11.0324],[4.2138,11.0307],[4.2389,11.0073],[4.2562,10.9856],[4.2631,10.9822],[4.2778,10.9865],[4.2882,10.9804],[4.2839,10.9372],[4.2882,10.9285],[4.3107,10.9207],[4.3194,10.9147],[4.3357,10.9153],[4.3305,10.927],[4.3248,10.9651],[4.3338,10.9971],[4.3375,11.0384],[4.3131,11.0648],[4.3042,11.109],[4.3199,11.1529],[4.3275,11.1605],[4.3433,11.1871],[4.3157,11.201],[4.2697,11.2312],[4.2491,11.2613],[4.2201,11.2747],[4.2083,11.2988],[4.2044,11.3414],[4.2181,11.3567],[4.2823,11.3694],[4.3029,11.3768],[4.332,11.3942],[4.3344,11.4041],[4.3487,11.4154],[4.3768,11.4213],[4.3804,11.4343],[4.3727,11.4518],[4.3627,11.4989],[4.3681,11.5147],[4.3885,11.54],[4.3882,11.5585],[4.3806,11.5658],[4.358,11.5739],[4.3298,11.5726],[4.3215,11.5651],[4.2916,11.5499],[4.2615,11.5523],[4.2227,11.5759],[4.2112,11.5952],[4.2072,11.6146],[4.2078,11.6396],[4.2144,11.6603],[4.1966,11.6595],[4.1973,11.6494],[4.1825,11.6423],[4.1685,11.643],[4.1614,11.6507],[4.1471,11.6549],[4.1228,11.6535],[4.1048,11.6449],[4.0924,11.6226],[4.0566,11.5774],[4.0183,11.573],[4.0007,11.5751],[3.9925,11.561],[3.9734,11.5534],[3.9546,11.5389],[3.9539,11.5203],[3.9382,11.5098],[3.9215,11.5074],[3.9087,11.5136],[3.8359,11.5698]]]},"properties":{"lga_pcode":"NG022005","lga_name":"Bagudo","state_pcode":"NG022","state_name":"Kebbi"}},
{"type":"Feature","geometry":{"type":"Polygon","coordinates":[[[8.2002,12.171],[8.1911,12.1863],[8.1729,12.2019],[8.1455,12.2041],[8.1221,12.1958],[8.0977,12.171],[8.0757,12.1771],[8.0446,12.1747],[8.0379,12.1655],[8.0175,12.1661],[8.0058,12.1606],[7.9937,12.1517],[7.9918,12.103],[8.0057,12.0818],[8.0204,12.0702],[8.035,12.0641],[8.0631,12.0615],[8.0899,12.0624],[8.1147,12.0527],[8.1234,12.0378],[8.1226,12.0128],[8.1314,11.9969],[8.1419,12.002],[8.1836,11.9994],[8.2002,12.0152],[8.2121,12.0159],[8.2366,12.011],[8.2494,12.0258],[8.2554,12.0547],[8.2558,12.0933],[8.2539,12.105],[8.2424,12.1218],[8.2108,12.1374],[8.2033,12.1535],[8.2002,12.171]]]},"properties":{"lga_pcode":"NG020003","lga_name":"Bagwai","state_pcode":"NG020","state_name":"Kano"}},
{"type":"Feature","geometry":{"type":"Polygon","coordinates":[[[8.572,4.8045],[8.5681,4.8139],[8.5584,4.8131],[8.5594,4.7985],[8.572,4.8045]]]},"properties":{"lga_pcode":"NG009005","lga_name":"Bakassi","state_pcode":"NG009","state_name":"Cross River"}},
{"type":"Feature","geometry":{"type":"Polygon","coordinates":[[[7.404,11.7964],[7.4009,11.8116],[7.3892,11.8201],[7.36,11.8319],[7.3416,11.8362],[7.334,11.8324],[7.2972,11.836],[7.289,11.8425],[7.2902,11.8263],[7.2997,11.809],[7.2834,11.772],[7.2858,11.7639],[7.3047,11.7571],[7.3284,11.7213],[7.3286,11.667],[7.3206,11.6312],[7.3348,11.6116],[7.3314,11.5992],[7.3309,11.579],[7.3155,11.5644],[7.3155,11.5564],[7.3295,11.5419],[7.3353,11.5226],[7.3533,11.5154],[7.3843,11.5196],[7.387,11.5131],[7.4056,11.5261],[7.4423,11.5311],[7.4562,11.5393],[7.4881,11.5255],[7.4961,11.5173],[7.5047,11.4931],[7.4931,11.4688],[7.5049,11.4538],[7.5134,11.4491],[7.5282,11.4651],[7.5566,11.4871],[7.5767,11.5347],[7.5747,11.5578],[7.5804,11.5678],[7.6133,11.5798],[7.6234,11.5905],[7.622,11.613],[7.6106,11.6273],[7.5902,11.6366],[7.5529,11.6371],[7.5357,11.6414],[7.5322,11.649],[7.5392,11.6733],[7.5384,11.6865],[7.5286,11.6779],[7.511,11.6721],[7.4885,11.6882],[7.4826,11.7055],[7.4601,11.7262],[7.4542,11.7366],[7.4282,11.7481],[7.4117,11.7723],[7.404,11.7964]]]},"properties":{"lga_pcode":"NG021001","lga_name":"Bakori","state_pcode":"NG021","state_name":"Katsina"}},
{"type":"Feature","geometry":{"type":"Polygon","coordinates":[[[5.885,12.3552],[5.885,12.3629],[5.875,12.3922],[5.8801,12.4164],[5.8939,12.4272],[5.9174,12.4547],[5.9291,12.4752],[5.9545,12.5016],[5.9603,12.5026],[5.9837,12.5227],[6.0055,12.572],[6.0306,12.5946],[6.0398,12.598],[6.0705,12.642],[6.0949,12.6544],[6.0996,12.6634],[6.0802,12.6935],[6.0706,12.722],[6.0455,12.7541],[6.0357,12.7424],[6.021,12.7368],[6.0042,12.7424],[5.9874,12.7543],[5.9671,12.7613],[5.951,12.7627],[5.923,12.7711],[5.895,12.7872],[5.8782,12.804],[5.853,12.8194],[5.8376,12.8341],[5.8131,12.8397],[5.7409,12.8233],[5.7052,12.802],[5.6894,12.7651],[5.6851,12.7313],[5.6858,12.7137],[5.7054,12.6521],[5.7285,12.5905],[5.7333,12.5604],[5.7452,12.531],[5.7528,12.5064],[5.751,12.4698],[5.754,12.465],[5.7648,12.4239],[5.759,12.3434],[5.7418,12.3324],[5.7438,12.3255],[5.7372,12.304],[5.7516,12.2926],[5.7695,12.283],[5.7853,12.2792],[5.817,12.2805],[5.8297,12.2942],[5.8522,12.3314],[5.8553,12.3434],[5.885,12.3552]]]},"properties":{"lga_pcode":"NG037002","lga_name":"Bakura","state_pcode":"NG037","state_name":"Zamfara"}},
{"type":"Feature","geometry":{"type":"Polygon","coordinates":[[[11.8286,10.0539],[11.8162,10.0535],[11.8003,10.0618],[11.7826,10.0776],[11.7476,10.0849],[11.7164,10.0836],[11.6838,10.0869],[11.6323,10.0793],[11.6151,10.0726],[11.5887,10.0575],[11.5654,10.0331],[11.5389,10.0189],[11.554,9.9861],[11.5602,9.9235],[11.5756,9.8691],[11.578,9.8484],[11.5788,9.809],[11.5748,9.7787],[11.5699,9.7641],[11.5669,9.7397],[11.5379,9.7013],[11.4883,9.6978],[11.4546,9.6999],[11.4265,9.6873],[11.3889,9.6472],[11.3792,9.6232],[11.3771,9.6151],[11.3693,9.5475],[11.4057,9.5445],[11.4296,9.5496],[11.4419,9.5604],[11.4445,9.5762],[11.468,9.5985],[11.5017,9.6075],[11.5273,9.6082],[11.563,9.6051],[11.5989,9.6096],[11.6151,9.6153],[11.636,9.629],[11.6546,9.6369],[11.6639,9.6484],[11.6836,9.6632],[11.6964,9.6689],[11.7173,9.684],[11.7595,9.6973],[11.774,9.7084],[11.7847,9.7292],[11.8014,9.7365],[11.8171,9.7627],[11.8358,9.7727],[11.8509,9.7864],[11.8579,9.7978],[11.8533,9.8184],[11.8407,9.8413],[11.8361,9.8585],[11.8397,9.8837],[11.8467,9.8974],[11.855,9.9271],[11.8506,9.9855],[11.8553,10.0049],[11.8439,10.0347],[11.8434,10.0446],[11.8286,10.0539]]]},"properties":{"lga_pcode":"NG016002","lga_name":"Balanga","state_pcode":"NG016","state_name":"Gombe"}},
{"type":"Feature","geometry":{"type":"Polygon","coordinates":[[[11.1104,8.6314],[11.0957,8.6058],[11.0884,8.5778],[11.0758,8.5565],[11.0714,8.5407],[11.0308,8.4939],[11.0128,8.4775],[10.9828,8.4606],[10.9746,8.4533],[10.9192,8.4301],[10.9061,8.4174],[10.8949,8.3996],[10.8625,8.3618],[10.8427,8.3453],[10.8293,8.3395],[10.7961,8.3173],[10.772,8.285],[10.7521,8.272],[10.7157,8.2444],[10.6974,8.2332],[10.6826,8.2205],[10.6643,8.211],[10.6557,8.2106],[10.6374,8.1994],[10.5548,8.1369],[10.5354,8.1118],[10.5143,8.0883],[10.5043,8.0827],[10.4416,8.0332],[10.4222,8.0098],[10.394,7.9912],[10.3892,7.9841],[10.3627,7.9656],[10.3424,7.9595],[10.3404,7.93],[10.3555,7.9012],[10.3596,7.8876],[10.3602,7.8375],[10.3644,7.8221],[10.3736,7.8086],[10.3761,7.7915],[10.3731,7.7827],[10.3763,7.7517],[10.3687,7.7323],[10.3694,7.7185],[10.3568,7.6954],[10.3266,7.682],[10.3152,7.6693],[10.3156,7.6607],[10.3287,7.6388],[10.3499,7.5896],[10.3592,7.5727],[10.3752,7.5613],[10.3882,7.5394],[10.4135,7.5129],[10.4398,7.5002],[10.45,7.5007],[10.5058,7.5153],[10.5353,7.5426],[10.5405,7.5428],[10.5618,7.5628],[10.5937,7.5746],[10.6152,7.5911],[10.6541,7.6015],[10.6843,7.615],[10.7041,7.6297],[10.7176,7.6338],[10.7383,7.6313],[10.7554,7.6172],[10.7712,7.6241],[10.7891,7.6396],[10.8121,7.6623],[10.8319,7.6787],[10.8706,7.6926],[10.887,7.7072],[10.8803,7.7397],[10.8813,7.7554],[10.8962,7.7664],[10.9182,7.7709],[10.94,7.7805],[10.9667,7.7955],[10.9764,7.8081],[11.0031,7.8577],[11.0338,7.8954],[11.0682,7.9281],[11.0778,7.9424],[11.1272,7.9844],[11.1724,8.0055],[11.2234,8.013],[11.2969,8.0163],[11.314,8.024],[11.3415,8.0187],[11.3497,8.0438],[11.3626,8.0644],[11.3719,8.0712],[11.3905,8.0929],[11.4079,8.1066],[11.4335,8.1317],[11.4776,8.1694],[11.5044,8.1945],[11.523,8.215],[11.5463,8.2459],[11.5661,8.2847],[11.5778,8.3042],[11.5895,8.3316],[11.6012,8.3522],[11.6221,8.3762],[11.6512,8.4264],[11.6745,8.4481],[11.6896,8.4572],[11.7302,8.4709],[11.7662,8.504],[11.7802,8.5142],[11.7964,8.5462],[11.7794,8.5978],[11.7798,8.6094],[11.7108,8.6335],[11.6982,8.645],[11.6754,8.6579],[11.6369,8.6734],[11.6076,8.6773],[11.577,8.6742],[11.5686,8.6704],[11.5311,8.6669],[11.4785,8.6559],[11.4331,8.64],[11.4059,8.6354],[11.3555,8.6158],[11.3318,8.6095],[11.3017,8.5943],[11.2864,8.5919],[11.2579,8.5785],[11.2343,8.5705],[11.2033,8.5743],[11.1806,8.5837],[11.149,8.6013],[11.1259,8.6176],[11.1104,8.6314]]]},"properties":{"lga_pcode":"NG035002","lga_name":"Bali","state_pcode":"NG035","state_name":"Taraba"}},
{"type":"Feature","geometry":{"type":"Polygon","coordinates":[[[14.583,11.7511],[14.5441,11.761],[14.5109,11.7627],[14.4653,11.7785],[14.4512,11.781],[14.4186,11.7948],[14.3819,11.8075],[14.3465,11.8271],[14.3162,11.8401],[14.3059,11.8498],[14.2875,11.844],[14.2553,11.838],[14.242,11.8292],[14.2172,11.8231],[14.1954,11.8148],[14.1559,11.8028],[14.1126,11.8044],[14.0972,11.7963],[14.0743,11.7749],[14.052,11.7448],[14.0503,11.7197],[14.0446,11.7143],[14.0089,11.7023],[13.991,11.7048],[13.9383,11.7033],[13.9221,11.7163],[13.9033,11.7216],[13.8673,11.7254],[13.855,11.7248],[13.833,11.7293],[13.8125,11.7397],[13.7627,11.7387],[13.7317,11.7295],[13.7226,11.7112],[13.7204,11.6777],[13.7153,11.6673],[13.6896,11.6518],[13.6746,11.6373],[13.6631,11.6137],[13.6613,11.6002],[13.666,11.5697],[13.6795,11.5509],[13.6802,11.5348],[13.6679,11.5154],[13.6441,11.5135],[13.6025,11.5267],[13.5913,11.527],[13.5394,11.5426],[13.5177,11.5415],[13.4963,11.5208],[13.4565,11.5078],[13.4402,11.4975],[13.4306,11.485],[13.4749,11.4623],[13.4965,11.4596],[13.5122,11.4615],[13.5378,11.4526],[13.5801,11.4285],[13.5978,11.4071],[13.6253,11.4076],[13.655,11.3994],[13.6739,11.3895],[13.7063,11.3685],[13.722,11.3532],[13.7437,11.32],[13.7682,11.2981],[13.7901,11.2893],[13.8043,11.2905],[13.8429,11.3003],[13.9185,11.3082],[13.942,11.3038],[13.9737,11.3013],[13.9906,11.3125],[14.0145,11.2996],[14.0274,11.2978],[14.0631,11.2867],[14.0782,11.267],[14.1014,11.2515],[14.1535,11.2403],[14.1687,11.2325],[14.1815,11.2386],[14.1855,11.2524],[14.2024,11.2723],[14.2513,11.3069],[14.2796,11.3241],[14.3104,11.335],[14.3451,11.3533],[14.3683,11.3731],[14.4299,11.4151],[14.4416,11.4305],[14.4465,11.4489],[14.4539,11.4618],[14.5012,11.4698],[14.5196,11.4753],[14.5585,11.4919],[14.5687,11.4994],[14.6019,11.5147],[14.6248,11.5361],[14.6404,11.5741],[14.6474,11.602],[14.6443,11.6074],[14.6396,11.6393],[14.6311,11.6532],[14.6179,11.6579],[14.6055,11.6726],[14.5729,11.692],[14.559,11.7052],[14.5535,11.7176],[14.5555,11.7292],[14.5676,11.7341],[14.583,11.7511]]]},"properties":{"lga_pcode":"NG008003","lga_name":"Bama","state_pcode":"NG008","state_name":"Borno"}},
{"type":"Feature","geometry":{"type":"Polygon","coordinates":[[[9.0871,9.6989],[9.0812,9.7024],[9.0348,9.7062],[9.0113,9.7148],[8.9932,9.7314],[8.9826,9.7521],[8.9779,9.7693],[8.9769,9.7905],[8.9708,9.7979],[8.973,9.8304],[8.958,9.8244],[8.951,9.8086],[8.9518,9.7913],[8.9473,9.7641],[8.9421,9.7523],[8.9086,9.7257],[8.8872,9.69],[8.8718,9.6468],[8.8766,9.6258],[8.8765,9.5872],[8.8622,9.5634],[8.8177,9.5247],[8.8102,9.5205],[8.8082,9.481],[8.7966,9.467],[8.7588,9.4539],[8.7521,9.4446],[8.7334,9.4322],[8.7303,9.4166],[8.7159,9.3947],[8.6956,9.3741],[8.6907,9.355],[8.6942,9.3223],[8.6981,9.3206],[8.7191,9.3234],[8.7435,9.3303],[8.7506,9.3462],[8.7566,9.3496],[8.7931,9.3499],[8.8613,9.3846],[8.8862,9.3949],[8.9111,9.4093],[8.9952,9.4477],[9.0051,9.4477],[9.0115,9.46],[9.0206,9.5127],[9.0442,9.5467],[9.0646,9.5691],[9.1096,9.5879],[9.1317,9.6101],[9.1388,9.6239],[9.138,9.6413],[9.1317,9.6526],[9.108,9.665],[9.0871,9.6989]]]},"properties":{"lga_pcode":"NG032001","lga_name":"Barikin Ladi","state_pcode":"NG032","state_name":"Plateau"}},
{"type":"Feature","geometry":{"type":"Polygon","coordinates":[[[3.8233,10.0543],[3.818,10.0668],[3.7991,10.0712],[3.7846,10.0625],[3.7802,10.0523],[3.7882,10.0384],[3.7751,10.0333],[3.7715,10.0472],[3.7503,10.0683],[3.7431,10.0843],[3.7365,10.0683],[3.7307,10.0683],[3.7154,10.0894],[3.7147,10.1018],[3.7074,10.1171],[3.7074,10.1433],[3.703,10.1527],[3.6885,10.1615],[3.6764,10.1786],[3.679,10.1666],[3.671,10.1258],[3.6601,10.1025],[3.6477,10.1025],[3.6258,10.0923],[3.6106,10.0646],[3.612,10.0231],[3.6069,9.97],[3.6004,9.954],[3.5632,9.9169],[3.564,9.8972],[3.5516,9.8805],[3.5268,9.8608],[3.4992,9.8557],[3.4679,9.8637],[3.4184,9.8499],[3.3536,9.8237],[3.3317,9.8026],[3.3237,9.78],[3.3244,9.7596],[3.3521,9.6984],[3.3485,9.6861],[3.3172,9.6599],[3.307,9.6577],[3.2888,9.6613],[3.2677,9.6577],[3.2567,9.6424],[3.2538,9.6133],[3.2502,9.6031],[3.2327,9.5747],[3.2109,9.547],[3.1912,9.5106],[3.1585,9.4939],[3.1461,9.48],[3.1315,9.4516],[3.1315,9.4371],[3.1446,9.3905],[3.1534,9.3694],[3.1512,9.3344],[3.1534,9.3046],[3.1585,9.2857],[3.1461,9.2682],[3.1293,9.2587],[3.1213,9.2391],[3.1206,9.1888],[3.1097,9.1641],[3.0944,9.1393],[3.0878,9.1029],[3.0784,9.0956],[3.0165,9.076],[2.9866,9.0716],[2.9648,9.0796],[2.9546,9.0913],[2.9124,9.0891],[2.8862,9.0767],[2.8782,9.0636],[2.8643,9.0629],[2.8279,9.0658],[2.7799,9.0651],[2.7835,9.0461],[2.7828,9.0148],[2.7792,8.9923],[2.7872,8.9631],[2.7719,8.9537],[2.7806,8.9435],[2.7704,8.9187],[2.7588,8.9064],[2.7719,8.8998],[2.7697,8.8707],[2.7595,8.8649],[2.7595,8.8212],[2.7624,8.8059],[2.7398,8.7979],[2.7296,8.7739],[2.7311,8.7622],[2.7471,8.7375],[2.7442,8.72],[2.7493,8.7018],[2.7377,8.6574],[2.75,8.637],[2.7504,8.5787],[2.7581,8.5612],[2.7612,8.5701],[2.7762,8.5904],[2.8024,8.6104],[2.8884,8.6088],[2.9207,8.6119],[2.9422,8.638],[3.0145,8.7103],[3.0514,8.7287],[3.1036,8.7502],[3.1636,8.8086],[3.1836,8.8117],[3.1974,8.7963],[3.2374,8.7825],[3.2819,8.804],[3.3388,8.8256],[3.388,8.8425],[3.4213,8.8634],[3.5248,8.9285],[3.6038,8.9601],[3.6555,8.9808],[3.6822,8.9942],[3.72,9.0131],[3.7431,9.0469],[3.7523,9.0869],[3.7538,9.1207],[3.7707,9.1468],[3.7953,9.1653],[3.8103,9.1735],[3.8106,9.2052],[3.8161,9.7046],[3.8199,10.0568],[3.8233,10.0543]]]},"properties":{"lga_pcode":"NG024002","lga_name":"Baruten","state_pcode":"NG024","state_name":"Kwara"}},
{"type":"Feature","geometry":{"type":"Polygon","coordinates":[[[6.7085,7.4859],[6.7544,7.4802],[6.7654,7.4682],[6.7745,7.452],[6.7851,7.4438],[6.8076,7.4448],[6.8132,7.453],[6.8157,7.4649],[6.8128,7.5152],[6.8191,7.5568],[6.8253,7.5822],[6.8411,7.6013],[6.8765,7.62],[6.9091,7.6243],[6.9388,7.6329],[6.965,7.6629],[6.9807,7.6926],[6.9882,7.6959],[7.0458,7.7005],[7.0669,7.7035],[7.0904,7.6973],[7.115,7.7029],[7.148,7.7254],[7.1806,7.7685],[7.1973,7.7809],[7.2175,7.7886],[7.2491,7.7948],[7.2878,7.8048],[7.3223,7.8235],[7.3467,7.8417],[7.3491,7.847],[7.3463,7.8748],[7.3506,7.9001],[7.3587,7.914],[7.3779,7.9356],[7.3965,7.9748],[7.4095,7.9897],[7.4181,8.0074],[7.4458,8.0449],[7.4045,8.043],[7.3932,8.0419],[7.3056,8.0256],[7.2538,8.015],[7.1959,7.993],[7.1179,7.959],[7.0728,7.9427],[7.0529,7.9323],[6.9947,7.9253],[6.9878,7.9095],[6.978,7.9016],[6.9636,7.8793],[6.9167,7.8646],[6.8496,7.8499],[6.8257,7.8333],[6.799,7.8232],[6.788,7.8113],[6.7694,7.8004],[6.7581,7.7524],[6.756,7.7356],[6.7526,7.7074],[6.7443,7.6706],[6.7352,7.6504],[6.7204,7.6375],[6.7094,7.6173],[6.6993,7.5897],[6.6993,7.5741],[6.7103,7.5383],[6.7131,7.5125],[6.7085,7.4859]]]},"properties":{"lga_pcode":"NG023004","lga_name":"Bassa","state_pcode":"NG023","state_name":"Kogi"}},
{"type":"Feature","geometry":{"type":"Polygon","coordinates":[[[8.8235,10.3833],[8.8089,10.3815],[8.7934,10.3847],[8.7734,10.3951],[8.7765,10.3752],[8.7961,10.3525],[8.7974,10.3257],[8.7826,10.2915],[8.7678,10.2848],[8.7364,10.275],[8.703,10.2552],[8.6549,10.2125],[8.646,10.1966],[8.6473,10.1697],[8.644,10.1579],[8.633,10.1439],[8.6282,10.1244],[8.6311,10.1033],[8.6451,10.0904],[8.6498,10.0732],[8.6684,10.0451],[8.6748,10.0319],[8.6799,10.0051],[8.673,9.9874],[8.6522,9.9788],[8.6246,9.977],[8.6177,9.9753],[8.6108,9.9576],[8.6229,9.9466],[8.6332,9.9316],[8.6359,9.9163],[8.6196,9.8924],[8.6181,9.8827],[8.6288,9.86],[8.6322,9.7877],[8.6372,9.7663],[8.6204,9.7515],[8.6155,9.7424],[8.6286,9.734],[8.6532,9.7359],[8.6984,9.7337],[8.6956,9.7511],[8.7202,9.756],[8.7393,9.7567],[8.762,9.7799],[8.7724,9.8286],[8.7737,9.8518],[8.7823,9.8726],[8.8013,9.8823],[8.8015,9.9082],[8.7996,9.9177],[8.8139,9.9384],[8.8295,9.967],[8.8511,9.995],[8.8685,10.0131],[8.8992,10.0221],[8.9486,10.0286],[8.9564,10.0338],[8.961,10.0523],[8.9636,10.0795],[8.9744,10.1379],[8.9718,10.1513],[8.9771,10.1611],[8.9782,10.1805],[8.9739,10.19],[8.9303,10.215],[8.9314,10.2421],[8.9364,10.2501],[8.9356,10.2674],[8.9539,10.2895],[8.9549,10.3088],[8.9487,10.3182],[8.9357,10.3485],[8.8987,10.3582],[8.8702,10.3576],[8.8504,10.3706],[8.8235,10.3833]]]},"properties":{"lga_pcode":"NG032002","lga_name":"Bassa","state_pcode":"NG032","state_name":"Plateau"}},
{"type":"Feature","geometry":{"type":"Polygon","coordinates":[[[7.5707,12.733],[7.5741,12.7448],[7.5854,12.762],[7.6149,12.7929],[7.6366,12.8059],[7.6565,12.8308],[7.6547,12.865],[7.6554,12.8884],[7.6728,12.9106],[7.6871,12.9395],[7.6946,12.9488],[7.7395,12.9538],[7.7557,12.9729],[7.7576,12.9834],[7.7504,12.9988],[7.74,13.0023],[7.7175,13.001],[7.7117,13.0155],[7.7281,13.034],[7.7248,13.0482],[7.7174,13.0444],[7.7081,13.0294],[7.6938,13.0238],[7.6799,13.0188],[7.6604,12.9904],[7.6461,12.981],[7.6179,12.9414],[7.6074,12.9379],[7.5912,12.9472],[7.5595,12.9573],[7.5554,12.9738],[7.5053,12.9554],[7.4842,12.9388],[7.4533,12.9341],[7.4473,12.9155],[7.4215,12.8989],[7.4054,12.8982],[7.4072,12.8734],[7.4151,12.8548],[7.4308,12.8521],[7.4456,12.8582],[7.4753,12.8566],[7.4963,12.8233],[7.5271,12.7515],[7.5246,12.7232],[7.5281,12.713],[7.5449,12.7184],[7.5587,12.702],[7.5707,12.733]]]},"properties":{"lga_pcode":"NG021002","lga_name":"Batagarawa","state_pcode":"NG021","state_name":"Katsina"}},
{"type":"Feature","geometry":{"type":"Polygon","coordinates":[[[7.4054,12.8982],[7.3811,12.9042],[7.3894,12.9538],[7.385,12.9778],[7.3762,12.9915],[7.3256,12.9989],[7.2692,12.9994],[7.2187,13.0201],[7.2105,13.009],[7.1958,12.9983],[7.168,12.9854],[7.1804,12.9469],[7.2048,12.9325],[7.211,12.9162],[7.212,12.8965],[7.2055,12.8855],[7.1934,12.8942],[7.1545,12.9149],[7.1322,12.9091],[7.1194,12.8756],[7.0973,12.8339],[7.0844,12.8131],[7.0551,12.7969],[7.0284,12.788],[7.0313,12.7505],[7.0419,12.6928],[7.0427,12.6659],[7.0472,12.6377],[7.0544,12.6344],[7.077,12.6434],[7.0852,12.6422],[7.1099,12.6504],[7.1251,12.6596],[7.1357,12.6574],[7.1637,12.663],[7.1765,12.6712],[7.1852,12.6824],[7.1982,12.6833],[7.2304,12.692],[7.2434,12.6998],[7.2626,12.7058],[7.2765,12.6999],[7.2905,12.682],[7.3036,12.6769],[7.3306,12.6796],[7.3851,12.6672],[7.3937,12.6715],[7.4062,12.6799],[7.4,12.7416],[7.4007,12.7818],[7.424,12.8256],[7.4151,12.8548],[7.4072,12.8734],[7.4054,12.8982]]]},"properties":{"lga_pcode":"NG021003","lga_name":"Batsari","state_pcode":"NG021","state_name":"Katsina"}},
{"type":"Feature","geometry":{"type":"Polygon","coordinates":[[[10.2735,10.2686],[10.2759,10.2781],[10.2758,10.3125],[10.2614,10.398],[10.2532,10.4272],[10.2395,10.449],[10.2143,10.4789],[10.1773,10.469],[10.1468,10.4716],[10.128,10.4684],[10.0973,10.4596],[10.075,10.4564],[10.0291,10.4432],[9.9936,10.4252],[9.983,10.4173],[9.9299,10.3984],[9.904,10.3872],[9.8934,10.3908],[9.8725,10.4071],[9.8449,10.4686],[9.8324,10.5021],[9.8255,10.5137],[9.808,10.5312],[9.7839,10.547],[9.7434,10.5813],[9.7268,10.593],[9.7118,10.5988],[9.6584,10.6003],[9.637,10.5993],[9.6079,10.5894],[9.6134,10.5803],[9.6288,10.5246],[9.6302,10.5058],[9.6518,10.4464],[9.6517,10.3873],[9.6475,10.3466],[9.6508,10.3259],[9.6495,10.2939],[9.6445,10.2793],[9.6385,10.2477],[9.6422,10.233],[9.6478,10.2271],[9.6545,10.2014],[9.6508,10.1572],[9.6466,10.1408],[9.6322,10.121],[9.6332,10.1003],[9.6483,10.0863],[9.661,10.07],[9.6964,10.0333],[9.7138,9.9784],[9.7459,9.972],[9.7734,9.9638],[9.795,9.9533],[9.8351,9.915],[9.8468,9.9107],[9.8826,9.9188],[9.8991,9.9149],[9.9551,9.8912],[9.9723,9.9623],[9.9796,9.983],[9.9822,10.006],[9.9882,10.0255],[10.0073,10.0471],[10.0179,10.0551],[10.0344,10.0606],[10.0684,10.059],[10.0943,10.061],[10.1107,10.0574],[10.1436,10.0558],[10.1693,10.0497],[10.1939,10.0413],[10.2315,10.0397],[10.2409,10.0373],[10.2609,10.0451],[10.2704,10.0576],[10.2613,10.0831],[10.2603,10.1015],[10.2727,10.1601],[10.2779,10.2096],[10.2769,10.2269],[10.2713,10.2489],[10.2735,10.2686]]]},"properties":{"lga_pcode":"NG005002","lga_name":"Bauchi","state_pcode":"NG005","state_name":"Bauchi"}},
{"type":"Feature","geometry":{"type":"Polygon","coordinates":[[[9.0371,12.8145],[9.0497,12.8252],[9.0452,12.8372],[8.9906,12.839],[8.967,12.8329],[8.9227,12.8504],[8.8854,12.8603],[8.867,12.8695],[8.8487,12.8718],[8.8068,12.8878],[8.7885,12.8908],[8.7832,12.8962],[8.7572,12.9008],[8.7221,12.9137],[8.7098,12.9138],[8.7253,12.8723],[8.7183,12.8539],[8.703,12.8538],[8.6878,12.8492],[8.6642,12.8514],[8.6465,12.8736],[8.6298,12.8779],[8.5967,12.8779],[8.56,12.8662],[8.547,12.8534],[8.5366,12.8341],[8.5567,12.8299],[8.5908,12.8117],[8.6003,12.7864],[8.5957,12.7667],[8.6097,12.7531],[8.6074,12.7404],[8.6121,12.7335],[8.6509,12.7303],[8.6771,12.7052],[8.6942,12.6909],[8.7016,12.703],[8.715,12.6982],[8.7267,12.6876],[8.7328,12.6778],[8.7561,12.6754],[8.7763,12.688],[8.7927,12.6759],[8.808,12.6798],[8.8154,12.6905],[8.8298,12.6929],[8.8471,12.6822],[8.8718,12.6876],[8.9025,12.7032],[8.9139,12.7051],[8.9431,12.7323],[8.9478,12.7462],[8.9569,12.7559],[8.9676,12.7913],[8.9704,12.8102],[8.9808,12.8196],[9.0371,12.8145]]]},"properties":{"lga_pcode":"NG021004","lga_name":"Baure","state_pcode":"NG021","state_name":"Katsina"}},
{"type":"Feature","geometry":{"type":"Polygon","coordinates":[[[11.8077,10.6191],[11.8014,10.6387],[11.8016,10.6496],[11.8168,10.6773],[11.8221,10.6987],[11.8145,10.7123],[11.806,10.7128],[11.7882,10.7019],[11.7747,10.6821],[11.7683,10.6803],[11.7539,10.6721],[11.7315,10.6531],[11.7169,10.6374],[11.6856,10.6202],[11.6402,10.609],[11.6391,10.5621],[11.6488,10.5432],[11.6502,10.5293],[11.6404,10.5001],[11.6359,10.4657],[11.6355,10.3946],[11.602,10.3566],[11.5435,10.3261],[11.5334,10.3051],[11.5653,10.2874],[11.5829,10.2493],[11.5891,10.2249],[11.6013,10.2081],[11.6637,10.1959],[11.6853,10.1819],[11.7208,10.1974],[11.7304,10.2096],[11.7553,10.2298],[11.7786,10.2309],[11.7894,10.2432],[11.7961,10.2578],[11.8102,10.2725],[11.818,10.2869],[11.8066,10.3104],[11.8066,10.344],[11.8132,10.3732],[11.8112,10.3825],[11.7919,10.4101],[11.7734,10.4491],[11.761,10.5145],[11.7602,10.5295],[11.7636,10.5662],[11.771,10.5795],[11.7854,10.5916],[11.7963,10.6111],[11.8077,10.6191]]]},"properties":{"lga_pcode":"NG008004","lga_name":"Bayo","state_pcode":"NG008","state_name":"Borno"}},
{"type":"Feature","geometry":{"type":"Polygon","coordinates":[[[8.3184,11.7145],[8.3139,11.7212],[8.3011,11.7231],[8.2926,11.731],[8.2797,11.7132],[8.2423,11.7165],[8.2341,11.7098],[8.2464,11.691],[8.2531,11.6608],[8.2246,11.6099],[8.2252,11.5913],[8.2318,11.5717],[8.2267,11.5494],[8.2297,11.532],[8.2192,11.4978],[8.2063,11.4659],[8.2026,11.4402],[8.2083,11.4089],[8.2171,11.3917],[8.2379,11.3621],[8.2547,11.3498],[8.2782,11.3436],[8.3014,11.3301],[8.3084,11.3407],[8.3422,11.344],[8.364,11.3557],[8.3729,11.3688],[8.4002,11.3872],[8.4149,11.4005],[8.4181,11.4101],[8.4187,11.4239],[8.4122,11.4435],[8.4116,11.461],[8.4249,11.4812],[8.4297,11.5094],[8.4226,11.5476],[8.4206,11.5708],[8.4016,11.5819],[8.3632,11.6121],[8.3462,11.6325],[8.3297,11.6704],[8.3184,11.7145]]]},"properties":{"lga_pcode":"NG020004","lga_name":"Bebeji","state_pcode":"NG020","state_name":"Kano"}},
{"type":"Feature","geometry":{"type":"Polygon","coordinates":[[[8.943,6.8105],[8.9294,6.8204],[8.883,6.7597],[8.8753,6.7521],[8.8602,6.7468],[8.8374,6.725],[8.8153,6.7131],[8.8298,6.6636],[8.8388,6.6429],[8.843,6.6038],[8.8532,6.5934],[8.8923,6.5917],[8.908,6.598],[8.9189,6.6115],[8.9333,6.6158],[8.9653,6.634],[8.9723,6.6431],[8.9712,6.6558],[8.992,6.6924],[8.9703,6.6914],[8.9704,6.704],[8.9914,6.7466],[9.0075,6.7578],[8.9949,6.7766],[8.9773,6.786],[8.943,6.8105]]]},"properties":{"lga_pcode":"NG009006","lga_name":"Bekwara","state_pcode":"NG009","state_name":"Cross River"}},
{"type":"Feature","geometry":{"type":"Polygon","coordinates":[[[7.684,5.8223],[7.65,5.8245],[7.6262,5.8341],[7.5955,5.8344],[7.5667,5.8439],[7.5519,5.8435],[7.5456,5.8124],[7.5515,5.7893],[7.5643,5.7751],[7.5682,5.7613],[7.5687,5.7388],[7.5622,5.704],[7.5494,5.7131],[7.5285,5.7142],[7.4662,5.6995],[7.4775,5.6747],[7.4744,5.6663],[7.4531,5.6552],[7.4576,5.6345],[7.4654,5.6272],[7.4819,5.6328],[7.503,5.6337],[7.5147,5.6127],[7.5501,5.5886],[7.5716,5.5788],[7.58,5.5666],[7.581,5.5273],[7.5776,5.5119],[7.5942,5.5067],[7.6068,5.5076],[7.6235,5.4962],[7.6282,5.4803],[7.6512,5.4404],[7.6678,5.4474],[7.6782,5.44],[7.7006,5.4356],[7.7041,5.4864],[7.6913,5.5019],[7.6959,5.5183],[7.6821,5.5298],[7.6521,5.5635],[7.6414,5.5787],[7.6342,5.6014],[7.6394,5.6096],[7.6569,5.6207],[7.6738,5.6231],[7.6793,5.6303],[7.6813,5.649],[7.6693,5.6551],[7.6562,5.6678],[7.6568,5.6782],[7.6659,5.6953],[7.6927,5.735],[7.7006,5.7415],[7.7093,5.7574],[7.7149,5.8032],[7.7131,5.818],[7.684,5.8223]]]},"properties":{"lga_pcode":"NG001004","lga_name":"Bende","state_pcode":"NG001","state_name":"Abia"}},
{"type":"Feature","geometry":{"type":"Polygon","coordinates":[[[7.9701,5.7683],[7.9514,5.7751],[7.9209,5.7601],[7.9131,5.7411],[7.9116,5.7255],[7.9048,5.7151],[7.8866,5.7001],[7.8901,5.6848],[7.9154,5.6554],[7.9122,5.6095],[7.902,5.5974],[7.91,5.5881],[7.9046,5.5687],[7.9079,5.5358],[7.9149,5.5209],[7.932,5.5232],[7.9993,5.5236],[8.0108,5.5202],[8.02,5.5041],[8.0134,5.4831],[8.0152,5.4628],[8.0283,5.4358],[8.0422,5.4237],[8.0387,5.3904],[8.0264,5.3513],[8.0254,5.3145],[8.0357,5.3042],[8.0837,5.2895],[8.1077,5.2804],[8.1397,5.2874],[8.1545,5.2875],[8.1739,5.2956],[8.1875,5.3083],[8.1954,5.3291],[8.2177,5.3619],[8.2151,5.404],[8.2268,5.4125],[8.2522,5.4381],[8.2393,5.4591],[8.222,5.4981],[8.214,5.5108],[8.1944,5.552],[8.1851,5.5842],[8.1702,5.6106],[8.1563,5.653],[8.1571,5.6623],[8.1425,5.6679],[8.131,5.6782],[8.1218,5.7023],[8.092,5.7286],[8.0656,5.7629],[8.0496,5.7997],[8.038,5.8065],[8.022,5.8099],[8.014,5.8064],[8.0056,5.7931],[7.9963,5.7893],[7.9839,5.7707],[7.9701,5.7683]]]},"properties":{"lga_pcode":"NG009007","lga_name":"Biase","state_pcode":"NG009","state_name":"Cross River"}},
{"type":"Feature","geometry":{"type":"Polygon","coordinates":[[[8.2002,12.171],[8.2208,12.1684],[8.2333,12.1626],[8.2452,12.1407],[8.2647,12.1512],[8.2746,12.1476],[8.2894,12.1497],[8.3,12.1829],[8.3165,12.1875],[8.3501,12.186],[8.3686,12.2069],[8.3939,12.2288],[8.4093,12.2537],[8.4295,12.2588],[8.4422,12.2423],[8.4641,12.2411],[8.4757,12.2463],[8.4767,12.2777],[8.4709,12.3066],[8.4368,12.3396],[8.4198,12.3467],[8.3805,12.3492],[8.3562,12.3573],[8.3346,12.3379],[8.3212,12.3343],[8.2928,12.3445],[8.2824,12.3414],[8.2556,12.3423],[8.2484,12.3459],[8.2447,12.3627],[8.2364,12.3713],[8.2272,12.3545],[8.1882,12.3458],[8.1856,12.3578],[8.1634,12.3671],[8.1592,12.4021],[8.1454,12.4235],[8.1314,12.4108],[8.1058,12.4036],[8.1139,12.3765],[8.0865,12.3583],[8.0821,12.3512],[8.0899,12.315],[8.109,12.308],[8.1222,12.2953],[8.1373,12.2725],[8.1347,12.2567],[8.1265,12.246],[8.1213,12.2298],[8.1199,12.2038],[8.1221,12.1958],[8.1455,12.2041],[8.1729,12.2019],[8.1911,12.1863],[8.2002,12.171]]]},"properties":{"lga_pcode":"NG020005","lga_name":"Bichi","state_pcode":"NG020","state_name":"Kano"}},
{"type":"Feature","geometry":{"type":"Polygon","coordinates":[[[6.055,9.1117],[6.027,9.1375],[5.9953,9.1243],[5.9745,9.0871],[5.9725,9.0678],[6.0164,9.0589],[6.0259,9.0612],[6.0427,9.0735],[6.0497,9.1009],[6.055,9.1117]]]},"properties":{"lga_pcode":"NG027003","lga_name":"Bida","state_pcode":"NG027","state_name":"Niger"}},
{"type":"Feature","geometry":{"type":"Polygon","coordinates":[[[10.9501,9.8054],[10.9513,9.7889],[10.9604,9.7749],[10.9612,9.7658],[10.9498,9.7362],[10.9501,9.6952],[10.974,9.6933],[11.0032,9.6963],[11.0233,9.6882],[11.0624,9.6781],[11.0873,9.6748],[11.1085,9.6818],[11.1194,9.6941],[11.142,9.7319],[11.1986,9.7538],[11.2178,9.7767],[11.2398,9.8221],[11.2413,9.8336],[11.2442,9.9178],[11.249,9.9353],[11.2593,9.9506],[11.2708,9.9677],[11.2775,9.9891],[11.2745,10.002],[11.2508,10.0036],[11.1855,10.004],[11.1594,9.9936],[11.1257,9.9698],[11.0834,9.9489],[11.0736,9.933],[11.0685,9.8951],[11.0537,9.8716],[11.0265,9.8485],[11.0043,9.8385],[10.9857,9.8136],[10.9501,9.8054]]]},"properties":{"lga_pcode":"NG016003","lga_name":"Billiri","state_pcode":"NG016","state_name":"Gombe"}},
{"type":"Feature","geometry":{"type":"Polygon","coordinates":[[[7.9708,12.7429],[7.9805,12.7561],[7.9955,12.7678],[8.0047,12.7794],[8.0223,12.8441],[8.0176,12.8537],[7.992,12.8472],[7.9605,12.8517],[7.948,12.8484],[7.9271,12.8251],[7.9058,12.8262],[7.8833,12.8162],[7.8605,12.8],[7.841,12.8022],[7.8208,12.7972],[7.8094,12.8144],[7.7876,12.8073],[7.7829,12.7851],[7.7892,12.7569],[7.7793,12.752],[7.7812,12.7385],[7.7919,12.7219],[7.7941,12.7009],[7.7817,12.6893],[7.7736,12.6666],[7.7874,12.6587],[7.7981,12.6462],[7.8006,12.6327],[7.8159,12.622],[7.8312,12.6209],[7.8583,12.6128],[7.8971,12.6095],[7.8983,12.6025],[7.9337,12.5864],[7.9404,12.5781],[7.9505,12.5922],[7.9561,12.5888],[7.962,12.5703],[7.9762,12.5681],[7.9869,12.5787],[7.9843,12.5886],[7.9955,12.5991],[7.9942,12.6157],[7.9811,12.6193],[7.9642,12.6316],[7.956,12.6469],[7.9547,12.669],[7.9615,12.7034],[7.9589,12.7224],[7.9383,12.7254],[7.9289,12.7469],[7.935,12.7599],[7.9553,12.747],[7.9708,12.7429]]]},"properties":{"lga_pcode":"NG021005","lga_name":"Bindawa","state_pcode":"NG021","state_name":"Katsina"}},
{"type":"Feature","geometry":{"type":"Polygon","coordinates":[[[4.5525,13.1153],[4.5705,13.1051],[4.6189,13.0918],[4.6298,13.0989],[4.6548,13.1473],[4.6704,13.166],[4.6852,13.1699],[4.7028,13.1669],[4.7084,13.1561],[4.7006,13.1244],[4.6919,13.1061],[4.6856,13.0677],[4.7063,13.0836],[4.7164,13.0932],[4.7629,13.1099],[4.8174,13.1134],[4.8278,13.1182],[4.8826,13.1151],[4.9002,13.1019],[4.9408,13.0761],[4.9634,13.0825],[4.9527,13.1082],[4.9585,13.1169],[5.0088,13.1461],[5.0476,13.158],[5.0582,13.1667],[5.0342,13.169],[5.0053,13.1937],[4.9785,13.2206],[4.9712,13.2347],[4.9553,13.2534],[4.9552,13.2675],[4.9622,13.2853],[4.9067,13.3048],[4.8598,13.3066],[4.8406,13.2981],[4.8114,13.2924],[4.7521,13.2976],[4.7201,13.3024],[4.7164,13.2766],[4.7005,13.2493],[4.636,13.2179],[4.5989,13.2033],[4.5584,13.1733],[4.5229,13.1405],[4.5416,13.1285],[4.5525,13.1153]]]},"properties":{"lga_pcode":"NG034001","lga_name":"Binji","state_pcode":"NG034","state_name":"Sokoto"}},
{"type":"Feature","geometry":{"type":"Polygon","coordinates":[[[10.2548,13.0121],[10.24,13.0145],[10.23,13.0106],[10.2179,13.0197],[10.2006,13.0192],[10.1776,13.0071],[10.1471,12.9871],[10.1074,12.9944],[10.0844,12.9878],[10.0705,12.9803],[10.0083,12.9683],[9.9753,12.9503],[9.9528,12.9493],[9.9398,12.939],[9.9065,12.8734],[9.8926,12.8548],[9.8741,12.8373],[9.8333,12.8218],[9.7998,12.8145],[9.7581,12.8094],[9.772,12.7904],[9.818,12.7353],[9.8228,12.7138],[9.8567,12.6732],[9.8737,12.6362],[9.8793,12.6301],[9.9028,12.634],[9.9432,12.63],[9.9764,12.6347],[10.0364,12.6552],[10.0599,12.671],[10.0766,12.6969],[10.0936,12.7016],[10.1041,12.6952],[10.1057,12.6753],[10.1648,12.6934],[10.1885,12.704],[10.1951,12.711],[10.2077,12.7388],[10.2158,12.7447],[10.2272,12.7437],[10.2492,12.7282],[10.2751,12.7456],[10.3085,12.7813],[10.356,12.7839],[10.3523,12.8003],[10.3426,12.8106],[10.3401,12.8372],[10.3345,12.8588],[10.299,12.847],[10.2722,12.8409],[10.2522,12.8441],[10.2475,12.851],[10.2534,12.861],[10.274,12.8674],[10.2767,12.8753],[10.2716,12.8997],[10.2817,12.9332],[10.2779,12.9654],[10.2535,13.006],[10.2548,13.0121]]]},"properties":{"lga_pcode":"NG018003","lga_name":"Biriniwa","state_pcode":"NG018","state_name":"Jigawa"}},
{"type":"Feature","geometry":{"type":"Polygon","coordinates":[[[9.6403,11.3568],[9.6447,11.3791],[9.641,11.3975],[9.6479,11.4137],[9.6418,11.4344],[9.652,11.4644],[9.6441,11.4818],[9.6465,11.4937],[9.6393,11.5224],[9.6354,11.5702],[9.6265,11.5901],[9.6403,11.606],[9.6631,11.6384],[9.6582,11.6545],[9.6616,11.6683],[9.6658,11.7098],[9.6644,11.7294],[9.6609,11.7294],[9.5956,11.7101],[9.5641,11.6936],[9.5327,11.6737],[9.4619,11.6199],[9.4422,11.5954],[9.3981,11.5546],[9.383,11.5487],[9.3549,11.5495],[9.342,11.5459],[9.3328,11.5365],[9.3236,11.5123],[9.3015,11.5062],[9.2794,11.491],[9.2502,11.4803],[9.228,11.4766],[9.2222,11.4684],[9.2191,11.4327],[9.1996,11.391],[9.1928,11.3691],[9.1935,11.3509],[9.2249,11.3658],[9.2391,11.3691],[9.279,11.372],[9.3131,11.3693],[9.3493,11.3504],[9.3688,11.3423],[9.4017,11.3232],[9.4241,11.3131],[9.4466,11.3079],[9.4663,11.3079],[9.5,11.3348],[9.528,11.3409],[9.5468,11.3388],[9.5704,11.3241],[9.5764,11.3035],[9.5768,11.2724],[9.5823,11.2597],[9.5956,11.2599],[9.625,11.2525],[9.6496,11.2537],[9.6491,11.294],[9.6431,11.3135],[9.6403,11.3568]]]},"properties":{"lga_pcode":"NG018004","lga_name":"Birni Kudu","state_pcode":"NG018","state_name":"Jigawa"}},
{"type":"Feature","geometry":{"type":"Polygon","coordinates":[[[7.2176,11.1705],[7.2062,11.1616],[7.1921,11.1569],[7.1863,11.1499],[7.1581,11.1382],[7.1464,11.1416],[7.1276,11.1622],[7.0958,11.1919],[7.0958,11.1965],[7.0734,11.2148],[7.0441,11.2296],[7.0359,11.2272],[7.0041,11.2466],[6.9736,11.2417],[6.9689,11.2498],[6.9783,11.2637],[7.0087,11.2938],[7.0216,11.3147],[7.0239,11.3366],[7.0132,11.3572],[7.0062,11.3618],[6.9757,11.357],[6.9616,11.358],[6.9404,11.3729],[6.9193,11.3831],[6.8937,11.3799],[6.8886,11.3807],[6.8747,11.3645],[6.8642,11.3401],[6.8552,11.3368],[6.8479,11.3254],[6.8284,11.3075],[6.8162,11.31],[6.8086,11.3002],[6.7835,11.2812],[6.7611,11.269],[6.7455,11.2433],[6.7435,11.2168],[6.733,11.2019],[6.7425,11.1745],[6.7316,11.1612],[6.7296,11.1436],[6.714,11.1313],[6.7079,11.1144],[6.716,11.1062],[6.7065,11.0954],[6.6869,11.0906],[6.6916,11.073],[6.676,11.0574],[6.6679,11.0622],[6.6455,11.0486],[6.6068,11.0472],[6.5953,11.0411],[6.5756,11.0235],[6.5485,11.0282],[6.5173,11.0262],[6.5078,11.0133],[6.4868,11.0201],[6.4718,11.0215],[6.4637,11.0011],[6.4468,11.0038],[6.4393,10.9984],[6.42,11.0141],[6.4115,11.0303],[6.3925,11.0337],[6.3749,11.031],[6.3639,11.02],[6.3457,11.0235],[6.3226,11.0174],[6.3091,11.0093],[6.2826,10.9774],[6.2772,10.9658],[6.2636,10.9658],[6.2453,10.9482],[6.2338,10.9455],[6.2283,10.919],[6.2236,10.9109],[6.2263,10.8953],[6.2175,10.8885],[6.2012,10.8634],[6.189,10.8716],[6.1613,10.8661],[6.1546,10.8554],[6.1371,10.852],[6.1227,10.8448],[6.1311,10.824],[6.1211,10.8143],[6.1082,10.8135],[6.1106,10.7966],[6.0994,10.7709],[6.1082,10.7597],[6.113,10.7396],[6.1034,10.7187],[6.0914,10.7083],[6.0914,10.7002],[6.1114,10.6954],[6.1187,10.6842],[6.1355,10.6777],[6.1371,10.6697],[6.1251,10.6496],[6.1203,10.6271],[6.113,10.6127],[6.1146,10.599],[6.1275,10.5934],[6.1275,10.5693],[6.1211,10.5532],[6.1074,10.5468],[6.093,10.546],[6.0914,10.5227],[6.0865,10.5155],[6.0897,10.4753],[6.105,10.4569],[6.1323,10.4641],[6.1492,10.4504],[6.1541,10.41],[6.1685,10.3838],[6.2014,10.387],[6.2169,10.3947],[6.2287,10.4175],[6.2496,10.4215],[6.2544,10.4432],[6.2632,10.4569],[6.2986,10.4705],[6.3066,10.489],[6.3259,10.5051],[6.3701,10.5324],[6.3901,10.5548],[6.3966,10.5725],[6.4182,10.5765],[6.4391,10.5926],[6.4504,10.595],[6.4937,10.6143],[6.5138,10.6054],[6.5243,10.595],[6.5216,10.5728],[6.5323,10.5532],[6.5403,10.5452],[6.5561,10.5469],[6.5741,10.5573],[6.5869,10.5741],[6.6471,10.5934],[6.6809,10.5894],[6.6962,10.591],[6.7098,10.5875],[6.7259,10.5894],[6.7315,10.5966],[6.7243,10.6175],[6.7138,10.6344],[6.7291,10.6488],[6.7444,10.6922],[6.7726,10.7425],[6.7882,10.7802],[6.8024,10.7959],[6.8293,10.7898],[6.885,10.7416],[6.9074,10.7042],[6.9424,10.6668],[7.0011,10.6421],[7.0107,10.6327],[7.0535,10.6126],[7.1301,10.5907],[7.169,10.5873],[7.1835,10.5982],[7.1802,10.6192],[7.1547,10.6428],[7.1537,10.6478],[7.1498,10.6663],[7.1561,10.6789],[7.1607,10.6992],[7.1591,10.7071],[7.1463,10.7228],[7.1318,10.7485],[7.1287,10.7718],[7.1137,10.822],[7.1016,10.8452],[7.0949,10.8746],[7.0968,10.8967],[7.1381,10.9544],[7.1504,10.9826],[7.1604,11.0182],[7.1642,11.0574],[7.1689,11.088],[7.1773,11.1113],[7.1819,11.1404],[7.2041,11.1543],[7.2176,11.1705]]]},"properties":{"lga_pcode":"NG019001","lga_name":"Birnin-Gwari","state_pcode":"NG019","state_name":"Kaduna"}},
{"type":"Feature","geometry":{"type":"Polygon","coordinates":[[[4.4722,12.4149],[4.4748,12.4294],[4.493,12.4422],[4.5129,12.4659],[4.5107,12.493],[4.4959,12.5045],[4.458,12.523],[4.4469,12.5328],[4.4452,12.5616],[4.4189,12.5685],[4.4033,12.5683],[4.3769,12.5572],[4.353,12.5569],[4.3227,12.5655],[4.2905,12.5705],[4.2695,12.5622],[4.2475,12.5637],[4.2436,12.5772],[4.2314,12.5951],[4.2125,12.6363],[4.1833,12.6774],[4.1523,12.656],[4.1344,12.636],[4.1298,12.6173],[4.1088,12.5923],[4.0939,12.5829],[4.0705,12.5751],[4.0384,12.5422],[4.0693,12.5192],[4.0794,12.493],[4.0811,12.4351],[4.0885,12.415],[4.112,12.3934],[4.1411,12.3829],[4.1589,12.3822],[4.1881,12.3707],[4.2048,12.3561],[4.2117,12.3412],[4.2477,12.3275],[4.2618,12.3269],[4.2869,12.3176],[4.3163,12.3197],[4.3373,12.3278],[4.3475,12.3462],[4.3501,12.3582],[4.3668,12.3822],[4.3793,12.3958],[4.4086,12.4136],[4.4389,12.4157],[4.4493,12.4209],[4.4722,12.4149]]]},"properties":{"lga_pcode":"NG022006","lga_name":"Birnin Kebbi","state_pcode":"NG022","state_name":"Kebbi"}},
{"type":"Feature","geometry":{"type":"Polygon","coordinates":[[[7.0512,12.5894],[7.029,12.583],[6.9699,12.5795],[6.9467,12.583],[6.93,12.5753],[6.9121,12.5742],[6.8969,12.5838],[6.8808,12.6025],[6.8654,12.6257],[6.8508,12.6354],[6.8263,12.6435],[6.808,12.6351],[6.7966,12.6223],[6.7763,12.5786],[6.7643,12.5669],[6.7257,12.59],[6.7136,12.5842],[6.6869,12.5826],[6.6755,12.5712],[6.6703,12.5599],[6.6652,12.5238],[6.6786,12.4832],[6.6712,12.4612],[6.6885,12.4282],[6.6976,12.4053],[6.7664,12.3814],[6.7845,12.3629],[6.8359,12.3261],[6.8617,12.2914],[6.8535,12.2819],[6.8334,12.2806],[6.8542,12.267],[6.8829,12.2663],[6.8946,12.2718],[6.9204,12.3072],[6.9872,12.3305],[7.0058,12.3262],[7.0292,12.3087],[7.0453,12.2915],[7.1047,12.2951],[7.1043,12.2973],[7.0992,12.3332],[7.0927,12.3601],[7.0683,12.4113],[7.0594,12.4886],[7.0537,12.5163],[7.05,12.5732],[7.0512,12.5894]]]},"properties":{"lga_pcode":"NG037003","lga_name":"Birnin Magaji","state_pcode":"NG037","state_name":"Zamfara"}},
{"type":"Feature","geometry":{"type":"Polygon","coordinates":[[[12.523,10.7683],[12.5192,10.7818],[12.5071,10.8105],[12.4799,10.8078],[12.4544,10.8104],[12.4429,10.8177],[12.4325,10.8345],[12.418,10.8683],[12.3985,10.9008],[12.3666,10.9265],[12.3404,10.9405],[12.3119,10.9687],[12.2733,10.9968],[12.2563,11.0052],[12.2353,11.0198],[12.2109,11.0319],[12.1875,11.0535],[12.1709,11.0629],[12.146,11.0703],[12.1286,11.0568],[12.1068,11.0522],[12.0829,11.0519],[12.0544,11.063],[12.029,11.0621],[12.0222,11.0571],[12.0078,11.034],[11.9753,10.9976],[11.9366,10.967],[11.9053,10.9571],[11.8851,10.9531],[11.8659,10.9451],[11.8224,10.9358],[11.7805,10.9209],[11.7702,10.921],[11.7585,10.9129],[11.7362,10.9058],[11.6847,10.8854],[11.6812,10.8702],[11.7004,10.862],[11.7185,10.8399],[11.7251,10.8222],[11.7342,10.8107],[11.7397,10.7921],[11.7211,10.7447],[11.7398,10.7273],[11.7505,10.7223],[11.7685,10.6892],[11.7683,10.6803],[11.7747,10.6821],[11.7882,10.7019],[11.806,10.7128],[11.8145,10.7123],[11.8221,10.6987],[11.8168,10.6773],[11.8016,10.6496],[11.8014,10.6387],[11.8077,10.6191],[11.8402,10.6044],[11.857,10.5851],[11.8794,10.5712],[11.9132,10.5623],[11.9277,10.5621],[11.9558,10.5742],[11.9785,10.5792],[11.9844,10.591],[11.9862,10.6062],[12.0016,10.6278],[12.0233,10.6459],[12.0444,10.6521],[12.0561,10.6431],[12.074,10.6156],[12.0828,10.6068],[12.1048,10.5929],[12.1243,10.5871],[12.1424,10.5912],[12.1535,10.6044],[12.1661,10.6012],[12.1762,10.5748],[12.1905,10.5549],[12.2133,10.5384],[12.2354,10.5405],[12.2437,10.5462],[12.2511,10.5595],[12.2664,10.5774],[12.2866,10.5949],[12.3188,10.6179],[12.3419,10.6224],[12.3754,10.6045],[12.4047,10.5942],[12.4301,10.5778],[12.4383,10.5825],[12.4367,10.6163],[12.4445,10.6285],[12.4271,10.6329],[12.3928,10.6566],[12.4175,10.6924],[12.4423,10.7156],[12.4638,10.74],[12.4824,10.7567],[12.4915,10.7609],[12.5173,10.763],[12.523,10.7683]]]},"properties":{"lga_pcode":"NG008005","lga_name":"Biu","state_pcode":"NG008","state_name":"Borno"}},
{"type":"Feature","geometry":{"type":"Polygon","coordinates":[[[5.1904,12.9465],[5.176,12.9587],[5.163,12.9626],[5.1398,12.9827],[5.1154,12.987],[5.091,12.9844],[5.0735,12.9775],[5.0587,12.9631],[5.0454,12.9291],[5.0879,12.8911],[5.1004,12.8631],[5.1005,12.8545],[5.0787,12.8373],[5.069,12.8007],[5.0924,12.7873],[5.1213,12.7821],[5.1597,12.7568],[5.1707,12.7464],[5.194,12.7046],[5.2425,12.683],[5.2511,12.6693],[5.2492,12.6362],[5.2609,12.6114],[5.2646,12.6227],[5.2998,12.6187],[5.3188,12.6256],[5.3286,12.6377],[5.3237,12.6632],[5.3424,12.6885],[5.3153,12.742],[5.3012,12.7787],[5.2856,12.8033],[5.2822,12.8382],[5.2744,12.8565],[5.2643,12.8684],[5.24,12.9134],[5.2265,12.9324],[5.1904,12.9465]]]},"properties":{"lga_pcode":"NG034002","lga_name":"Bodinga","state_pcode":"NG034","state_name":"Sokoto"}},
{"type":"Feature","geometry":{"type":"Polygon","coordinates":[[[9.7967,9.5712],[9.7946,9.5827],[9.7974,9.6081],[9.8039,9.6281],[9.8175,9.6589],[9.8068,9.6918],[9.7921,9.7054],[9.782,9.7073],[9.7591,9.7046],[9.7462,9.7001],[9.7023,9.7211],[9.6619,9.7439],[9.6546,9.7403],[9.6179,9.7349],[9.5772,9.7426],[9.5507,9.7453],[9.5387,9.7496],[9.5097,9.7497],[9.4444,9.7472],[9.4423,9.7354],[9.4495,9.7189],[9.4614,9.704],[9.4635,9.667],[9.4563,9.6326],[9.451,9.6224],[9.4421,9.5926],[9.4385,9.572],[9.439,9.5566],[9.4483,9.5304],[9.4664,9.5035],[9.4774,9.5096],[9.4906,9.5281],[9.5088,9.54],[9.5193,9.5191],[9.5508,9.5052],[9.5643,9.5057],[9.6459,9.5241],[9.6601,9.5177],[9.6945,9.5231],[9.7418,9.5348],[9.7469,9.5423],[9.7777,9.5512],[9.7967,9.5712]]]},"properties":{"lga_pcode":"NG005003","lga_name":"Bogoro","state_pcode":"NG005","state_name":"Bauchi"}},
{"type":"Feature","geometry":{"type":"Polygon","coordinates":[[[8.9566,6.5086],[8.934,6.5019],[8.9107,6.4909],[8.8787,6.4934],[8.8549,6.5039],[8.8494,6.5145],[8.8469,6.5488],[8.8351,6.5798],[8.8143,6.5776],[8.7879,6.5491],[8.7763,6.5228],[8.7773,6.5113],[8.7713,6.4734],[8.7655,6.4586],[8.7552,6.4449],[8.7334,6.4301],[8.7125,6.3912],[8.726,6.3589],[8.7384,6.3348],[8.7562,6.2749],[8.7572,6.2611],[8.7524,6.2336],[8.7454,6.2096],[8.7442,6.1946],[8.736,6.1763],[8.7325,6.1534],[8.7495,6.1418],[8.7938,6.1208],[8.8154,6.1012],[8.8277,6.0758],[8.8402,6.0631],[8.8573,6.0595],[8.8789,6.0525],[8.9005,6.0397],[8.9481,6.0049],[8.9697,5.9853],[8.9821,5.9691],[8.9899,5.9518],[9.0291,5.9987],[9.0682,6.0363],[9.1187,6.0784],[9.1473,6.0954],[9.1897,6.1124],[9.2377,6.135],[9.2698,6.1531],[9.2871,6.1737],[9.3056,6.2091],[9.3114,6.2252],[9.3218,6.2412],[9.3323,6.2664],[9.3154,6.2963],[9.3018,6.3159],[9.3022,6.3676],[9.3003,6.4147],[9.2868,6.4435],[9.269,6.4742],[9.2506,6.4876],[9.2247,6.5027],[9.2104,6.527],[9.197,6.5052],[9.1836,6.4935],[9.1551,6.491],[9.1196,6.4856],[9.1074,6.4659],[9.0806,6.4332],[9.0638,6.4324],[9.0454,6.4374],[9.0219,6.4475],[9.0035,6.4617],[8.9734,6.5086],[8.9566,6.5086]]]},"properties":{"lga_pcode":"NG009008","lga_name":"Boki","state_pcode":"NG009","state_name":"Cross River"}},
{"type":"Feature","geometry":{"type":"Polygon","coordinates":[[[8.6981,9.3206],[8.6875,9.2989],[8.6844,9.2833],[8.6716,9.2692],[8.6581,9.2686],[8.6431,9.2602],[8.6359,9.2483],[8.6422,9.237],[8.6571,9.2265],[8.6569,9.2106],[8.6675,9.1899],[8.687,9.1849],[8.7081,9.1878],[8.749,9.178],[8.765,9.1652],[8.7675,9.1363],[8.7613,9.1207],[8.7601,9.1052],[8.7802,9.0868],[8.7919,9.0834],[8.7994,9.0712],[8.7895,9.0524],[8.7899,9.0428],[8.7982,9.0316],[8.8502,9.03],[8.9273,9.0161],[8.9668,9.015],[9.0009,9.0213],[9.0202,9.0221],[9.0392,9.0268],[9.0602,9.0206],[9.0732,9.0419],[9.1011,9.0643],[9.105,9.0711],[9.1099,9.0821],[9.1174,9.1268],[9.1255,9.1619],[9.1248,9.1754],[9.1301,9.1872],[9.1308,9.2124],[9.1242,9.2314],[9.1206,9.3084],[9.1081,9.3291],[9.0818,9.3569],[9.0634,9.3793],[9.0433,9.3977],[9.033,9.4023],[9.0313,9.4213],[9.0235,9.4349],[9.0051,9.4477],[8.9952,9.4477],[8.9111,9.4093],[8.8862,9.3949],[8.8613,9.3846],[8.7931,9.3499],[8.7566,9.3496],[8.7506,9.3462],[8.7435,9.3303],[8.7191,9.3234],[8.6981,9.3206]]]},"properties":{"lga_pcode":"NG032003","lga_name":"Bokkos","state_pcode":"NG032","state_name":"Plateau"}},
{"type":"Feature","geometry":{"type":"Polygon","coordinates":[[[4.8331,7.8759],[4.8373,7.8801],[4.8708,7.8968],[4.8802,7.9035],[4.887,7.9182],[4.8876,7.9297],[4.8549,7.9446],[4.847,7.9536],[4.8251,7.9918],[4.8213,8.0101],[4.8106,8.0204],[4.7936,8.0287],[4.7956,8.0059],[4.7856,7.9762],[4.7624,7.9381],[4.7517,7.9369],[4.7327,7.9525],[4.7351,7.9391],[4.7338,7.9165],[4.7422,7.906],[4.7826,7.8794],[4.7925,7.8668],[4.8077,7.8649],[4.8331,7.8759]]]},"properties":{"lga_pcode":"NG030005","lga_name":"Boluwaduro","state_pcode":"NG030","state_name":"Osun"}},
{"type":"Feature","geometry":{"type":"MultiPolygon","coordinates":[[[[5.9843,5.1594],[5.9735,5.1579],[5.9727,5.1697],[5.9652,5.1897],[5.9543,5.1896],[5.9353,5.1721],[5.906,5.1955],[5.8964,5.1975],[5.877,5.1899],[5.8799,5.1758],[5.8759,5.1451],[5.8814,5.1095],[5.8853,5.1],[5.9145,5.1081],[5.9164,5.1315],[5.9269,5.1399],[5.9278,5.1607],[5.9461,5.1642],[5.9605,5.1572],[5.9749,5.1375],[5.9809,5.1306],[5.9867,5.144],[5.9843,5.1594]]],[[[5.7976,5.1895],[5.7944,5.2071],[5.8311,5.2115],[5.8473,5.2283],[5.8507,5.2387],[5.8496,5.2642],[5.8146,5.2495],[5.7915,5.2375],[5.7719,5.2228],[5.7679,5.2033],[5.7867,5.1857],[5.7976,5.1895]]],[[[5.7423,5.2683],[5.7495,5.2743],[5.7813,5.2913],[5.8083,5.2911],[5.8252,5.3058],[5.8027,5.3181],[5.8092,5.3369],[5.777,5.315],[5.7433,5.2821],[5.7423,5.2683]]],[[[5.8498,5.2843],[5.8466,5.2975],[5.8231,5.2869],[5.8498,5.2843]]]]},"properties":{"lga_pcode":"NG010003","lga_name":"Bomadi","state_pcode":"NG010","state_name":"Delta"}},
{"type":"Feature","geometry":{"type":"Polygon","coordinates":[[[7.3213,4.5906],[7.3154,4.5976],[7.2974,4.6002],[7.2775,4.5963],[7.2615,4.6055],[7.2407,4.6419],[7.2088,4.627],[7.2363,4.5914],[7.2444,4.5747],[7.2405,4.5547],[7.2332,4.552],[7.1748,4.568],[7.1754,4.5577],[7.1588,4.557],[7.1189,4.5674],[7.095,4.582],[7.0756,4.6026],[7.0709,4.6337],[7.0593,4.6388],[7.059,4.6076],[7.0529,4.5983],[7.0593,4.5908],[7.0601,4.5754],[7.0517,4.5652],[7.0497,4.5526],[7.0555,4.5279],[7.0722,4.5049],[7.0616,4.4924],[7.0587,4.4724],[7.0723,4.456],[7.0864,4.4548],[7.1081,4.4475],[7.1149,4.4625],[7.1327,4.4599],[7.1394,4.4519],[7.1497,4.4537],[7.158,4.4627],[7.1697,4.4513],[7.1506,4.4249],[7.1375,4.4128],[7.1322,4.4027],[7.1327,4.3854],[7.139,4.3814],[7.1978,4.3791],[7.231,4.3868],[7.2503,4.3944],[7.292,4.4065],[7.327,4.4186],[7.3183,4.4372],[7.3246,4.4474],[7.3233,4.4596],[7.331,4.4926],[7.333,4.5192],[7.3301,4.5355],[7.3219,4.5396],[7.312,4.5348],[7.3055,4.5437],[7.3004,4.5652],[7.3018,4.5744],[7.3213,4.5906]]]},"properties":{"lga_pcode":"NG033007","lga_name":"Bonny","state_pcode":"NG033","state_name":"Rivers"}},
{"type":"Feature","geometry":{"type":"Polygon","coordinates":[[[4.3437,10.9115],[4.3357,10.9153],[4.3194,10.9147],[4.3107,10.9207],[4.2882,10.9285],[4.2839,10.9372],[4.2882,10.9804],[4.2778,10.9865],[4.2631,10.9822],[4.2562,10.9856],[4.2389,11.0073],[4.2138,11.0307],[4.1861,11.0324],[4.167,11.0246],[4.1004,11.0263],[4.0684,11.022],[3.9939,11.0177],[3.9377,11.0367],[3.8909,11.054],[3.794,11.1129],[3.7516,11.1276],[3.7233,11.1251],[3.7265,11.1181],[3.7195,11.0783],[3.7256,11.0514],[3.7169,11.0281],[3.7507,11.0116],[3.7593,10.9969],[3.7645,10.9744],[3.7715,10.9251],[3.7706,10.9025],[3.7611,10.8723],[3.7472,10.8359],[3.7507,10.8186],[3.7697,10.7892],[3.7914,10.7398],[3.8078,10.726],[3.8381,10.7061],[3.8434,10.6989],[3.8485,10.6585],[3.852,10.5944],[3.8329,10.5684],[3.8182,10.5373],[3.8026,10.4853],[3.8,10.4421],[3.787,10.4057],[3.7308,10.4334],[3.6918,10.4576],[3.6494,10.4369],[3.6364,10.4274],[3.6312,10.3841],[3.6139,10.352],[3.6018,10.3174],[3.5854,10.2811],[3.5871,10.2672],[3.601,10.2367],[3.6141,10.2198],[3.626,10.2117],[3.6441,10.1905],[3.6528,10.1842],[3.6734,10.183],[3.6764,10.1786],[3.6885,10.1615],[3.703,10.1527],[3.7074,10.1433],[3.7074,10.1171],[3.7147,10.1018],[3.7154,10.0894],[3.7307,10.0683],[3.7365,10.0683],[3.7431,10.0843],[3.7503,10.0683],[3.7715,10.0472],[3.7751,10.0333],[3.7882,10.0384],[3.7802,10.0523],[3.7846,10.0625],[3.7991,10.0712],[3.818,10.0668],[3.8233,10.0543],[3.833,10.047],[3.851,10.0552],[3.8641,10.0503],[3.9034,10.0192],[3.8903,10.0159],[3.887,9.9881],[3.91,9.9897],[3.9214,9.9996],[3.9345,9.9996],[3.9492,9.9914],[3.9525,9.9783],[3.9411,9.9766],[3.9411,9.9619],[3.9591,9.9603],[3.9705,9.9488],[3.9591,9.9341],[3.9345,9.9275],[3.9362,9.9161],[3.946,9.9079],[3.98,9.9066],[3.9853,9.8935],[4.0023,9.9066],[4.0114,9.8987],[4.0167,9.8686],[4.0219,9.8568],[4.0389,9.8647],[4.052,9.8634],[4.0573,9.8568],[4.0704,9.8568],[4.0835,9.8516],[4.0952,9.8673],[4.0952,9.8778],[4.1149,9.8817],[4.1241,9.8752],[4.1227,9.8608],[4.128,9.8516],[4.1411,9.8608],[4.1529,9.8621],[4.1712,9.8202],[4.2065,9.7822],[4.2825,9.6945],[4.3506,9.5884],[4.3872,9.5622],[4.4436,9.5098],[4.5012,9.4404],[4.5784,9.3881],[4.6097,9.3618],[4.6136,9.3932],[4.6119,9.428],[4.6111,9.4363],[4.6012,9.4563],[4.5525,9.5075],[4.5437,9.5349],[4.5425,9.5612],[4.5543,9.5855],[4.5812,9.633],[4.5968,9.666],[4.6099,9.7041],[4.6168,9.7116],[4.6305,9.7129],[4.6367,9.7197],[4.6367,9.7453],[4.633,9.7828],[4.6221,9.8239],[4.6049,9.8452],[4.5949,9.8702],[4.5799,9.8796],[4.5924,9.9027],[4.5918,9.9127],[4.5787,9.9495],[4.5724,9.9757],[4.5743,9.9913],[4.5806,10.0063],[4.5855,10.0338],[4.5706,10.0694],[4.53,10.1006],[4.5269,10.1143],[4.5275,10.143],[4.5518,10.1949],[4.5674,10.2229],[4.5687,10.246],[4.56,10.2681],[4.5418,10.2871],[4.4908,10.314],[4.483,10.3287],[4.4864,10.3685],[4.4795,10.4213],[4.4856,10.4698],[4.4985,10.5174],[4.5109,10.5355],[4.4946,10.5777],[4.4819,10.5924],[4.4575,10.5908],[4.4234,10.5706],[4.3987,10.5468],[4.3848,10.5478],[4.3601,10.5546],[4.3358,10.5555],[4.3124,10.5477],[4.3098,10.5546],[4.3246,10.5823],[4.3367,10.6204],[4.3445,10.6325],[4.3531,10.6706],[4.3687,10.7017],[4.3739,10.7407],[4.3566,10.7718],[4.3523,10.7961],[4.3479,10.861],[4.3479,10.9051],[4.3437,10.9115]]]},"properties":{"lga_pcode":"NG027004","lga_name":"Borgu","state_pcode":"NG027","state_name":"Niger"}},
{"type":"Feature","geometry":{"type":"Polygon","coordinates":[[[4.7327,7.9525],[4.722,7.959],[4.6784,7.9168],[4.6694,7.8889],[4.6408,7.8633],[4.6366,7.8633],[4.613,7.8434],[4.5966,7.8283],[4.5993,7.8013],[4.6057,7.7841],[4.608,7.7638],[4.6383,7.7774],[4.6426,7.7828],[4.6637,7.7905],[4.6724,7.8199],[4.6905,7.8376],[4.7079,7.8468],[4.7059,7.8653],[4.7197,7.8804],[4.7826,7.8794],[4.7422,7.906],[4.7338,7.9165],[4.7351,7.9391],[4.7327,7.9525]]]},"properties":{"lga_pcode":"NG030006","lga_name":"Boripe","state_pcode":"NG030","state_name":"Osun"}},
{"type":"Feature","geometry":{"type":"Polygon","coordinates":[[[6.6488,9.535],[6.6511,9.5589],[6.6696,9.5732],[6.6764,9.6043],[6.6797,9.6556],[6.6781,9.6707],[6.6823,9.6775],[6.6545,9.7018],[6.6511,9.7077],[6.62,9.7229],[6.6133,9.7313],[6.6091,9.7582],[6.5881,9.7809],[6.5536,9.7961],[6.525,9.7986],[6.4863,9.8104],[6.4139,9.7532],[6.4113,9.75],[6.3717,9.7424],[6.3589,9.7286],[6.3441,9.733],[6.3166,9.7164],[6.2936,9.7089],[6.2595,9.705],[6.2232,9.7071],[6.2033,9.6917],[6.1927,9.664],[6.1952,9.6446],[6.2028,9.6287],[6.1978,9.5942],[6.2003,9.579],[6.2264,9.5513],[6.2297,9.537],[6.2208,9.5268],[6.2107,9.4994],[6.223,9.4848],[6.2516,9.4756],[6.2709,9.4621],[6.2802,9.4394],[6.2726,9.4327],[6.2684,9.4175],[6.2709,9.4058],[6.2802,9.4024],[6.3138,9.399],[6.3513,9.3893],[6.3786,9.3915],[6.403,9.4167],[6.4215,9.4276],[6.4451,9.4243],[6.4807,9.4237],[6.4737,9.4672],[6.4779,9.4781],[6.4905,9.4823],[6.4964,9.5126],[6.5023,9.5176],[6.5174,9.5168],[6.5216,9.5244],[6.5351,9.5294],[6.5502,9.5269],[6.5586,9.537],[6.5704,9.5378],[6.5973,9.5319],[6.62,9.5412],[6.6293,9.5336],[6.6488,9.535]],[[6.5595,9.6581],[6.5664,9.6505],[6.5715,9.6282],[6.5881,9.6183],[6.5836,9.5919],[6.5556,9.5797],[6.5488,9.5794],[6.5166,9.5883],[6.5048,9.5866],[6.4905,9.5959],[6.4997,9.6076],[6.5109,9.6429],[6.5363,9.6513],[6.539,9.6586],[6.5595,9.6581]]]},"properties":{"lga_pcode":"NG027005","lga_name":"Bosso","state_pcode":"NG027","state_name":"Niger"}},
{"type":"Feature","geometry":{"type":"Polygon","coordinates":[[[6.5659,4.3277],[6.5411,4.3312],[6.5314,4.3376],[6.5273,4.3687],[6.5161,4.4062],[6.505,4.4217],[6.4784,4.441],[6.4642,4.4461],[6.441,4.4485],[6.432,4.4351],[6.4299,4.4215],[6.4077,4.3843],[6.392,4.3781],[6.3796,4.3778],[6.3547,4.3657],[6.3038,4.3634],[6.267,4.3789],[6.2565,4.38],[6.2434,4.3923],[6.2373,4.4091],[6.2212,4.4313],[6.1875,4.4388],[6.1508,4.4627],[6.1457,4.4851],[6.1467,4.5111],[6.1581,4.5318],[6.1649,4.5526],[6.1597,4.5666],[6.1385,4.5382],[6.1264,4.5296],[6.1159,4.5293],[6.0757,4.4877],[6.0474,4.4706],[6.0188,4.459],[5.9949,4.4529],[5.9825,4.4307],[5.9785,4.4128],[5.9714,4.4035],[5.9733,4.3785],[5.9535,4.3695],[5.9421,4.3753],[5.9043,4.3871],[5.8766,4.3988],[5.8473,4.4019],[5.8947,4.3703],[5.928,4.3559],[5.9493,4.3438],[5.9673,4.3379],[5.9782,4.3263],[5.9765,4.3144],[6.0008,4.309],[6.0102,4.302],[6.06,4.2895],[6.074,4.2908],[6.0823,4.2757],[6.1498,4.275],[6.182,4.2792],[6.191,4.2782],[6.2217,4.2851],[6.2212,4.2957],[6.2539,4.2926],[6.2942,4.2943],[6.3301,4.2997],[6.4203,4.3061],[6.4126,4.3172],[6.4315,4.3293],[6.4472,4.3176],[6.4692,4.3154],[6.4937,4.3223],[6.5282,4.3235],[6.5659,4.3277]]]},"properties":{"lga_pcode":"NG006001","lga_name":"Brass","state_pcode":"NG006","state_name":"Bayelsa"}},
{"type":"Feature","geometry":{"type":"Polygon","coordinates":[[[9.6403,11.3568],[9.6495,11.36],[9.6738,11.3838],[9.6819,11.4053],[9.6916,11.4204],[9.6965,11.4355],[9.7062,11.4459],[9.7199,11.4522],[9.7578,11.4482],[9.7804,11.4601],[9.7912,11.46],[9.7868,11.4735],[9.7839,11.504],[9.7778,11.5258],[9.7835,11.5397],[9.8103,11.5584],[9.8206,11.5762],[9.8247,11.6017],[9.815,11.6262],[9.8264,11.6447],[9.8209,11.6645],[9.8206,11.6884],[9.8033,11.7006],[9.8109,11.71],[9.8114,11.7213],[9.7976,11.735],[9.7757,11.7383],[9.7537,11.7337],[9.7417,11.7276],[9.714,11.7206],[9.6644,11.7294],[9.6658,11.7098],[9.6616,11.6683],[9.6582,11.6545],[9.6631,11.6384],[9.6403,11.606],[9.6265,11.5901],[9.6354,11.5702],[9.6393,11.5224],[9.6465,11.4937],[9.6441,11.4818],[9.652,11.4644],[9.6418,11.4344],[9.6479,11.4137],[9.641,11.3975],[9.6447,11.3791],[9.6403,11.3568]]]},"properties":{"lga_pcode":"NG018005","lga_name":"Buji","state_pcode":"NG018","state_name":"Jigawa"}},
{"type":"Feature","geometry":{"type":"Polygon","coordinates":[[[5.7302,12.286],[5.7261,12.271],[5.7103,12.2674],[5.683,12.2771],[5.6733,12.2885],[5.6531,12.292],[5.631,12.2885],[5.6125,12.2744],[5.5843,12.2727],[5.5411,12.2725],[5.524,12.2615],[5.4758,12.2524],[5.4376,12.2534],[5.4102,12.2591],[5.4054,12.2313],[5.3977,12.2087],[5.3937,12.1809],[5.387,12.1694],[5.3648,12.1471],[5.3622,12.1323],[5.3853,12.104],[5.3848,12.081],[5.3794,12.0669],[5.3747,12.0368],[5.3588,12.0177],[5.3454,12.009],[5.3145,12.0051],[5.3121,11.9979],[5.3121,11.9694],[5.3097,11.9456],[5.3153,11.9052],[5.3129,11.8862],[5.3153,11.849],[5.3184,11.8292],[5.3161,11.8126],[5.3047,11.7843],[5.3107,11.7704],[5.3184,11.7666],[5.3306,11.7467],[5.3306,11.739],[5.3414,11.729],[5.346,11.7121],[5.3529,11.7045],[5.3628,11.7098],[5.3889,11.7075],[5.4081,11.7029],[5.4311,11.7045],[5.4503,11.6976],[5.458,11.6723],[5.4697,11.6686],[5.5118,11.6686],[5.5243,11.6629],[5.5416,11.6657],[5.555,11.6753],[5.5598,11.6859],[5.5933,11.6696],[5.6461,11.6629],[5.6585,11.6686],[5.672,11.66],[5.6921,11.6676],[5.7113,11.682],[5.7247,11.6849],[5.7305,11.6945],[5.7448,11.6811],[5.7573,11.682],[5.7659,11.6935],[5.7822,11.6763],[5.8193,11.6494],[5.8279,11.6464],[5.8393,11.6338],[5.8429,11.6101],[5.8699,11.626],[5.876,11.6358],[5.8833,11.6654],[5.8844,11.67],[5.8797,11.7795],[5.8684,11.805],[5.8434,11.8372],[5.8437,11.8981],[5.8452,11.9084],[5.8429,11.9354],[5.8334,11.9702],[5.8334,12.0082],[5.8242,12.0425],[5.8017,12.052],[5.7726,12.0539],[5.7461,12.0508],[5.7347,12.07],[5.7279,12.0965],[5.7288,12.1158],[5.7209,12.1556],[5.7209,12.1992],[5.7248,12.2174],[5.7241,12.2526],[5.7371,12.2647],[5.7302,12.286]]]},"properties":{"lga_pcode":"NG037004","lga_name":"Bukkuyum","state_pcode":"NG037","state_name":"Zamfara"}},
{"type":"Feature","geometry":{"type":"Polygon","coordinates":[[[6.8334,12.2806],[6.8097,12.2849],[6.7588,12.308],[6.7323,12.3226],[6.6887,12.317],[6.6748,12.31],[6.6525,12.3142],[6.6296,12.3503],[6.6241,12.3684],[6.6137,12.3809],[6.5914,12.3962],[6.5831,12.4066],[6.5595,12.4441],[6.5463,12.4517],[6.5025,12.4656],[6.4852,12.4684],[6.4718,12.4646],[6.4754,12.4522],[6.4655,12.4314],[6.462,12.4124],[6.4284,12.3625],[6.4233,12.3604],[6.4441,12.3243],[6.4412,12.2806],[6.4362,12.247],[6.4294,12.228],[6.4295,12.2125],[6.4374,12.1979],[6.407,12.1753],[6.3896,12.1658],[6.3531,12.1362],[6.3393,12.1163],[6.342,12.1024],[6.3606,12.0849],[6.3684,12.0581],[6.3664,12.0383],[6.3803,12.0265],[6.445,11.993],[6.4671,11.961],[6.4962,11.9152],[6.4956,11.8825],[6.4852,11.8635],[6.4437,11.815],[6.4291,11.7736],[6.4346,11.74],[6.455,11.6972],[6.4557,11.6836],[6.4292,11.6386],[6.432,11.617],[6.4512,11.605],[6.4652,11.6],[6.5002,11.5968],[6.513,11.6081],[6.5279,11.6279],[6.5416,11.6581],[6.5589,11.691],[6.5708,11.7375],[6.5826,11.7927],[6.5613,11.8407],[6.561,11.8872],[6.5677,11.9337],[6.5754,11.9605],[6.5725,12.0052],[6.5696,12.0107],[6.5716,12.0663],[6.5703,12.085],[6.5841,12.1121],[6.5807,12.1309],[6.589,12.1753],[6.6022,12.208],[6.6223,12.2184],[6.6602,12.219],[6.6876,12.2073],[6.7184,12.2008],[6.7274,12.1947],[6.7519,12.1511],[6.7697,12.1128],[6.7909,12.0846],[6.7955,12.0635],[6.8037,12.0538],[6.8315,12.0465],[6.8484,12.0695],[6.888,12.1099],[6.8957,12.1219],[6.8996,12.1409],[6.8982,12.1564],[6.8899,12.1979],[6.887,12.2279],[6.8891,12.25],[6.8946,12.2718],[6.8829,12.2663],[6.8542,12.267],[6.8334,12.2806]]]},"properties":{"lga_pcode":"NG037005","lga_name":"Bungudu","state_pcode":"NG037","state_name":"Zamfara"}},
{"type":"Feature","geometry":{"type":"Polygon","coordinates":[[[8.6367,11.7236],[8.6107,11.7344],[8.583,11.7591],[8.5756,11.7705],[8.5614,11.7759],[8.5487,11.7743],[8.5268,11.7654],[8.5068,11.7392],[8.5039,11.7227],[8.4869,11.7082],[8.4723,11.7036],[8.4593,11.698],[8.4435,11.6811],[8.4438,11.673],[8.46,11.6432],[8.4593,11.6304],[8.4679,11.6167],[8.4746,11.5936],[8.4721,11.573],[8.4871,11.5683],[8.5136,11.5774],[8.5306,11.5907],[8.549,11.5983],[8.5607,11.5976],[8.5638,11.5755],[8.5839,11.5891],[8.5921,11.6053],[8.5981,11.626],[8.6085,11.6312],[8.6355,11.634],[8.6773,11.6386],[8.7252,11.6291],[8.7484,11.635],[8.7617,11.6353],[8.7595,11.6437],[8.7658,11.666],[8.766,11.6917],[8.7632,11.7056],[8.7571,11.7123],[8.7626,11.723],[8.7619,11.7346],[8.7488,11.7505],[8.7346,11.7582],[8.7172,11.7542],[8.7053,11.7293],[8.7045,11.7176],[8.6945,11.7045],[8.6941,11.6823],[8.6843,11.6622],[8.669,11.6652],[8.6593,11.6777],[8.6499,11.7123],[8.6367,11.7236]]]},"properties":{"lga_pcode":"NG020006","lga_name":"Bunkure","state_pcode":"NG020","state_name":"Kano"}},
{"type":"Feature","geometry":{"type":"Polygon","coordinates":[[[3.7471,12.1561],[3.7532,12.1278],[3.7712,12.1013],[3.8,12.0896],[3.8157,12.0873],[3.8297,12.0802],[3.8812,12.0693],[3.896,12.0623],[3.9085,12.042],[3.9202,11.9998],[3.938,11.9887],[3.9491,11.9991],[3.9733,12.0076],[3.985,12.024],[4.0084,12.0311],[4.0358,12.0451],[4.0568,12.0584],[4.0826,12.0674],[4.1163,12.0715],[4.0983,12.0828],[4.0922,12.1014],[4.1042,12.1142],[4.1163,12.1425],[4.1193,12.1811],[4.1279,12.2049],[4.1311,12.2304],[4.1287,12.2471],[4.1254,12.2576],[4.1076,12.2556],[4.0598,12.2348],[4.0224,12.2316],[3.9933,12.2405],[3.9734,12.2757],[3.9751,12.2959],[3.9829,12.3171],[3.9879,12.3409],[3.9816,12.4048],[3.9611,12.4037],[3.955,12.3948],[3.9187,12.3777],[3.8999,12.3818],[3.8828,12.3938],[3.867,12.4135],[3.8527,12.4096],[3.8449,12.3956],[3.8477,12.3729],[3.8594,12.3503],[3.8594,12.3378],[3.8497,12.3171],[3.8219,12.3058],[3.8008,12.2933],[3.7899,12.2808],[3.7751,12.2551],[3.7626,12.2246],[3.7509,12.202],[3.7532,12.1661],[3.7471,12.1561]]]},"properties":{"lga_pcode":"NG022007","lga_name":"Bunza","state_pcode":"NG022","state_name":"Kebbi"}},
{"type":"Feature","geometry":{"type":"Polygon","coordinates":[[[11.0269,12.8274],[11.0262,12.814],[11.0308,12.7994],[11.039,12.7911],[11.0417,12.7791],[11.037,12.766],[11.0479,12.746],[11.0536,12.7378],[11.0816,12.7125],[11.1006,12.7044],[11.126,12.6787],[11.1479,12.6462],[11.1545,12.6289],[11.1561,12.5904],[11.1658,12.5565],[11.1877,12.5081],[11.1877,12.4967],[11.2103,12.4613],[11.2424,12.4052],[11.2616,12.4089],[11.2751,12.4068],[11.323,12.4237],[11.3362,12.4231],[11.3591,12.4291],[11.3733,12.4443],[11.4077,12.4524],[11.4503,12.456],[11.4768,12.4632],[11.4841,12.4574],[11.5116,12.4712],[11.5388,12.4792],[11.5701,12.4811],[11.5826,12.4881],[11.6171,12.4941],[11.6473,12.4938],[11.6651,12.4968],[11.687,12.4857],[11.7013,12.4746],[11.7155,12.4573],[11.7352,12.4432],[11.7236,12.4698],[11.7206,12.4934],[11.7223,12.5059],[11.7399,12.5438],[11.7523,12.5575],[11.7751,12.5699],[11.7888,12.5903],[11.7944,12.6354],[11.7947,12.6795],[11.7927,12.6877],[11.7773,12.7155],[11.764,12.7484],[11.7578,12.7567],[11.7319,12.7794],[11.707,12.8083],[11.6873,12.8218],[11.6832,12.8372],[11.6969,12.8494],[11.7231,12.8594],[11.72,12.8708],[11.7025,12.8945],[11.6599,12.9235],[11.6257,12.9628],[11.6049,12.9732],[11.5814,12.9787],[11.561,12.9785],[11.5301,12.9731],[11.4923,12.97],[11.4607,12.974],[11.4329,12.9796],[11.4146,12.978],[11.3913,12.9887],[11.3761,12.9842],[11.3362,12.9617],[11.2977,12.9541],[11.2824,12.9554],[11.2456,12.9509],[11.21,12.9532],[11.1677,12.9484],[11.147,12.9495],[11.1278,12.9423],[11.0951,12.9198],[11.0822,12.9149],[11.068,12.9022],[11.0566,12.8783],[11.0613,12.8697],[11.0644,12.8472],[11.0525,12.8272],[11.0269,12.8274]]]},"properties":{"lga_pcode":"NG036002","lga_name":"Bursari","state_pcode":"NG036","state_name":"Yobe"}},
{"type":"Feature","geometry":{"type":"Polygon","coordinates":[[[9.0436,7.6013],[9.04,7.5918],[9.0261,7.5815],[9.0139,7.5779],[8.9954,7.595],[8.9765,7.6518],[8.9613,7.6873],[8.9627,7.6627],[8.9529,7.6161],[8.9431,7.5857],[8.9377,7.5596],[8.9355,7.5184],[8.9372,7.5132],[8.9461,7.5141],[8.9778,7.5068],[8.9955,7.5063],[9.0459,7.4801],[9.103,7.4555],[9.1236,7.4186],[9.1464,7.4077],[9.1844,7.3643],[9.1899,7.3361],[9.1888,7.3188],[9.1833,7.3057],[9.154,7.2591],[9.142,7.2559],[9.1268,7.258],[9.1116,7.2548],[9.0849,7.239],[9.0694,7.2092],[9.0661,7.1847],[9.0678,7.1596],[9.0978,7.1296],[9.1034,7.1184],[9.1295,7.0996],[9.1563,7.0929],[9.2013,7.0862],[9.2247,7.0778],[9.2431,7.0845],[9.2832,7.0928],[9.3032,7.0928],[9.3132,7.1061],[9.3156,7.1325],[9.2982,7.1412],[9.27,7.1486],[9.2582,7.1755],[9.2626,7.2059],[9.2572,7.2276],[9.2594,7.2417],[9.2769,7.2914],[9.2898,7.3035],[9.2898,7.3285],[9.3029,7.3523],[9.317,7.3642],[9.3649,7.3696],[9.3801,7.3783],[9.379,7.3913],[9.3606,7.4152],[9.3639,7.4412],[9.3504,7.4608],[9.3106,7.4912],[9.3052,7.4999],[9.2628,7.4988],[9.2161,7.5053],[9.1991,7.4984],[9.1816,7.4967],[9.1652,7.5019],[9.15,7.523],[9.1329,7.5533],[9.123,7.5645],[9.092,7.5922],[9.0716,7.6021],[9.0436,7.6013]]]},"properties":{"lga_pcode":"NG007004","lga_name":"Buruku","state_pcode":"NG007","state_name":"Benue"}},
{"type":"Feature","geometry":{"type":"Polygon","coordinates":[[[5.877,5.1899],[5.8415,5.1746],[5.8331,5.1793],[5.8284,5.1909],[5.8046,5.1952],[5.7976,5.1895],[5.7867,5.1857],[5.7679,5.2033],[5.7719,5.2228],[5.7915,5.2375],[5.8146,5.2495],[5.8496,5.2642],[5.8498,5.2843],[5.8231,5.2869],[5.812,5.2848],[5.778,5.2678],[5.7484,5.2556],[5.7423,5.2683],[5.7433,5.2821],[5.777,5.315],[5.8092,5.3369],[5.8149,5.341],[5.8489,5.3379],[5.8849,5.3368],[5.9139,5.3409],[5.9139,5.3791],[5.8957,5.3653],[5.8821,5.3638],[5.8501,5.3663],[5.8209,5.3543],[5.8012,5.3541],[5.7924,5.3464],[5.7781,5.3456],[5.7625,5.3378],[5.749,5.3252],[5.7313,5.3341],[5.7305,5.3577],[5.7229,5.3888],[5.7085,5.4026],[5.7079,5.4109],[5.6996,5.4177],[5.6881,5.4121],[5.6718,5.3939],[5.6352,5.3846],[5.5957,5.3808],[5.5481,5.3943],[5.5194,5.41],[5.4698,5.4158],[5.4467,5.4115],[5.3969,5.415],[5.3242,5.455],[5.3047,5.4587],[5.2753,5.4596],[5.2486,5.4556],[5.2303,5.4569],[5.2559,5.4377],[5.2938,5.4231],[5.3248,5.4064],[5.3283,5.3835],[5.3258,5.3598],[5.3301,5.3472],[5.3307,5.3224],[5.3544,5.2453],[5.3617,5.1923],[5.3556,5.1796],[5.3694,5.1628],[5.38,5.144],[5.3904,5.1342],[5.4285,5.1416],[5.4365,5.1414],[5.4698,5.1232],[5.4725,5.1123],[5.4675,5.1017],[5.4705,5.0932],[5.4851,5.0904],[5.5029,5.0925],[5.5116,5.0883],[5.5241,5.0688],[5.5509,5.0556],[5.5846,5.0552],[5.5909,5.0434],[5.6197,5.0347],[5.6329,5.0184],[5.6479,5.0118],[5.6636,5.0151],[5.6667,5.0283],[5.6756,5.0299],[5.6912,5.0242],[5.7103,5.0238],[5.7194,5.0309],[5.7306,5.0545],[5.752,5.0537],[5.7642,5.0642],[5.779,5.058],[5.7881,5.0725],[5.7913,5.0858],[5.8036,5.0819],[5.8141,5.0845],[5.8226,5.0758],[5.8401,5.0831],[5.8409,5.0676],[5.8483,5.0665],[5.8574,5.0774],[5.8695,5.0711],[5.8776,5.0914],[5.8814,5.1095],[5.8759,5.1451],[5.8799,5.1758],[5.877,5.1899]]]},"properties":{"lga_pcode":"NG010004","lga_name":"Burutu","state_pcode":"NG010","state_name":"Delta"}},
{"type":"Feature","geometry":{"type":"Polygon","coordinates":[[[7.5891,9.1076],[7.5887,9.1291],[7.6676,9.3037],[7.7299,9.3319],[7.6724,9.4113],[7.5899,9.4316],[7.5098,9.3611],[7.4966,9.3622],[7.4763,9.3706],[7.4177,9.367],[7.3882,9.3498],[7.2464,9.151],[7.3175,9.1396],[7.3478,9.1419],[7.3551,9.137],[7.372,9.1374],[7.3969,9.1257],[7.4964,9.1368],[7.5096,9.1247],[7.5602,9.107],[7.5891,9.1076]]]},"properties":{"lga_pcode":"NG015003","lga_name":"Bwari","state_pcode":"NG015","state_name":"Federal Capital Territory"}},
{"type":"Feature","geometry":{"type":"Polygon","coordinates":[[[8.4008,5.0921],[8.3817,5.092],[8.3735,5.0989],[8.3603,5.0892],[8.3449,5.0849],[8.3347,5.0687],[8.3395,5.0355],[8.3338,5.0285],[8.3121,5.0216],[8.302,4.9928],[8.3135,4.9698],[8.3272,4.9624],[8.3322,4.9503],[8.3558,4.9399],[8.3638,4.9448],[8.389,4.938],[8.3981,4.9403],[8.4037,4.9691],[8.4242,4.9807],[8.415,4.9967],[8.3955,5.0001],[8.3829,5.0104],[8.3818,5.0219],[8.3953,5.0564],[8.4112,5.0806],[8.4008,5.0921]]]},"properties":{"lga_pcode":"NG009010","lga_name":"Calabar-Municipal","state_pcode":"NG009","state_name":"Cross River"}},
{"type":"Feature","geometry":{"type":"MultiPolygon","coordinates":[[[[8.3558,4.9399],[8.3322,4.9503],[8.3272,4.9624],[8.3135,4.9698],[8.2942,4.9468],[8.2628,4.9042],[8.2595,4.8835],[8.2713,4.8576],[8.2717,4.8354],[8.2662,4.8353],[8.2687,4.8291],[8.2775,4.8372],[8.3099,4.8377],[8.3241,4.8246],[8.3366,4.8241],[8.3339,4.8044],[8.3465,4.7916],[8.3687,4.7771],[8.3786,4.7759],[8.3962,4.7811],[8.4005,4.8008],[8.4093,4.8168],[8.4082,4.8393],[8.3957,4.8575],[8.3814,4.8629],[8.3505,4.887],[8.347,4.8947],[8.3528,4.9138],[8.3558,4.9399]]],[[[8.293,4.8224],[8.2765,4.8274],[8.2767,4.8143],[8.2835,4.8023],[8.2948,4.793],[8.3063,4.8039],[8.293,4.8224]]]]},"properties":{"lga_pcode":"NG009009","lga_name":"Calabar South","state_pcode":"NG009","state_name":"Cross River"}},
{"type":"Feature","geometry":{"type":"Polygon","coordinates":[[[6.5595,9.6581],[6.539,9.6586],[6.5363,9.6513],[6.5109,9.6429],[6.4997,9.6076],[6.4905,9.5959],[6.5048,9.5866],[6.5166,9.5883],[6.5488,9.5794],[6.5556,9.5797],[6.5836,9.5919],[6.5881,9.6183],[6.5715,9.6282],[6.5664,9.6505],[6.5595,9.6581]]]},"properties":{"lga_pcode":"NG027006","lga_name":"Chanchaga","state_pcode":"NG027","state_name":"Niger"}},
{"type":"Feature","geometry":{"type":"Polygon","coordinates":[[[7.5587,12.702],[7.5745,12.6584],[7.5864,12.6468],[7.5935,12.6342],[7.6182,12.6285],[7.6264,12.605],[7.6161,12.5788],[7.6185,12.5649],[7.628,12.5523],[7.6245,12.543],[7.6353,12.5038],[7.6365,12.4911],[7.6286,12.4702],[7.6181,12.4532],[7.617,12.4389],[7.6281,12.4321],[7.6371,12.4406],[7.6538,12.4445],[7.6605,12.4402],[7.6667,12.4194],[7.6762,12.4106],[7.6807,12.392],[7.6885,12.3811],[7.703,12.38],[7.7023,12.4184],[7.7161,12.448],[7.7333,12.464],[7.7289,12.4694],[7.7043,12.4737],[7.7142,12.4924],[7.7294,12.5028],[7.7245,12.5228],[7.7293,12.5491],[7.7152,12.5866],[7.7139,12.5976],[7.7195,12.6087],[7.7676,12.6175],[7.7959,12.6174],[7.8006,12.6327],[7.7981,12.6462],[7.7874,12.6587],[7.7736,12.6666],[7.7817,12.6893],[7.7941,12.7009],[7.7691,12.7003],[7.7566,12.7034],[7.741,12.7168],[7.7054,12.7186],[7.6841,12.7228],[7.6423,12.7269],[7.6311,12.7226],[7.5989,12.7254],[7.5707,12.733],[7.5587,12.702]]]},"properties":{"lga_pcode":"NG021006","lga_name":"Charanchi","state_pcode":"NG021","state_name":"Katsina"}},
{"type":"Feature","geometry":{"type":"Polygon","coordinates":[[[13.0889,10.8424],[13.0872,10.9402],[13.045,10.9523],[12.9837,10.9468],[12.847,10.9656],[12.8283,10.9635],[12.755,10.9944],[12.6769,11.0168],[12.647,10.9733],[12.5562,10.8851],[12.5587,10.8613],[12.554,10.8499],[12.5546,10.8359],[12.5465,10.8106],[12.5192,10.7818],[12.523,10.7683],[12.5279,10.7544],[12.5356,10.748],[12.5365,10.7367],[12.546,10.7249],[12.5765,10.7228],[12.5857,10.7172],[12.6051,10.7153],[12.6339,10.7188],[12.6709,10.717],[12.706,10.7124],[12.7343,10.7147],[12.7642,10.7119],[12.796,10.7192],[12.8088,10.7131],[12.8592,10.7066],[12.9163,10.7063],[12.9408,10.7008],[12.9621,10.6863],[12.9708,10.6888],[12.9978,10.7108],[13.0031,10.7267],[13.006,10.7938],[13.0041,10.8091],[13.0115,10.8182],[13.0008,10.8356],[13.077,10.8406],[13.0889,10.8424]]]},"properties":{"lga_pcode":"NG008006","lga_name":"Chibok","state_pcode":"NG008","state_name":"Borno"}},
{"type":"Feature","geometry":{"type":"Polygon","coordinates":[[[6.7291,10.6488],[6.7588,10.6456],[6.7853,10.6392],[6.803,10.6432],[6.8166,10.6384],[6.8295,10.6247],[6.8295,10.5998],[6.8351,10.5958],[6.8419,10.5725],[6.8411,10.5573],[6.8355,10.538],[6.8443,10.5283],[6.8564,10.538],[6.8612,10.5508],[6.8691,10.5554],[6.9126,10.538],[6.919,10.5308],[6.9359,10.5002],[6.9535,10.4822],[6.9544,10.4625],[6.9383,10.4336],[6.9231,10.3822],[6.9343,10.3613],[6.9488,10.3605],[6.9772,10.3648],[6.9969,10.3565],[7.0202,10.3541],[7.0339,10.3436],[7.0508,10.3171],[7.0459,10.2914],[7.0323,10.2874],[7.0194,10.2737],[7.0098,10.2504],[6.9849,10.2368],[6.9704,10.2328],[6.9656,10.2151],[6.9545,10.192],[6.9423,10.1806],[6.9287,10.1806],[6.9214,10.191],[6.8949,10.1581],[6.8853,10.1508],[6.8821,10.1171],[6.9012,10.0764],[6.9144,10.0778],[6.9405,10.061],[6.9523,10.0476],[7.0078,10.045],[7.0187,10.0383],[7.0339,10.0442],[7.065,10.0425],[7.0852,10.0366],[7.1054,10.0265],[7.1382,10.0358],[7.1668,10.0333],[7.1794,10.0274],[7.2004,10.0333],[7.2071,10.0417],[7.216,10.0374],[7.2541,10.0392],[7.2734,10.0466],[7.2885,10.0405],[7.3005,10.0577],[7.335,10.0603],[7.3519,10.0713],[7.3731,10.0996],[7.4144,10.1181],[7.44,10.1206],[7.4693,10.1194],[7.4937,10.128],[7.5136,10.1538],[7.5343,10.1649],[7.5686,10.1613],[7.5905,10.17],[7.6093,10.1668],[7.6023,10.181],[7.5863,10.1994],[7.565,10.252],[7.5653,10.2606],[7.5801,10.2876],[7.5934,10.3035],[7.6175,10.3268],[7.6197,10.338],[7.6106,10.3658],[7.6341,10.387],[7.6678,10.405],[7.6948,10.4251],[7.7183,10.4597],[7.7294,10.4615],[7.7053,10.4873],[7.6836,10.521],[7.6633,10.5398],[7.6366,10.5572],[7.6138,10.5659],[7.5784,10.5695],[7.5404,10.5706],[7.5189,10.5605],[7.4886,10.5353],[7.4715,10.5324],[7.4662,10.5134],[7.4668,10.5024],[7.4332,10.489],[7.4361,10.4841],[7.435,10.4506],[7.4233,10.4434],[7.4051,10.4473],[7.3988,10.4657],[7.4049,10.4845],[7.383,10.5025],[7.3126,10.5321],[7.3017,10.5382],[7.2918,10.5505],[7.2818,10.5914],[7.2775,10.6155],[7.2536,10.6334],[7.2315,10.6456],[7.1697,10.655],[7.1537,10.6478],[7.1547,10.6428],[7.1802,10.6192],[7.1835,10.5982],[7.169,10.5873],[7.1301,10.5907],[7.0535,10.6126],[7.0107,10.6327],[7.0011,10.6421],[6.9424,10.6668],[6.9074,10.7042],[6.885,10.7416],[6.8293,10.7898],[6.8024,10.7959],[6.7882,10.7802],[6.7726,10.7425],[6.7444,10.6922],[6.7291,10.6488]]]},"properties":{"lga_pcode":"NG019002","lga_name":"Chikun","state_pcode":"NG019","state_name":"Kaduna"}},
{"type":"Feature","geometry":{"type":"Polygon","coordinates":[[[8.4669,12.0631],[8.4712,12.0502],[8.4797,12.0417],[8.4792,12.0164],[8.4932,12.0137],[8.4994,11.9934],[8.5082,12.0005],[8.5208,12.0119],[8.5083,12.0282],[8.4963,12.0304],[8.4669,12.0631]]]},"properties":{"lga_pcode":"NG020007","lga_name":"Dala","state_pcode":"NG020","state_name":"Kano"}},
{"type":"Feature","geometry":{"type":"Polygon","coordinates":[[[12.2554,12.0345],[12.2459,12.0391],[12.2368,12.0594],[12.2166,12.0929],[12.2048,12.1054],[12.1717,12.1063],[12.1327,12.1203],[12.1189,12.1315],[12.105,12.1356],[12.0924,12.1318],[12.0557,12.1066],[12.0396,12.078],[12.0186,12.0325],[12.0019,12.0092],[11.96,11.9778],[11.9239,11.9626],[11.8786,11.9502],[11.8516,11.9465],[11.8362,11.9478],[11.7991,11.9689],[11.7536,11.9763],[11.7328,11.9744],[11.7239,11.9484],[11.7386,11.9089],[11.7587,11.8732],[11.7734,11.8427],[11.8152,11.7695],[11.8265,11.7178],[11.8239,11.708],[11.8095,11.6803],[11.7978,11.6697],[11.77,11.6167],[11.7678,11.5925],[11.757,11.5706],[11.7543,11.5213],[11.759,11.5067],[11.7722,11.5245],[11.8022,11.5415],[11.8356,11.5543],[11.8647,11.568],[11.8848,11.59],[11.9041,11.607],[11.9199,11.6143],[11.9465,11.6116],[12.008,11.6128],[12.0512,11.6247],[12.1078,11.6324],[12.1741,11.64],[12.1782,11.6584],[12.1868,11.6784],[12.199,11.7219],[12.2099,11.7414],[12.2223,11.7508],[12.2333,11.7522],[12.2413,11.7737],[12.2397,11.7833],[12.2484,11.7988],[12.2524,11.8268],[12.2463,11.8717],[12.2466,11.9247],[12.2447,11.9358],[12.2488,11.9711],[12.2499,12.0049],[12.2554,12.0345]]]},"properties":{"lga_pcode":"NG036003","lga_name":"Damaturu","state_pcode":"NG036","state_name":"Yobe"}},
{"type":"Feature","geometry":{"type":"Polygon","coordinates":[[[10.9297,11.516],[10.9321,11.5712],[10.9287,11.5856],[10.9245,11.6442],[10.9205,11.6622],[10.9134,11.6744],[10.9157,11.7088],[10.9167,11.7573],[10.9053,11.7696],[10.9025,11.7823],[10.9059,11.8058],[10.9008,11.819],[10.8908,11.822],[10.8673,11.8065],[10.8074,11.7715],[10.7863,11.7574],[10.7486,11.7566],[10.7305,11.777],[10.721,11.7738],[10.7075,11.7606],[10.6652,11.7416],[10.6344,11.7189],[10.5978,11.6963],[10.5885,11.6783],[10.5892,11.6596],[10.5937,11.6388],[10.6086,11.6052],[10.6044,11.5763],[10.6712,11.5358],[10.6888,11.5286],[10.7069,11.5257],[10.7107,11.5135],[10.7058,11.5017],[10.7174,11.4459],[10.739,11.4507],[10.7581,11.4516],[10.7896,11.4576],[10.8368,11.4569],[10.8926,11.4481],[10.9045,11.4518],[10.9255,11.435],[10.9298,11.4433],[10.9356,11.4746],[10.9347,11.4956],[10.9297,11.516]]]},"properties":{"lga_pcode":"NG005004","lga_name":"Damban","state_pcode":"NG005","state_name":"Bauchi"}},
{"type":"Feature","geometry":{"type":"Polygon","coordinates":[[[8.6482,12.5952],[8.6196,12.589],[8.598,12.5976],[8.5646,12.5953],[8.5498,12.5992],[8.5347,12.5903],[8.5425,12.5891],[8.5565,12.5723],[8.5491,12.561],[8.5386,12.563],[8.5333,12.5489],[8.5576,12.5194],[8.5666,12.4952],[8.5416,12.4831],[8.5182,12.4835],[8.4919,12.4901],[8.4831,12.5033],[8.4619,12.5135],[8.4454,12.4987],[8.4319,12.4926],[8.4459,12.4753],[8.4519,12.4575],[8.4602,12.4459],[8.472,12.4499],[8.4891,12.4474],[8.4963,12.4175],[8.4964,12.3956],[8.4912,12.389],[8.4716,12.3783],[8.4592,12.362],[8.4706,12.359],[8.4861,12.3646],[8.4954,12.3748],[8.5139,12.385],[8.5346,12.3824],[8.5443,12.3662],[8.5495,12.3501],[8.5568,12.341],[8.5759,12.33],[8.5809,12.3073],[8.5871,12.3026],[8.5938,12.2839],[8.6048,12.2691],[8.6113,12.2507],[8.6515,12.2683],[8.6596,12.2686],[8.683,12.3008],[8.7084,12.3063],[8.7198,12.2942],[8.7379,12.3089],[8.7495,12.3263],[8.7822,12.3512],[8.7876,12.3722],[8.798,12.3867],[8.8166,12.4054],[8.8165,12.4134],[8.8118,12.418],[8.7824,12.4268],[8.7644,12.4387],[8.7436,12.4404],[8.7072,12.4536],[8.6847,12.4763],[8.6785,12.505],[8.6877,12.5259],[8.712,12.548],[8.7191,12.5666],[8.7141,12.5734],[8.687,12.5846],[8.6577,12.5888],[8.6482,12.5952]]]},"properties":{"lga_pcode":"NG020008","lga_name":"Dambatta","state_pcode":"NG020","state_name":"Kano"}},
{"type":"Feature","geometry":{"type":"Polygon","coordinates":[[[13.3362,10.8546],[13.3352,10.8952],[13.3307,10.91],[13.331,10.93],[13.3132,10.9709],[13.3077,10.9875],[13.3099,10.9998],[13.32,11.0136],[13.3335,11.05],[13.342,11.0643],[13.3513,11.1024],[13.3497,11.1818],[13.3439,11.207],[13.3441,11.2179],[13.3368,11.2388],[13.3318,11.2662],[13.3329,11.283],[13.3063,11.2959],[13.2825,11.3029],[13.2674,11.313],[13.2385,11.3231],[13.2142,11.3388],[13.1639,11.393],[13.1559,11.4055],[13.1306,11.4253],[13.1106,11.4359],[13.0834,11.4368],[13.0635,11.4303],[13.0527,11.4181],[13.0531,11.4021],[13.042,11.3717],[13.0289,11.353],[13.0222,11.3346],[13.0115,11.3224],[12.9895,11.3105],[12.9681,11.3033],[12.9509,11.2872],[12.9238,11.2746],[12.8991,11.2722],[12.8925,11.2682],[12.8776,11.282],[12.8615,11.2822],[12.855,11.2759],[12.8417,11.241],[12.8316,11.2061],[12.8232,11.1884],[12.7942,11.1794],[12.7797,11.1779],[12.7737,11.2162],[12.7529,11.2355],[12.6967,11.2632],[12.6878,11.2653],[12.6506,11.2472],[12.6303,11.2431],[12.6029,11.2418],[12.5901,11.2499],[12.5677,11.2692],[12.5358,11.311],[12.5096,11.3421],[12.4848,11.3525],[12.4664,11.3637],[12.417,11.3895],[12.3834,11.4109],[12.3681,11.4272],[12.3558,11.4449],[12.3383,11.4829],[12.3303,11.4929],[12.316,11.4532],[12.269,11.4313],[12.2446,11.414],[12.225,11.3823],[12.2119,11.3649],[12.2053,11.349],[12.1953,11.3124],[12.1869,11.3019],[12.162,11.2886],[12.1339,11.2701],[12.1075,11.2561],[12.1024,11.2456],[12.1028,11.2296],[12.1142,11.1853],[12.1147,11.1558],[12.121,11.1389],[12.1335,11.1285],[12.1391,11.0959],[12.1497,11.0811],[12.146,11.0703],[12.1709,11.0629],[12.1875,11.0535],[12.2109,11.0319],[12.2353,11.0198],[12.2563,11.0052],[12.2733,10.9968],[12.3119,10.9687],[12.3404,10.9405],[12.3666,10.9265],[12.3985,10.9008],[12.418,10.8683],[12.4325,10.8345],[12.4429,10.8177],[12.4544,10.8104],[12.4799,10.8078],[12.5071,10.8105],[12.5192,10.7818],[12.5465,10.8106],[12.5546,10.8359],[12.554,10.8499],[12.5587,10.8613],[12.5562,10.8851],[12.647,10.9733],[12.6769,11.0168],[12.755,10.9944],[12.8283,10.9635],[12.847,10.9656],[12.9837,10.9468],[13.045,10.9523],[13.0872,10.9402],[13.0889,10.8424],[13.1355,10.8494],[13.1636,10.861],[13.1921,10.8575],[13.2067,10.853],[13.2409,10.8482],[13.2797,10.8534],[13.3362,10.8546]]]},"properties":{"lga_pcode":"NG008007","lga_name":"Damboa","state_pcode":"NG008","state_name":"Borno"}},
{"type":"Feature","geometry":{"type":"Polygon","coordinates":[[[7.1047,12.2951],[7.1294,12.2501],[7.1459,12.2451],[7.1813,12.221],[7.1897,12.1956],[7.2074,12.1679],[7.2311,12.1437],[7.2511,12.1403],[7.2652,12.1438],[7.3024,12.1439],[7.309,12.146],[7.332,12.141],[7.3594,12.1198],[7.3665,12.1117],[7.3936,12.1095],[7.4312,12.1095],[7.443,12.1038],[7.4631,12.1083],[7.4862,12.0925],[7.4997,12.108],[7.5181,12.1134],[7.5396,12.1275],[7.5475,12.1498],[7.5314,12.17],[7.5238,12.1871],[7.5202,12.2222],[7.5314,12.2422],[7.5374,12.2611],[7.5172,12.27],[7.515,12.2575],[7.4682,12.2551],[7.4564,12.2597],[7.447,12.2836],[7.4195,12.2852],[7.3498,12.3096],[7.3405,12.3217],[7.3177,12.3286],[7.2871,12.3192],[7.2708,12.3424],[7.2558,12.3475],[7.2046,12.3445],[7.1845,12.3483],[7.1632,12.3237],[7.1303,12.3075],[7.1043,12.2973],[7.1047,12.2951]]]},"properties":{"lga_pcode":"NG021007","lga_name":"Dan Musa","state_pcode":"NG021","state_name":"Katsina"}},
{"type":"Feature","geometry":{"type":"Polygon","coordinates":[[[3.6346,12.1052],[3.647,12.0677],[3.6689,11.9928],[3.6689,11.9795],[3.6627,11.967],[3.6205,11.9272],[3.6174,11.9171],[3.6221,11.8507],[3.6299,11.8344],[3.6478,11.8226],[3.665,11.8063],[3.6673,11.7852],[3.6627,11.7711],[3.6439,11.743],[3.6249,11.7279],[3.6203,11.6979],[3.6276,11.695],[3.6309,11.6828],[3.6186,11.6724],[3.6182,11.6616],[3.6353,11.6583],[3.6605,11.6278],[3.681,11.6193],[3.7062,11.6045],[3.7709,11.5893],[3.79,11.5878],[3.8101,11.5794],[3.8178,11.5702],[3.8359,11.5698],[3.8419,11.596],[3.8543,11.6191],[3.9016,11.6251],[3.9279,11.6318],[3.9453,11.6298],[3.9599,11.6232],[3.9685,11.627],[3.9865,11.6488],[4.0038,11.68],[4.0061,11.7095],[4.0131,11.7227],[4.0108,11.7586],[4.0069,11.7743],[3.9905,11.8117],[3.9827,11.8531],[3.9733,11.8835],[3.9624,11.9015],[3.9554,11.9421],[3.946,11.978],[3.938,11.9887],[3.9202,11.9998],[3.9085,12.042],[3.896,12.0623],[3.8812,12.0693],[3.8297,12.0802],[3.8157,12.0873],[3.8,12.0896],[3.7712,12.1013],[3.7532,12.1278],[3.7471,12.1561],[3.7103,12.1466],[3.7025,12.138],[3.6705,12.1239],[3.6346,12.1052]]]},"properties":{"lga_pcode":"NG022008","lga_name":"Dandi","state_pcode":"NG022","state_name":"Kebbi"}},
{"type":"Feature","geometry":{"type":"Polygon","coordinates":[[[7.1709,11.5697],[7.1564,11.579],[7.1319,11.5732],[7.1279,11.5563],[7.1116,11.5457],[7.1019,11.5315],[7.106,11.5126],[7.1046,11.4844],[7.0973,11.461],[7.081,11.4569],[7.0778,11.4472],[7.0933,11.4298],[7.0992,11.4182],[7.1122,11.4044],[7.1417,11.3814],[7.1619,11.3422],[7.1879,11.3272],[7.1973,11.318],[7.2069,11.288],[7.1974,11.2695],[7.2004,11.2526],[7.2138,11.269],[7.2478,11.2744],[7.2698,11.2831],[7.2934,11.2823],[7.2887,11.2964],[7.3032,11.3063],[7.3052,11.3245],[7.2925,11.3436],[7.2901,11.3621],[7.2984,11.3708],[7.2986,11.4071],[7.3101,11.4104],[7.3099,11.4418],[7.3017,11.4563],[7.273,11.4788],[7.259,11.4981],[7.2442,11.5101],[7.2385,11.4996],[7.2468,11.4803],[7.2419,11.4722],[7.2116,11.4906],[7.1977,11.4953],[7.1886,11.5042],[7.1787,11.5299],[7.1786,11.5501],[7.1709,11.5697]]]},"properties":{"lga_pcode":"NG021008","lga_name":"Dandume","state_pcode":"NG021","state_name":"Katsina"}},
{"type":"Feature","geometry":{"type":"Polygon","coordinates":[[[5.6851,12.7313],[5.6707,12.7498],[5.6408,12.7761],[5.6276,12.784],[5.5924,12.7982],[5.5767,12.8129],[5.5625,12.837],[5.5504,12.8644],[5.501,12.9434],[5.4936,12.9678],[5.4711,12.9779],[5.4344,12.9798],[5.3923,12.9876],[5.3702,12.9776],[5.3565,12.976],[5.3196,12.9974],[5.2918,13.0242],[5.2833,13.0286],[5.2801,13.0221],[5.2577,13.0075],[5.2432,13.0036],[5.2362,12.9932],[5.2253,12.991],[5.2192,12.9753],[5.1935,12.9543],[5.1904,12.9465],[5.2265,12.9324],[5.24,12.9134],[5.2643,12.8684],[5.2744,12.8565],[5.2822,12.8382],[5.2856,12.8033],[5.3012,12.7787],[5.3153,12.742],[5.3424,12.6885],[5.3887,12.676],[5.4355,12.6555],[5.4507,12.6442],[5.4617,12.6442],[5.4841,12.6648],[5.506,12.695],[5.5381,12.6961],[5.5733,12.6829],[5.5817,12.683],[5.6131,12.7069],[5.6256,12.7122],[5.6654,12.7144],[5.6858,12.7137],[5.6851,12.7313]]]},"properties":{"lga_pcode":"NG034003","lga_name":"Dange-Shuni","state_pcode":"NG034","state_name":"Sokoto"}},
{"type":"Feature","geometry":{"type":"Polygon","coordinates":[[[7.387,11.5131],[7.3911,11.4817],[7.3798,11.4438],[7.3783,11.4253],[7.391,11.412],[7.4029,11.3878],[7.4239,11.4016],[7.4392,11.4074],[7.4697,11.4111],[7.4897,11.4009],[7.4909,11.3905],[7.5071,11.356],[7.5301,11.361],[7.5565,11.3488],[7.5776,11.3292],[7.6002,11.3207],[7.6149,11.2987],[7.6296,11.2832],[7.6475,11.2828],[7.6661,11.2923],[7.6713,11.2999],[7.7109,11.3136],[7.7466,11.3174],[7.7532,11.3298],[7.7463,11.3454],[7.7528,11.3628],[7.7651,11.3749],[7.7514,11.3777],[7.7371,11.3865],[7.7086,11.4261],[7.6802,11.429],[7.6614,11.4163],[7.6164,11.4174],[7.5657,11.4247],[7.5302,11.4351],[7.5134,11.4491],[7.5049,11.4538],[7.4931,11.4688],[7.5047,11.4931],[7.4961,11.5173],[7.4881,11.5255],[7.4562,11.5393],[7.4423,11.5311],[7.4056,11.5261],[7.387,11.5131]]]},"properties":{"lga_pcode":"NG021009","lga_name":"Danja","state_pcode":"NG021","state_name":"Katsina"}},
{"type":"Feature","geometry":{"type":"Polygon","coordinates":[[[10.7174,11.4459],[10.6905,11.442],[10.6553,11.4168],[10.6353,11.4173],[10.6124,11.4132],[10.599,11.4048],[10.587,11.3817],[10.5786,11.3272],[10.5633,11.3004],[10.5527,11.2769],[10.5417,11.268],[10.5249,11.2624],[10.4935,11.2588],[10.4787,11.2533],[10.4319,11.2261],[10.4026,11.2253],[10.379,11.2222],[10.3585,11.2081],[10.3667,11.2025],[10.3646,11.1794],[10.3464,11.1628],[10.3277,11.1295],[10.3066,11.1315],[10.2705,11.1103],[10.2601,11.0941],[10.2426,11.0939],[10.2286,11.1008],[10.2329,11.0639],[10.2508,10.9937],[10.2607,10.9692],[10.291,10.9187],[10.3081,10.8994],[10.3557,10.8836],[10.4376,10.8746],[10.4658,10.8754],[10.4941,10.882],[10.5318,10.8942],[10.5447,10.8929],[10.5469,10.8813],[10.5244,10.8632],[10.4809,10.8557],[10.4374,10.8562],[10.4233,10.8518],[10.4219,10.8322],[10.4264,10.8147],[10.443,10.7967],[10.4606,10.7858],[10.4891,10.7782],[10.5167,10.7682],[10.5243,10.7614],[10.5376,10.7714],[10.5507,10.7926],[10.552,10.8064],[10.5641,10.8431],[10.5763,10.8856],[10.594,10.8888],[10.6067,10.876],[10.6178,10.8583],[10.63,10.8549],[10.643,10.8605],[10.6455,10.8789],[10.6387,10.8974],[10.6283,10.9137],[10.6155,10.9265],[10.6029,10.9624],[10.6102,10.9842],[10.6186,10.9945],[10.6411,11.0138],[10.6705,11.0192],[10.6777,11.0317],[10.6883,11.0408],[10.7122,11.0774],[10.7324,11.0967],[10.762,11.1171],[10.7796,11.1192],[10.7936,11.1144],[10.8099,11.1015],[10.8227,11.0863],[10.8368,11.0779],[10.8492,11.0788],[10.8666,11.0886],[10.8746,11.1064],[10.8972,11.1326],[10.9044,11.1464],[10.9245,11.1588],[10.9496,11.1827],[10.9707,11.202],[11.0004,11.2362],[11.0233,11.2854],[11.0222,11.2923],[11.0073,11.2959],[10.9844,11.2966],[10.9735,11.2936],[10.9344,11.3104],[10.8585,11.3493],[10.8504,11.3645],[10.8692,11.3778],[10.8899,11.3808],[10.9143,11.3943],[10.9298,11.4433],[10.9255,11.435],[10.9045,11.4518],[10.8926,11.4481],[10.8368,11.4569],[10.7896,11.4576],[10.7581,11.4516],[10.739,11.4507],[10.7174,11.4459]]]},"properties":{"lga_pcode":"NG005005","lga_name":"Darazo","state_pcode":"NG005","state_name":"Bauchi"}},
{"type":"Feature","geometry":{"type":"Polygon","coordinates":[[[9.3528,9.8766],[9.3786,9.8671],[9.3906,9.8716],[9.4209,9.8888],[9.4769,9.8979],[9.5127,9.8978],[9.5842,9.8814],[9.5961,9.8895],[9.609,9.8886],[9.665,9.8985],[9.665,9.913],[9.6321,9.9631],[9.6246,9.9725],[9.6123,9.9771],[9.6,9.9923],[9.5894,9.9964],[9.5929,10.0118],[9.6017,10.0276],[9.602,10.0696],[9.5992,10.075],[9.579,10.0894],[9.5592,10.0978],[9.5032,10.1399],[9.4965,10.1513],[9.4597,10.1407],[9.434,10.1444],[9.4157,10.138],[9.4083,10.1308],[9.389,10.0953],[9.3803,10.062],[9.3706,10.0356],[9.3605,10.0162],[9.3549,9.9917],[9.3586,9.9817],[9.3861,9.9444],[9.3925,9.9153],[9.3824,9.898],[9.3658,9.8962],[9.3541,9.8868],[9.3528,9.8766]]]},"properties":{"lga_pcode":"NG005006","lga_name":"Dass","state_pcode":"NG005","state_name":"Bauchi"}},
{"type":"Feature","geometry":{"type":"Polygon","coordinates":[[[8.3556,13.0026],[8.3516,13.0343],[8.3224,13.0461],[8.3096,13.0462],[8.2955,13.029],[8.2843,13.0222],[8.2549,13.0172],[8.2275,12.9951],[8.1887,13.0103],[8.1712,13.0042],[8.1806,12.9857],[8.2107,12.9631],[8.2194,12.9527],[8.2214,12.914],[8.2264,12.8919],[8.2367,12.8721],[8.2559,12.8817],[8.27,12.8852],[8.2781,12.8944],[8.3063,12.9072],[8.3191,12.9314],[8.3167,12.9511],[8.3236,12.9753],[8.3556,13.0026]]]},"properties":{"lga_pcode":"NG021010","lga_name":"Daura","state_pcode":"NG021","state_name":"Katsina"}},
{"type":"Feature","geometry":{"type":"Polygon","coordinates":[[[8.7619,11.7346],[8.7723,11.7455],[8.7906,11.7554],[8.803,11.7663],[8.8326,11.798],[8.8188,11.8146],[8.7929,11.8231],[8.7428,11.8214],[8.7287,11.8257],[8.7212,11.8417],[8.7004,11.8679],[8.6777,11.8846],[8.6658,11.89],[8.6415,11.9207],[8.6312,11.9272],[8.6146,11.8895],[8.5974,11.8796],[8.5592,11.8726],[8.5282,11.8587],[8.5184,11.8409],[8.528,11.8319],[8.547,11.8232],[8.5686,11.8053],[8.5779,11.8056],[8.5974,11.7806],[8.6212,11.7662],[8.6358,11.748],[8.6367,11.7236],[8.6499,11.7123],[8.6593,11.6777],[8.669,11.6652],[8.6843,11.6622],[8.6941,11.6823],[8.6945,11.7045],[8.7045,11.7176],[8.7053,11.7293],[8.7172,11.7542],[8.7346,11.7582],[8.7488,11.7505],[8.7619,11.7346]]]},"properties":{"lga_pcode":"NG020009","lga_name":"Dawakin Kudu","state_pcode":"NG020","state_name":"Kano"}},
{"type":"Feature","geometry":{"type":"Polygon","coordinates":[[[8.2539,12.105],[8.2845,12.0955],[8.3061,12.0787],[8.3342,12.0738],[8.3522,12.0604],[8.3778,12.0287],[8.3921,12.0193],[8.4161,12.0506],[8.4442,12.0786],[8.4482,12.0897],[8.4653,12.0995],[8.4852,12.1208],[8.5066,12.1288],[8.5091,12.1517],[8.5013,12.1685],[8.506,12.1898],[8.5178,12.2071],[8.5033,12.2249],[8.5126,12.2391],[8.5179,12.2547],[8.5084,12.259],[8.4981,12.2738],[8.4869,12.2552],[8.4757,12.2463],[8.4641,12.2411],[8.4422,12.2423],[8.4295,12.2588],[8.4093,12.2537],[8.3939,12.2288],[8.3686,12.2069],[8.3501,12.186],[8.3165,12.1875],[8.3,12.1829],[8.2894,12.1497],[8.2746,12.1476],[8.2647,12.1512],[8.2452,12.1407],[8.2333,12.1626],[8.2208,12.1684],[8.2002,12.171],[8.2033,12.1535],[8.2108,12.1374],[8.2424,12.1218],[8.2539,12.105]]]},"properties":{"lga_pcode":"NG020010","lga_name":"Dawakin Tofa","state_pcode":"NG020","state_name":"Kano"}},
{"type":"Feature","geometry":{"type":"Polygon","coordinates":[[[6.7625,4.7605],[6.7664,4.7382],[6.7765,4.7461],[6.79,4.7393],[6.794,4.7309],[6.8028,4.6865],[6.8144,4.6454],[6.8367,4.6182],[6.8361,4.6033],[6.8231,4.5843],[6.811,4.5746],[6.8067,4.5602],[6.8129,4.5293],[6.8228,4.5059],[6.834,4.4686],[6.8374,4.4471],[6.8582,4.3961],[6.8862,4.3917],[6.8983,4.3926],[6.9401,4.3805],[6.9473,4.3765],[6.9765,4.3733],[6.9944,4.3751],[7.0065,4.38],[7.0272,4.4016],[7.0124,4.4137],[7.0146,4.4254],[7.0308,4.4336],[7.0606,4.4381],[7.0792,4.4487],[7.0723,4.456],[7.0587,4.4724],[7.0616,4.4924],[7.0722,4.5049],[7.0555,4.5279],[7.0497,4.5526],[7.0517,4.5652],[7.0601,4.5754],[7.0593,4.5908],[7.0529,4.5983],[7.059,4.6076],[7.0593,4.6388],[7.0461,4.6566],[7.0187,4.6404],[7.0096,4.6407],[7.0035,4.6504],[7.0033,4.687],[7.0088,4.7056],[6.9883,4.7252],[6.9822,4.7403],[6.9921,4.749],[7.0021,4.7436],[7.0029,4.7733],[6.9763,4.7559],[6.9639,4.7543],[6.9646,4.7711],[6.9492,4.7727],[6.9406,4.794],[6.9244,4.7947],[6.9186,4.7849],[6.9064,4.7935],[6.8933,4.7917],[6.8873,4.7977],[6.8672,4.7823],[6.8669,4.7641],[6.8817,4.7479],[6.9046,4.7398],[6.9128,4.7332],[6.9292,4.7065],[6.9258,4.6944],[6.9046,4.6862],[6.8886,4.7022],[6.8606,4.7154],[6.838,4.7086],[6.8299,4.7178],[6.811,4.727],[6.7977,4.7495],[6.7805,4.7549],[6.791,4.7637],[6.7954,4.7822],[6.7834,4.8024],[6.7538,4.8055],[6.7378,4.8208],[6.7421,4.7931],[6.7572,4.7839],[6.764,4.7745],[6.7625,4.7605]]]},"properties":{"lga_pcode":"NG033008","lga_name":"Degema","state_pcode":"NG033","state_name":"Rivers"}},
{"type":"Feature","geometry":{"type":"Polygon","coordinates":[[[7.4827,7.5206],[7.4719,7.5458],[7.461,7.5551],[7.449,7.5717],[7.4471,7.5892],[7.4346,7.6185],[7.4311,7.6339],[7.4193,7.6465],[7.4013,7.6579],[7.4151,7.6789],[7.4144,7.6977],[7.4275,7.7183],[7.4123,7.7367],[7.4021,7.7619],[7.3885,7.787],[7.3552,7.8271],[7.3491,7.847],[7.3467,7.8417],[7.3223,7.8235],[7.2878,7.8048],[7.2491,7.7948],[7.2175,7.7886],[7.1973,7.7809],[7.1806,7.7685],[7.148,7.7254],[7.115,7.7029],[7.0904,7.6973],[7.0669,7.7035],[7.0458,7.7005],[6.9882,7.6959],[6.9807,7.6926],[6.965,7.6629],[6.9388,7.6329],[6.9091,7.6243],[6.8765,7.62],[6.8411,7.6013],[6.8253,7.5822],[6.8191,7.5568],[6.8128,7.5152],[6.8157,7.4649],[6.8132,7.453],[6.8229,7.4486],[6.8492,7.4218],[6.8713,7.4089],[6.8976,7.4132],[6.9158,7.4194],[6.9338,7.4105],[6.9517,7.418],[6.9688,7.4148],[6.9822,7.4186],[7.0035,7.4187],[7.0146,7.4252],[7.0237,7.4465],[7.0453,7.4762],[7.061,7.4859],[7.0808,7.4916],[7.0938,7.4893],[7.1063,7.476],[7.1102,7.4511],[7.1153,7.4424],[7.1297,7.4346],[7.1242,7.423],[7.1265,7.412],[7.1482,7.3558],[7.1645,7.3516],[7.2133,7.3519],[7.2347,7.3641],[7.2468,7.3835],[7.2538,7.4075],[7.2732,7.4125],[7.3074,7.399],[7.3301,7.4026],[7.3608,7.3973],[7.3943,7.4003],[7.4154,7.397],[7.4506,7.3993],[7.4743,7.4035],[7.4792,7.4491],[7.4779,7.4825],[7.4825,7.4945],[7.4827,7.5206]]]},"properties":{"lga_pcode":"NG023005","lga_name":"Dekina","state_pcode":"NG023","state_name":"Kogi"}},
{"type":"Feature","geometry":{"type":"Polygon","coordinates":[[[12.2798,9.6171],[12.2735,9.6348],[12.2515,9.6657],[12.2376,9.66],[12.211,9.6543],[12.1601,9.6521],[12.0709,9.6465],[12.0744,9.6362],[12.0708,9.6042],[12.0604,9.5734],[12.0538,9.543],[12.0579,9.5254],[12.0532,9.4831],[12.044,9.4453],[12.0381,9.4385],[12.0184,9.4328],[11.9732,9.4249],[11.9535,9.4283],[11.9107,9.4307],[11.8991,9.4295],[11.8702,9.4193],[11.8424,9.4045],[11.818,9.3702],[11.803,9.3369],[11.7803,9.3188],[11.6942,9.2784],[11.6796,9.2693],[11.6705,9.2531],[11.6836,9.2341],[11.6959,9.2322],[11.7206,9.2126],[11.7277,9.1981],[11.7419,9.1862],[11.7933,9.1851],[11.8361,9.1816],[11.8638,9.1816],[11.914,9.1787],[11.9208,9.1833],[11.9334,9.213],[11.9543,9.2426],[12.0166,9.2739],[12.03,9.2738],[12.0877,9.2528],[12.1149,9.2403],[12.1187,9.2611],[12.119,9.2853],[12.1108,9.3241],[12.1121,9.3325],[12.1781,9.367],[12.1965,9.3813],[12.221,9.3968],[12.2925,9.4593],[12.2965,9.4828],[12.2716,9.5198],[12.2722,9.5354],[12.2493,9.567],[12.2798,9.6171]]]},"properties":{"lga_pcode":"NG002001","lga_name":"Demsa","state_pcode":"NG002","state_name":"Adamawa"}},
{"type":"Feature","geometry":{"type":"Polygon","coordinates":[[[14.3059,11.8498],[14.3143,11.9104],[14.3124,11.9429],[14.3189,12.0017],[14.3188,12.0287],[14.3254,12.0606],[14.3298,12.0705],[14.3039,12.0946],[14.2722,12.1052],[14.2618,12.0986],[14.252,12.0742],[14.237,12.0482],[14.2283,12.0398],[14.1835,12.0303],[14.1607,12.0001],[14.1374,11.9962],[14.1186,12.0024],[14.1101,12.0101],[14.0984,12.0374],[14.0691,12.0911],[14.0481,12.127],[14.0316,12.1466],[14.0065,12.164],[13.9899,12.1673],[13.9708,12.1593],[13.9719,12.1475],[13.9629,12.1222],[13.9534,12.1127],[13.8985,12.1233],[13.8871,12.1226],[13.8734,12.1085],[13.8539,12.0986],[13.8406,12.0786],[13.8356,12.0644],[13.8366,12.0225],[13.8339,12.0051],[13.8421,11.9773],[13.8583,11.9483],[13.8564,11.9365],[13.8414,11.9194],[13.8388,11.9019],[13.8278,11.8606],[13.8155,11.8362],[13.8034,11.8262],[13.8066,11.8118],[13.8012,11.7932],[13.7942,11.7831],[13.7733,11.7743],[13.7592,11.7633],[13.7485,11.7475],[13.7317,11.7295],[13.7627,11.7387],[13.8125,11.7397],[13.833,11.7293],[13.855,11.7248],[13.8673,11.7254],[13.9033,11.7216],[13.9221,11.7163],[13.9383,11.7033],[13.991,11.7048],[14.0089,11.7023],[14.0446,11.7143],[14.0503,11.7197],[14.052,11.7448],[14.0743,11.7749],[14.0972,11.7963],[14.1126,11.8044],[14.1559,11.8028],[14.1954,11.8148],[14.2172,11.8231],[14.242,11.8292],[14.2553,11.838],[14.2875,11.844],[14.3059,11.8498]]]},"properties":{"lga_pcode":"NG008008","lga_name":"Dikwa","state_pcode":"NG008","state_name":"Borno"}},
{"type":"Feature","geometry":{"type":"Polygon","coordinates":[[[8.7887,10.9423],[8.7669,10.9656],[8.7507,10.9965],[8.7376,11.0067],[8.7174,11.0164],[8.7096,11.0383],[8.7074,11.0697],[8.6724,11.1024],[8.665,11.1149],[8.6595,11.1381],[8.662,11.1661],[8.656,11.2044],[8.647,11.2297],[8.6281,11.2349],[8.5996,11.217],[8.5846,11.2133],[8.5481,11.1836],[8.5368,11.1687],[8.5009,11.1548],[8.5169,11.1509],[8.5252,11.1314],[8.5274,11.1174],[8.5434,11.0935],[8.5658,11.0849],[8.592,11.0683],[8.5969,11.0614],[8.599,11.0021],[8.5982,10.9927],[8.5813,10.942],[8.5715,10.9219],[8.5685,10.9078],[8.5672,10.8775],[8.5749,10.8241],[8.5745,10.802],[8.577,10.7636],[8.5868,10.7146],[8.556,10.7079],[8.5268,10.7115],[8.5082,10.6952],[8.5103,10.6717],[8.5156,10.6544],[8.5254,10.6407],[8.5361,10.6341],[8.562,10.6279],[8.5874,10.6333],[8.6128,10.6492],[8.628,10.6468],[8.6532,10.637],[8.6605,10.6248],[8.6651,10.6076],[8.6893,10.566],[8.7182,10.5526],[8.7499,10.549],[8.7615,10.5539],[8.7734,10.5662],[8.7794,10.5627],[8.8002,10.5809],[8.8169,10.6036],[8.8354,10.6403],[8.8525,10.6863],[8.8552,10.7074],[8.8513,10.7201],[8.838,10.7336],[8.829,10.7578],[8.8216,10.7692],[8.7922,10.7914],[8.7856,10.7972],[8.7694,10.8293],[8.7646,10.8653],[8.7726,10.9028],[8.7857,10.9277],[8.7887,10.9423]]]},"properties":{"lga_pcode":"NG020011","lga_name":"Doguwa","state_pcode":"NG020","state_name":"Kano"}},
{"type":"Feature","geometry":{"type":"Polygon","coordinates":[[[8.1804,7.8526],[8.1854,7.8522],[8.2152,7.8346],[8.2748,7.8146],[8.3455,7.7843],[8.3722,7.77],[8.4032,7.7662],[8.412,7.7764],[8.3939,7.8099],[8.3966,7.8294],[8.4047,7.8368],[8.4054,7.861],[8.3977,7.88],[8.3785,7.9162],[8.3645,7.9203],[8.3671,7.9389],[8.3603,7.9607],[8.3603,7.9873],[8.3635,8.0166],[8.3711,8.0463],[8.3905,8.0779],[8.4266,8.1122],[8.4727,8.1425],[8.469,8.3256],[8.4651,8.3546],[8.4535,8.4045],[8.4435,8.4251],[8.4321,8.4516],[8.4203,8.4693],[8.3901,8.493],[8.316,8.5291],[8.2906,8.538],[8.2719,8.5266],[8.261,8.5114],[8.2517,8.4721],[8.2371,8.4405],[8.2071,8.4058],[8.2028,8.3922],[8.1915,8.3795],[8.1675,8.3675],[8.1266,8.3661],[8.1034,8.3612],[8.0845,8.3519],[8.0653,8.3393],[8.0583,8.3252],[8.0611,8.3182],[8.078,8.3083],[8.0914,8.3062],[8.1154,8.3097],[8.1295,8.3019],[8.1464,8.2998],[8.1562,8.2942],[8.164,8.2787],[8.1619,8.2568],[8.1661,8.2371],[8.1682,8.1878],[8.1626,8.1617],[8.1351,8.1377],[8.1125,8.1251],[8.0942,8.1088],[8.0844,8.1053],[8.0618,8.0905],[8.0498,8.0574],[8.0477,8.0292],[8.0555,7.9651],[8.0629,7.927],[8.0804,7.9187],[8.0924,7.9046],[8.1392,7.9047],[8.1393,7.8906],[8.102,7.8671],[8.1138,7.8639],[8.1599,7.8597],[8.1804,7.8526]]]},"properties":{"lga_pcode":"NG026003","lga_name":"Doma","state_pcode":"NG026","state_name":"Nasarawa"}},
{"type":"Feature","geometry":{"type":"Polygon","coordinates":[[[10.3424,7.9595],[10.3276,7.983],[10.3253,7.995],[10.3327,8.0196],[10.335,8.0422],[10.3313,8.0489],[10.3297,8.0818],[10.3141,8.0763],[10.2726,8.0672],[10.2382,8.0419],[10.2053,8.0049],[10.1694,7.9478],[10.1492,7.9215],[10.1118,7.882],[10.0723,7.8577],[10.0278,7.8203],[9.9804,7.7699],[9.963,7.7434],[9.9489,7.7312],[9.9215,7.7252],[9.8635,7.686],[9.9052,7.6475],[9.9123,7.6377],[9.9052,7.6076],[9.9387,7.6017],[9.9782,7.5977],[10.0166,7.5866],[10.0672,7.5582],[10.131,7.5147],[10.1522,7.4955],[10.2271,7.449],[10.2469,7.4341],[10.2425,7.4228],[10.2444,7.4111],[10.2532,7.3983],[10.2388,7.3864],[10.2293,7.3618],[10.2317,7.3459],[10.2556,7.3061],[10.2675,7.2783],[10.289,7.2592],[10.3232,7.2472],[10.3335,7.256],[10.3502,7.2504],[10.3828,7.2504],[10.3884,7.2623],[10.4027,7.2568],[10.4202,7.318],[10.439,7.3375],[10.4711,7.3476],[10.4811,7.3533],[10.5036,7.3837],[10.5267,7.402],[10.5397,7.4165],[10.5621,7.4486],[10.6068,7.48],[10.6215,7.4963],[10.6674,7.5381],[10.6872,7.5546],[10.7149,7.5835],[10.7554,7.6172],[10.7383,7.6313],[10.7176,7.6338],[10.7041,7.6297],[10.6843,7.615],[10.6541,7.6015],[10.6152,7.5911],[10.5937,7.5746],[10.5618,7.5628],[10.5405,7.5428],[10.5353,7.5426],[10.5058,7.5153],[10.45,7.5007],[10.4398,7.5002],[10.4135,7.5129],[10.3882,7.5394],[10.3752,7.5613],[10.3592,7.5727],[10.3499,7.5896],[10.3287,7.6388],[10.3156,7.6607],[10.3152,7.6693],[10.3266,7.682],[10.3568,7.6954],[10.3694,7.7185],[10.3687,7.7323],[10.3763,7.7517],[10.3731,7.7827],[10.3761,7.7915],[10.3736,7.8086],[10.3644,7.8221],[10.3602,7.8375],[10.3596,7.8876],[10.3555,7.9012],[10.3404,7.93],[10.3424,7.9595]]]},"properties":{"lga_pcode":"NG035003","lga_name":"Donga","state_pcode":"NG035","state_name":"Taraba"}},
{"type":"Feature","geometry":{"type":"Polygon","coordinates":[[[10.8852,10.3986],[10.8881,10.4066],[10.9061,10.4171],[10.9321,10.4222],[10.9521,10.4307],[10.9588,10.4438],[10.9616,10.4655],[10.9584,10.486],[10.9492,10.5142],[10.9305,10.5486],[10.9231,10.5977],[10.9314,10.6205],[10.9484,10.6377],[10.9708,10.6487],[10.9961,10.6568],[11.047,10.6655],[11.0923,10.6629],[11.0949,10.7049],[11.0975,10.7177],[11.098,10.7649],[11.0957,10.7704],[11.0959,10.8107],[11.0936,10.8527],[11.0998,10.9021],[11.1022,10.9037],[11.1002,10.922],[11.1071,10.954],[11.1201,10.998],[11.1156,11.0244],[11.1134,11.0542],[11.1007,11.0719],[11.079,11.0787],[11.0557,11.0805],[11.0157,11.108],[10.9992,11.1238],[10.9496,11.1827],[10.9245,11.1588],[10.9044,11.1464],[10.8972,11.1326],[10.8746,11.1064],[10.8666,11.0886],[10.8492,11.0788],[10.8368,11.0779],[10.8227,11.0863],[10.8099,11.1015],[10.7936,11.1144],[10.7796,11.1192],[10.762,11.1171],[10.7324,11.0967],[10.7122,11.0774],[10.6883,11.0408],[10.6777,11.0317],[10.6705,11.0192],[10.6411,11.0138],[10.6186,10.9945],[10.6102,10.9842],[10.6029,10.9624],[10.6155,10.9265],[10.6283,10.9137],[10.6387,10.8974],[10.6455,10.8789],[10.643,10.8605],[10.63,10.8549],[10.6178,10.8583],[10.6067,10.876],[10.594,10.8888],[10.5763,10.8856],[10.5641,10.8431],[10.552,10.8064],[10.5507,10.7926],[10.5376,10.7714],[10.5243,10.7614],[10.4787,10.6878],[10.5032,10.6761],[10.5148,10.6653],[10.5421,10.629],[10.5536,10.5952],[10.5535,10.5736],[10.5588,10.5609],[10.5773,10.5376],[10.6169,10.5083],[10.6392,10.5023],[10.6603,10.5008],[10.7049,10.4945],[10.7283,10.4862],[10.7658,10.4776],[10.7849,10.4679],[10.7935,10.4599],[10.8092,10.4343],[10.8258,10.4202],[10.8351,10.3951],[10.8852,10.3986]]]},"properties":{"lga_pcode":"NG016004","lga_name":"Dukku","state_pcode":"NG016","state_name":"Gombe"}},
{"type":"Feature","geometry":{"type":"MultiPolygon","coordinates":[[[[6.9594,6.2754],[6.9526,6.2589],[6.9524,6.2442],[6.9658,6.2506],[6.9968,6.2355],[7.0084,6.2555],[6.9988,6.283],[6.9879,6.3039],[6.9731,6.3165],[6.9594,6.2754]]],[[[6.952,6.1611],[6.9445,6.171],[6.9444,6.1816],[6.9595,6.1883],[6.9782,6.189],[6.9785,6.2035],[6.9581,6.2003],[6.9502,6.2166],[6.9369,6.2093],[6.9342,6.192],[6.9086,6.1703],[6.931,6.1541],[6.9402,6.1616],[6.952,6.1611]]]]},"properties":{"lga_pcode":"NG004008","lga_name":"Dunukofia","state_pcode":"NG004","state_name":"Anambra"}},
{"type":"Feature","geometry":{"type":"Polygon","coordinates":[[[9.2342,11.8923],[9.2226,11.876],[9.2075,11.8701],[9.1971,11.8527],[9.1449,11.8072],[9.1404,11.791],[9.1477,11.7646],[9.1467,11.7462],[9.1609,11.7371],[9.1865,11.7489],[9.1947,11.7433],[9.2158,11.7447],[9.2345,11.7495],[9.2486,11.7462],[9.2494,11.7314],[9.2492,11.7261],[9.2338,11.7012],[9.2174,11.6998],[9.2282,11.6804],[9.2319,11.6608],[9.2413,11.6552],[9.2717,11.6636],[9.2764,11.6591],[9.2673,11.6382],[9.2628,11.6174],[9.2771,11.5981],[9.3053,11.5823],[9.3546,11.5748],[9.3626,11.5643],[9.3549,11.5495],[9.383,11.5487],[9.3981,11.5546],[9.4422,11.5954],[9.4619,11.6199],[9.4557,11.652],[9.4484,11.6704],[9.4354,11.6863],[9.4131,11.6941],[9.3974,11.7059],[9.3942,11.7393],[9.3846,11.7799],[9.3717,11.7975],[9.3741,11.8086],[9.3919,11.8277],[9.4057,11.8555],[9.4097,11.8699],[9.4146,11.9169],[9.3952,11.9161],[9.392,11.9296],[9.3929,11.9598],[9.3816,11.9949],[9.38,12.0116],[9.3695,12.022],[9.3404,12.0268],[9.334,12.0315],[9.3186,12.0555],[9.3073,12.0618],[9.279,12.0394],[9.2737,12.0275],[9.2512,12.0013],[9.2542,11.9927],[9.2298,11.9763],[9.2194,11.96],[9.2219,11.9463],[9.235,11.9234],[9.2388,11.9004],[9.2342,11.8923]]]},"properties":{"lga_pcode":"NG018006","lga_name":"Dutse","state_pcode":"NG018","state_name":"Jigawa"}},
{"type":"Feature","geometry":{"type":"Polygon","coordinates":[[[8.1712,13.0042],[8.1693,13.0269],[8.1649,13.0353],[8.1552,13.0281],[8.1129,13.0176],[8.1058,13.0106],[8.1024,12.9968],[8.0918,12.9898],[8.0789,12.9898],[8.0659,13.0025],[8.0529,13.0059],[8.0377,12.9955],[8.0515,12.9778],[8.0554,12.962],[8.0686,12.9514],[8.1003,12.9063],[8.1017,12.8963],[8.0947,12.8755],[8.0866,12.8614],[8.0777,12.834],[8.0856,12.8154],[8.1011,12.8072],[8.1275,12.8015],[8.1679,12.8041],[8.1624,12.8191],[8.1711,12.8333],[8.1872,12.8392],[8.2066,12.839],[8.232,12.8347],[8.2386,12.8381],[8.2421,12.8533],[8.2367,12.8721],[8.2264,12.8919],[8.2214,12.914],[8.2194,12.9527],[8.2107,12.9631],[8.1806,12.9857],[8.1712,13.0042]]]},"properties":{"lga_pcode":"NG021011","lga_name":"Dutsi","state_pcode":"NG021","state_name":"Katsina"}},
{"type":"Feature","geometry":{"type":"Polygon","coordinates":[[[7.6161,12.5788],[7.6087,12.5698],[7.5887,12.5752],[7.572,12.556],[7.5586,12.5617],[7.5468,12.5578],[7.508,12.5624],[7.4868,12.5568],[7.46,12.5594],[7.4568,12.5353],[7.4457,12.5243],[7.4173,12.5225],[7.3999,12.5163],[7.3988,12.4906],[7.4045,12.4666],[7.4185,12.4463],[7.4214,12.4107],[7.4067,12.3455],[7.3923,12.3306],[7.3656,12.3223],[7.3405,12.3217],[7.3498,12.3096],[7.4195,12.2852],[7.447,12.2836],[7.4564,12.2597],[7.4682,12.2551],[7.515,12.2575],[7.5172,12.27],[7.515,12.3107],[7.5291,12.3234],[7.5265,12.3638],[7.5324,12.3719],[7.5453,12.3719],[7.5807,12.357],[7.5936,12.3547],[7.6159,12.3652],[7.6295,12.3671],[7.6262,12.3781],[7.6289,12.4017],[7.6281,12.4321],[7.617,12.4389],[7.6181,12.4532],[7.6286,12.4702],[7.6365,12.4911],[7.6353,12.5038],[7.6245,12.543],[7.628,12.5523],[7.6185,12.5649],[7.6161,12.5788]]]},"properties":{"lga_pcode":"NG021012","lga_name":"Dutsin-Ma","state_pcode":"NG021","state_name":"Katsina"}},
{"type":"Feature","geometry":{"type":"Polygon","coordinates":[[[7.814,4.5552],[7.8107,4.5644],[7.7696,4.552],[7.7055,4.5376],[7.6786,4.5293],[7.6809,4.5439],[7.6776,4.55],[7.6553,4.5377],[7.6464,4.542],[7.6276,4.5373],[7.6092,4.5282],[7.6202,4.519],[7.6159,4.5063],[7.5928,4.521],[7.5685,4.5074],[7.5803,4.5021],[7.5906,4.4903],[7.5974,4.4648],[7.6231,4.4717],[7.6542,4.4857],[7.6646,4.4934],[7.6966,4.5029],[7.7144,4.5036],[7.7361,4.509],[7.8249,4.523],[7.814,4.5552]]]},"properties":{"lga_pcode":"NG003002","lga_name":"Eastern Obolo","state_pcode":"NG003","state_name":"Akwa Ibom"}},
{"type":"Feature","geometry":{"type":"Polygon","coordinates":[[[8.1438,6.3391],[8.1549,6.3501],[8.1482,6.3684],[8.1517,6.4117],[8.1431,6.433],[8.1438,6.4578],[8.1529,6.4756],[8.1599,6.5316],[8.1705,6.5657],[8.1769,6.6103],[8.1742,6.6226],[8.1754,6.6505],[8.1795,6.658],[8.1745,6.6842],[8.1758,6.7041],[8.1992,6.7233],[8.2191,6.7297],[8.2431,6.7539],[8.2494,6.7685],[8.2413,6.7912],[8.2293,6.8001],[8.2202,6.7788],[8.213,6.7761],[8.1937,6.7783],[8.181,6.7635],[8.1639,6.765],[8.1526,6.7547],[8.1444,6.7252],[8.1276,6.7116],[8.0985,6.707],[8.0796,6.7132],[8.0907,6.6925],[8.0936,6.6684],[8.0903,6.65],[8.0979,6.633],[8.0988,6.6081],[8.0846,6.5903],[8.057,6.5697],[8.0542,6.5647],[8.0613,6.5406],[8.0607,6.5179],[8.0678,6.4938],[8.0693,6.4796],[8.0573,6.4562],[8.0446,6.4178],[8.0397,6.3958],[8.0334,6.383],[8.0348,6.3693],[8.0279,6.3556],[8.0257,6.3395],[8.0359,6.3285],[8.0489,6.3475],[8.0676,6.3408],[8.071,6.3342],[8.0824,6.3369],[8.0889,6.3294],[8.1083,6.324],[8.1181,6.3252],[8.1243,6.3372],[8.1438,6.3391]]]},"properties":{"lga_pcode":"NG011004","lga_name":"Ebonyi","state_pcode":"NG011","state_name":"Ebonyi"}},
{"type":"Feature","geometry":{"type":"Polygon","coordinates":[[[5.8261,9.1556],[5.8081,9.1335],[5.7932,9.1295],[5.782,9.1415],[5.7797,9.1607],[5.7701,9.176],[5.7481,9.1659],[5.7337,9.1745],[5.7027,9.1781],[5.6783,9.1894],[5.6566,9.1938],[5.6254,9.1883],[5.5866,9.16],[5.552,9.1451],[5.5171,9.1404],[5.4992,9.1402],[5.515,9.1195],[5.5028,9.1053],[5.4896,9.1043],[5.4759,9.1099],[5.4327,9.1028],[5.4142,9.0814],[5.4071,9.0672],[5.4474,9.0617],[5.4741,9.0489],[5.496,9.019],[5.5107,9.0134],[5.5219,9.0007],[5.531,8.9814],[5.5462,8.9743],[5.5701,8.9707],[5.5869,8.9539],[5.6108,8.956],[5.6219,8.9539],[5.6509,8.927],[5.6844,8.9164],[5.6956,8.9179],[5.7113,8.9138],[5.7222,8.9158],[5.7512,8.9016],[5.7659,8.8981],[5.8066,8.9153],[5.8116,8.9224],[5.8299,8.9316],[5.8375,8.9443],[5.8375,8.956],[5.8238,8.9743],[5.805,9.0068],[5.7994,9.053],[5.803,9.0809],[5.8102,9.1054],[5.8109,9.1324],[5.8196,9.138],[5.8261,9.1556]]]},"properties":{"lga_pcode":"NG027007","lga_name":"Edati","state_pcode":"NG027","state_name":"Niger"}},
{"type":"Feature","geometry":{"type":"Polygon","coordinates":[[[4.5659,7.6957],[4.5395,7.7327],[4.5341,7.7513],[4.5245,7.7709],[4.4891,7.7555],[4.4782,7.7552],[4.4633,7.7623],[4.4269,7.76],[4.4086,7.7482],[4.3918,7.7307],[4.3766,7.6926],[4.385,7.6926],[4.4281,7.7082],[4.4418,7.7109],[4.4921,7.7086],[4.5325,7.7002],[4.5659,7.6957]]]},"properties":{"lga_pcode":"NG030007","lga_name":"Ede North","state_pcode":"NG030","state_name":"Osun"}},
{"type":"Feature","geometry":{"type":"Polygon","coordinates":[[[4.4436,7.6149],[4.4532,7.6232],[4.48,7.6153],[4.507,7.6201],[4.5264,7.618],[4.5283,7.6186],[4.5424,7.6316],[4.5466,7.6426],[4.5569,7.6434],[4.5691,7.6522],[4.5718,7.6766],[4.5687,7.694],[4.5659,7.6957],[4.5325,7.7002],[4.4921,7.7086],[4.4418,7.7109],[4.4281,7.7082],[4.385,7.6926],[4.3766,7.6926],[4.3569,7.6786],[4.3591,7.6624],[4.3507,7.6525],[4.3602,7.6247],[4.3678,7.6104],[4.3907,7.6049],[4.4436,7.6149]]]},"properties":{"lga_pcode":"NG030008","lga_name":"Ede South","state_pcode":"NG030","state_name":"Osun"}},
{"type":"Feature","geometry":{"type":"Polygon","coordinates":[[[5.5254,8.9401],[5.5119,8.9442],[5.4739,8.9476],[5.4576,8.9686],[5.425,8.9788],[5.4081,8.9788],[5.3911,8.9828],[5.3701,8.9964],[5.3484,8.9984],[5.3233,8.9923],[5.2866,9.01],[5.2724,9.0147],[5.2378,9.0188],[5.209,9.0351],[5.1968,9.0541],[5.1717,9.0873],[5.1595,9.107],[5.1079,9.1355],[5.0652,9.1626],[5.0482,9.1877],[5.0163,9.2053],[4.9967,9.2074],[4.9716,9.2006],[4.9621,9.1931],[4.9112,9.1714],[4.8861,9.1673],[4.8761,9.1576],[4.8895,9.1361],[4.8861,9.1246],[4.8976,9.1171],[4.9003,9.0995],[4.8976,9.0751],[4.8904,9.0568],[4.9078,9.0195],[4.9078,8.9938],[4.897,8.9756],[4.8946,8.9018],[4.9053,8.8827],[4.9252,8.8669],[4.9684,8.8479],[4.9849,8.8429],[4.9974,8.8288],[5.0297,8.8263],[5.0513,8.8172],[5.0786,8.7674],[5.0902,8.7376],[5.0985,8.7293],[5.1209,8.7169],[5.14,8.7094],[5.1624,8.6945],[5.1931,8.6895],[5.237,8.6605],[5.2577,8.6555],[5.2743,8.6563],[5.2901,8.6696],[5.3266,8.7053],[5.3556,8.7136],[5.3805,8.716],[5.4087,8.7003],[5.4207,8.6588],[5.424,8.6132],[5.419,8.5693],[5.4207,8.5336],[5.4356,8.4922],[5.4464,8.4797],[5.4766,8.4999],[5.4962,8.529],[5.5132,8.5385],[5.5159,8.5582],[5.4861,8.6097],[5.4773,8.6355],[5.4576,8.6755],[5.4501,8.7203],[5.4542,8.7475],[5.4603,8.7644],[5.4617,8.8044],[5.4501,8.8268],[5.4481,8.8614],[5.4583,8.8682],[5.48,8.8953],[5.4929,8.9062],[5.5166,8.9204],[5.5254,8.9401]]]},"properties":{"lga_pcode":"NG024003","lga_name":"Edu","state_pcode":"NG024","state_name":"Kwara"}},
{"type":"Feature","geometry":{"type":"Polygon","coordinates":[[[4.9064,7.5628],[4.9188,7.5854],[4.9312,7.6001],[4.9658,7.6182],[4.9811,7.6389],[4.9839,7.6489],[4.9821,7.6772],[4.9783,7.6852],[4.9781,7.7036],[4.9919,7.7184],[4.996,7.7329],[4.9982,7.7578],[4.981,7.7844],[4.9695,7.7914],[4.9438,7.7985],[4.9153,7.7912],[4.9094,7.7664],[4.8932,7.7303],[4.8803,7.6761],[4.8639,7.6227],[4.868,7.6163],[4.8831,7.6114],[4.9022,7.5764],[4.9064,7.5628]]]},"properties":{"lga_pcode":"NG013003","lga_name":"Efon","state_pcode":"NG013","state_name":"Ekiti"}},
{"type":"Feature","geometry":{"type":"Polygon","coordinates":[[[3.0136,7.3879],[2.984,7.3837],[2.9492,7.3647],[2.9216,7.339],[2.8909,7.3137],[2.8819,7.3118],[2.8602,7.3191],[2.8401,7.3304],[2.8259,7.3433],[2.8082,7.3529],[2.7861,7.3525],[2.7467,7.3386],[2.7454,7.2919],[2.7468,7.2577],[2.7628,7.2327],[2.7702,7.2153],[2.7722,7.1887],[2.7685,7.1713],[2.7499,7.1638],[2.7434,7.1505],[2.7373,7.1262],[2.7424,7.1112],[2.7585,7.0932],[2.7584,7.0827],[2.7495,7.0694],[2.7697,7.052],[2.7672,7.0387],[2.7339,7.0202],[2.724,7.0098],[2.7162,6.9844],[2.7123,6.9433],[2.7266,6.9264],[2.7376,6.9212],[2.7408,6.8974],[2.7377,6.8777],[2.741,6.8593],[2.8084,6.8351],[2.8192,6.8357],[2.8322,6.8505],[2.852,6.8627],[2.8896,6.8685],[2.909,6.878],[2.9204,6.9037],[2.9181,6.9458],[2.9289,6.9487],[2.9458,6.9419],[2.9686,6.9369],[2.981,6.9382],[3.0003,6.9504],[3.0324,6.94],[3.0615,6.9377],[3.0623,6.9674],[3.0749,6.9948],[3.084,7.0051],[3.113,7.0215],[3.1206,7.0298],[3.124,7.0443],[3.1228,7.0709],[3.1206,7.0862],[3.1259,7.1144],[3.121,7.1235],[3.1015,7.1391],[3.0902,7.1806],[3.0889,7.2004],[3.0611,7.2412],[3.0595,7.2573],[3.0648,7.2959],[3.061,7.3129],[3.0429,7.3149],[3.0145,7.3237],[3.0054,7.3586],[3.005,7.3687],[3.0136,7.3879]]]},"properties":{"lga_pcode":"NG028004","lga_name":"Egbado North","state_pcode":"NG028","state_name":"Ogun"}},
{"type":"Feature","geometry":{"type":"Polygon","coordinates":[[[3.0911,6.7432],[3.0915,6.7599],[3.0732,6.8067],[3.0618,6.8213],[3.053,6.8296],[3.0504,6.846],[3.053,6.8559],[3.0708,6.8735],[3.0778,6.8914],[3.0736,6.9162],[3.0615,6.9377],[3.0324,6.94],[3.0003,6.9504],[2.981,6.9382],[2.9686,6.9369],[2.9458,6.9419],[2.9289,6.9487],[2.9181,6.9458],[2.9204,6.9037],[2.909,6.878],[2.8896,6.8685],[2.852,6.8627],[2.8322,6.8505],[2.8192,6.8357],[2.8264,6.8031],[2.8137,6.7818],[2.8134,6.7726],[2.8429,6.7531],[2.8565,6.7144],[2.8678,6.6892],[2.8483,6.6575],[2.8361,6.6416],[2.8368,6.6335],[2.8484,6.6175],[2.8688,6.6094],[2.8859,6.5897],[2.8963,6.5834],[2.9242,6.5867],[2.93,6.5958],[2.9331,6.6141],[2.9171,6.6328],[2.9163,6.651],[2.9415,6.6735],[2.9662,6.6838],[3.0039,6.6712],[3.0122,6.6819],[3.046,6.7455],[3.0517,6.747],[3.0911,6.7432]]]},"properties":{"lga_pcode":"NG028005","lga_name":"Egbado South","state_pcode":"NG028","state_name":"Ogun"}},
{"type":"Feature","geometry":{"type":"Polygon","coordinates":[[[4.1483,7.4588],[4.1373,7.4664],[4.1091,7.4694],[4.0837,7.4597],[4.0681,7.4569],[4.0545,7.461],[4.0432,7.4727],[4.0501,7.4834],[4.042,7.5088],[4.0293,7.5072],[4.0097,7.4822],[4.0025,7.462],[4.0034,7.4461],[3.9935,7.4311],[3.9497,7.4102],[3.945,7.404],[3.9317,7.3792],[3.9344,7.382],[3.9669,7.3752],[3.9892,7.3683],[4.0117,7.3568],[4.0441,7.3494],[4.0745,7.3533],[4.1183,7.3133],[4.1289,7.3106],[4.1367,7.3303],[4.138,7.352],[4.135,7.3637],[4.1353,7.4057],[4.1414,7.4397],[4.1483,7.4588]]]},"properties":{"lga_pcode":"NG031005","lga_name":"Egbeda","state_pcode":"NG031","state_name":"Oyo"}},
{"type":"Feature","geometry":{"type":"Polygon","coordinates":[[[4.5245,7.7709],[4.5333,7.7749],[4.526,7.786],[4.526,7.8056],[4.5295,7.8126],[4.547,7.8222],[4.5611,7.842],[4.5587,7.8572],[4.5433,7.8712],[4.5379,7.8618],[4.5013,7.8389],[4.4814,7.8104],[4.473,7.8062],[4.462,7.818],[4.4648,7.8426],[4.4468,7.8517],[4.4304,7.8693],[4.4227,7.8862],[4.4101,7.8916],[4.3925,7.8925],[4.3823,7.8842],[4.3656,7.8595],[4.3673,7.8492],[4.3583,7.8412],[4.3587,7.8069],[4.3553,7.7963],[4.3415,7.7802],[4.3293,7.7551],[4.3286,7.7444],[4.34,7.7109],[4.3484,7.6994],[4.3569,7.6786],[4.3766,7.6926],[4.3918,7.7307],[4.4086,7.7482],[4.4269,7.76],[4.4633,7.7623],[4.4782,7.7552],[4.4891,7.7555],[4.5245,7.7709]]]},"properties":{"lga_pcode":"NG030009","lga_name":"Egbedore","state_pcode":"NG030","state_name":"Osun"}},
{"type":"Feature","geometry":{"type":"Polygon","coordinates":[[[5.6446,6.3742],[5.64,6.4098],[5.6207,6.4029],[5.5961,6.4042],[5.5746,6.4003],[5.5638,6.3873],[5.5575,6.3715],[5.5293,6.3381],[5.5347,6.3256],[5.562,6.306],[5.5722,6.3181],[5.5867,6.3275],[5.5955,6.3459],[5.6064,6.3517],[5.6264,6.356],[5.6446,6.3742]]]},"properties":{"lga_pcode":"NG012002","lga_name":"Egor","state_pcode":"NG012","state_name":"Edo"}},
{"type":"Feature","geometry":{"type":"Polygon","coordinates":[[[7.3089,5.6179],[7.3323,5.6288],[7.3451,5.6275],[7.3466,5.6562],[7.3429,5.6902],[7.346,5.7041],[7.3612,5.7143],[7.3466,5.7228],[7.3331,5.7257],[7.3092,5.7612],[7.293,5.7697],[7.266,5.7442],[7.265,5.7356],[7.2453,5.7246],[7.2495,5.7034],[7.2481,5.6832],[7.2275,5.6676],[7.2233,5.6562],[7.2209,5.6235],[7.2231,5.6125],[7.2537,5.6086],[7.2856,5.6187],[7.3089,5.6179]]]},"properties":{"lga_pcode":"NG017003","lga_name":"Ehime-Mbano","state_pcode":"NG017","state_name":"Imo"}},
{"type":"Feature","geometry":{"type":"Polygon","coordinates":[[[4.3507,7.6525],[4.3591,7.6624],[4.3569,7.6786],[4.3484,7.6994],[4.34,7.7109],[4.3286,7.7444],[4.3293,7.7551],[4.3415,7.7802],[4.3553,7.7963],[4.3587,7.8069],[4.3583,7.8412],[4.3673,7.8492],[4.3656,7.8595],[4.3602,7.8828],[4.3484,7.9049],[4.3381,7.9163],[4.3282,7.935],[4.3071,7.9445],[4.2859,7.9655],[4.2765,7.9711],[4.2508,7.9655],[4.2388,7.9542],[4.2356,7.9327],[4.1913,7.9102],[4.1973,7.8888],[4.2165,7.8747],[4.2108,7.8668],[4.1864,7.8649],[4.1471,7.8496],[4.1198,7.8492],[4.1025,7.8436],[4.0911,7.8502],[4.0762,7.8249],[4.0725,7.8087],[4.1231,7.8142],[4.1486,7.8207],[4.1658,7.8348],[4.1765,7.8386],[4.2214,7.8397],[4.2394,7.8309],[4.2584,7.8146],[4.2794,7.7852],[4.2931,7.7768],[4.3,7.7631],[4.2939,7.7509],[4.3007,7.7208],[4.3087,7.709],[4.3199,7.679],[4.3301,7.6666],[4.3507,7.6525]]]},"properties":{"lga_pcode":"NG030010","lga_name":"Ejigbo","state_pcode":"NG030","state_name":"Osun"}},
{"type":"Feature","geometry":{"type":"Polygon","coordinates":[[[5.8814,5.1095],[5.8776,5.0914],[5.8695,5.0711],[5.8574,5.0774],[5.8483,5.0665],[5.8409,5.0676],[5.8401,5.0831],[5.8226,5.0758],[5.8141,5.0845],[5.8036,5.0819],[5.7913,5.0858],[5.7881,5.0725],[5.779,5.058],[5.7642,5.0642],[5.752,5.0537],[5.7306,5.0545],[5.7194,5.0309],[5.7103,5.0238],[5.6912,5.0242],[5.6756,5.0299],[5.6667,5.0283],[5.6636,5.0151],[5.6479,5.0118],[5.6329,5.0184],[5.6197,5.0347],[5.5909,5.0434],[5.5846,5.0552],[5.5509,5.0556],[5.5241,5.0688],[5.5116,5.0883],[5.5029,5.0925],[5.4851,5.0904],[5.4705,5.0932],[5.4675,5.1017],[5.4725,5.1123],[5.4698,5.1232],[5.4365,5.1414],[5.4285,5.1416],[5.3904,5.1342],[5.3802,5.1267],[5.387,5.107],[5.39,5.0864],[5.4264,5.0168],[5.4367,5.0059],[5.4498,4.9681],[5.4486,4.9443],[5.465,4.9168],[5.4639,4.8908],[5.4754,4.8664],[5.4928,4.8375],[5.5105,4.8125],[5.531,4.7742],[5.5397,4.7527],[5.5648,4.7374],[5.5667,4.7272],[5.5696,4.7226],[5.5957,4.7351],[5.5976,4.7448],[5.6205,4.7289],[5.6253,4.7437],[5.6448,4.7379],[5.6477,4.7476],[5.6425,4.7654],[5.6487,4.7746],[5.6741,4.7854],[5.6896,4.7787],[5.6966,4.7928],[5.6966,4.8105],[5.7243,4.8006],[5.7553,4.7961],[5.766,4.8005],[5.7716,4.8146],[5.7856,4.8035],[5.8276,4.8165],[5.8951,4.846],[5.9177,4.8581],[5.9778,4.8845],[5.9926,4.893],[5.9825,4.9141],[5.9802,4.9383],[5.9898,4.9656],[5.9932,4.9957],[5.9923,5.0482],[5.9788,5.0615],[5.9629,5.091],[5.9599,5.1008],[5.9665,5.11],[5.9749,5.1375],[5.9605,5.1572],[5.9461,5.1642],[5.9278,5.1607],[5.9269,5.1399],[5.9164,5.1315],[5.9145,5.1081],[5.8853,5.1],[5.8814,5.1095]]]},"properties":{"lga_pcode":"NG006002","lga_name":"Ekeremor","state_pcode":"NG006","state_name":"Bayelsa"}},
{"type":"Feature","geometry":{"type":"Polygon","coordinates":[[[8.0222,4.6925],[8.013,4.6919],[7.9862,4.6813],[7.9688,4.6967],[7.954,4.6822],[7.9432,4.6815],[7.9258,4.6964],[7.897,4.714],[7.8849,4.7162],[7.8845,4.6995],[7.8938,4.6874],[7.8797,4.6648],[7.8839,4.6464],[7.9006,4.6402],[7.9126,4.6426],[7.9155,4.6328],[7.9071,4.6189],[7.9261,4.6069],[7.9256,4.5971],[7.9067,4.5969],[7.8923,4.6026],[7.8889,4.5968],[7.8931,4.5807],[7.9001,4.5709],[7.8968,4.5541],[7.9311,4.5642],[7.9471,4.5747],[7.9877,4.5855],[8.0009,4.5815],[8.01,4.5851],[8.0064,4.6104],[7.9979,4.6365],[7.9987,4.6443],[8.0186,4.6587],[8.0222,4.6925]]]},"properties":{"lga_pcode":"NG003003","lga_name":"Eket","state_pcode":"NG003","state_name":"Akwa Ibom"}},
{"type":"Feature","geometry":{"type":"Polygon","coordinates":[[[5.498,8.1107],[5.5045,8.1238],[5.518,8.1312],[5.5327,8.1468],[5.5367,8.1564],[5.5397,8.1907],[5.527,8.2048],[5.4882,8.2083],[5.4662,8.2025],[5.4575,8.2064],[5.4541,8.1977],[5.4345,8.1851],[5.3662,8.1712],[5.3236,8.1681],[5.2962,8.1612],[5.2637,8.1492],[5.2397,8.1467],[5.2287,8.142],[5.1906,8.1134],[5.1702,8.0812],[5.1626,8.0495],[5.1819,8.0363],[5.1958,8.0182],[5.2308,8.022],[5.2445,8.0205],[5.2624,8.0129],[5.2829,8.0085],[5.3177,8.0077],[5.3324,8.0096],[5.352,8.0257],[5.3592,8.0361],[5.3614,8.0434],[5.3587,8.0739],[5.364,8.0905],[5.3873,8.1021],[5.4212,8.1055],[5.4491,8.1059],[5.498,8.1107]]]},"properties":{"lga_pcode":"NG024004","lga_name":"Ekiti","state_pcode":"NG024","state_name":"Kwara"}},
{"type":"Feature","geometry":{"type":"Polygon","coordinates":[[[5.6244,7.6284],[5.6494,7.6368],[5.6757,7.6237],[5.6914,7.638],[5.6949,7.6718],[5.6994,7.6829],[5.7165,7.701],[5.7676,7.7372],[5.773,7.7473],[5.7916,7.7821],[5.768,7.7876],[5.746,7.805],[5.7381,7.8192],[5.729,7.8283],[5.7102,7.8301],[5.6588,7.8277],[5.6502,7.8092],[5.6327,7.7852],[5.6168,7.7553],[5.6027,7.7434],[5.5812,7.7302],[5.5546,7.6919],[5.5707,7.685],[5.5884,7.6718],[5.6169,7.6352],[5.6244,7.6284]]]},"properties":{"lga_pcode":"NG013004","lga_name":"Ekiti East","state_pcode":"NG013","state_name":"Ekiti"}},
{"type":"Feature","geometry":{"type":"Polygon","coordinates":[[[5.1064,7.6225],[5.0998,7.6397],[5.075,7.6106],[5.0614,7.5824],[5.0347,7.5474],[5.0144,7.5425],[4.9797,7.5563],[4.9565,7.5555],[4.9064,7.5628],[4.9179,7.5298],[4.9202,7.5172],[4.9524,7.4478],[4.9848,7.4265],[4.9871,7.4192],[5.0062,7.4137],[5.0181,7.4313],[5.0486,7.4573],[5.0652,7.4602],[5.0847,7.457],[5.0987,7.4752],[5.1185,7.491],[5.1368,7.5096],[5.1672,7.5507],[5.1572,7.5523],[5.1541,7.5835],[5.1613,7.5996],[5.1508,7.607],[5.1216,7.6043],[5.1139,7.6084],[5.1064,7.6225]]]},"properties":{"lga_pcode":"NG013005","lga_name":"Ekiti South West","state_pcode":"NG013","state_name":"Ekiti"}},
{"type":"Feature","geometry":{"type":"Polygon","coordinates":[[[4.9064,7.5628],[4.9565,7.5555],[4.9797,7.5563],[5.0144,7.5425],[5.0347,7.5474],[5.0614,7.5824],[5.075,7.6106],[5.0998,7.6397],[5.1092,7.6825],[5.1137,7.6934],[5.0905,7.7275],[5.0628,7.7475],[5.0248,7.7627],[4.9967,7.792],[4.979,7.8229],[4.9738,7.8643],[4.9658,7.8763],[4.9414,7.8976],[4.9273,7.8804],[4.9238,7.8635],[4.9111,7.8501],[4.91,7.8418],[4.9086,7.8298],[4.9158,7.8221],[4.9153,7.7912],[4.9438,7.7985],[4.9695,7.7914],[4.981,7.7844],[4.9982,7.7578],[4.996,7.7329],[4.9919,7.7184],[4.9781,7.7036],[4.9783,7.6852],[4.9821,7.6772],[4.9839,7.6489],[4.9811,7.6389],[4.9658,7.6182],[4.9312,7.6001],[4.9188,7.5854],[4.9064,7.5628]]]},"properties":{"lga_pcode":"NG013006","lga_name":"Ekiti West","state_pcode":"NG013","state_name":"Ekiti"}},
{"type":"Feature","geometry":{"type":"Polygon","coordinates":[[[6.8967,6.0737],[6.8892,6.0716],[6.8643,6.0485],[6.8469,6.042],[6.8212,6.0418],[6.8115,6.0336],[6.7842,6.0581],[6.7929,6.0306],[6.8047,5.9794],[6.825,5.9455],[6.8421,5.9316],[6.8564,5.9384],[6.8589,5.9186],[6.881,5.9124],[6.8877,5.9194],[6.8884,5.9364],[6.9005,5.9438],[6.9021,5.9652],[6.8984,5.977],[6.8856,5.9754],[6.8725,5.9845],[6.8813,6.0091],[6.8761,6.0255],[6.8911,6.0351],[6.8927,6.0611],[6.8967,6.0737]]]},"properties":{"lga_pcode":"NG004009","lga_name":"Ekwusigo","state_pcode":"NG004","state_name":"Anambra"}},
{"type":"Feature","geometry":{"type":"Polygon","coordinates":[[[7.1818,4.8383],[7.1524,4.8507],[7.1385,4.841],[7.104,4.8422],[7.0841,4.8326],[7.0766,4.814],[7.0765,4.8042],[7.0933,4.7831],[7.1069,4.754],[7.1173,4.739],[7.136,4.724],[7.1587,4.7224],[7.1756,4.7357],[7.1952,4.7478],[7.1934,4.7576],[7.2033,4.7738],[7.2069,4.7869],[7.1939,4.7992],[7.1807,4.822],[7.1818,4.8383]]]},"properties":{"lga_pcode":"NG033009","lga_name":"Eleme","state_pcode":"NG033","state_name":"Rivers"}},
{"type":"Feature","geometry":{"type":"Polygon","coordinates":[[[6.7378,4.8208],[6.7538,4.8055],[6.7834,4.8024],[6.8057,4.7914],[6.8225,4.8003],[6.823,4.8185],[6.8302,4.8242],[6.8541,4.8071],[6.8833,4.8022],[6.8873,4.7977],[6.8933,4.7917],[6.9064,4.7935],[6.9186,4.7849],[6.9244,4.7947],[6.9212,4.8069],[6.9307,4.8169],[6.9219,4.8246],[6.9258,4.8396],[6.9179,4.8482],[6.9081,4.8492],[6.9036,4.8688],[6.8932,4.8859],[6.9008,4.894],[6.8988,4.9049],[6.8753,4.9027],[6.8611,4.9131],[6.8516,4.9351],[6.8477,4.9612],[6.8494,4.9971],[6.8369,5.0345],[6.8209,5.0468],[6.8025,5.0553],[6.7833,5.0699],[6.7761,5.0858],[6.7758,5.1007],[6.7819,5.1119],[6.8037,5.1369],[6.8237,5.154],[6.8322,5.1809],[6.8317,5.2215],[6.849,5.2498],[6.8361,5.2499],[6.8182,5.258],[6.7944,5.2773],[6.7788,5.2727],[6.7567,5.2757],[6.7423,5.2733],[6.7307,5.2639],[6.7101,5.2178],[6.7155,5.2052],[6.7175,5.1822],[6.6963,5.1191],[6.6983,5.0897],[6.6907,5.0557],[6.689,5.0287],[6.6782,5.0031],[6.6689,4.9911],[6.6793,4.9756],[6.6811,4.9635],[6.6763,4.9416],[6.6679,4.9324],[6.6852,4.9173],[6.6692,4.9052],[6.6774,4.8974],[6.69,4.9029],[6.6939,4.8924],[6.6771,4.8843],[6.6829,4.8709],[6.7022,4.8682],[6.7109,4.856],[6.7201,4.855],[6.7204,4.8322],[6.7378,4.8208]]]},"properties":{"lga_pcode":"NG033010","lga_name":"Emohua","state_pcode":"NG033","state_name":"Rivers"}},
{"type":"Feature","geometry":{"type":"Polygon","coordinates":[[[5.5274,7.5104],[5.4995,7.4905],[5.4699,7.4779],[5.4466,7.463],[5.4393,7.4369],[5.4438,7.4132],[5.4508,7.4003],[5.4581,7.369],[5.457,7.3565],[5.4504,7.3457],[5.4505,7.3189],[5.5017,7.3254],[5.5264,7.3409],[5.546,7.3742],[5.5525,7.3798],[5.5754,7.4178],[5.5883,7.4317],[5.5994,7.4502],[5.6103,7.4845],[5.6099,7.485],[5.5875,7.4931],[5.5762,7.5027],[5.5494,7.5112],[5.5274,7.5104]]]},"properties":{"lga_pcode":"NG013007","lga_name":"Emure","state_pcode":"NG013","state_name":"Ekiti"}},
{"type":"Feature","geometry":{"type":"Polygon","coordinates":[[[7.6535,6.6016],[7.6273,6.6182],[7.6002,6.6435],[7.5823,6.6519],[7.5749,6.6668],[7.5623,6.66],[7.5438,6.6311],[7.5409,6.6287],[7.4828,6.626],[7.4592,6.6169],[7.4632,6.5645],[7.4601,6.4809],[7.4728,6.485],[7.4815,6.4768],[7.4715,6.4675],[7.4959,6.4655],[7.5436,6.4656],[7.5593,6.4536],[7.5767,6.4667],[7.5961,6.4659],[7.6022,6.4576],[7.6307,6.4482],[7.6321,6.4571],[7.6443,6.4711],[7.6518,6.4864],[7.6574,6.513],[7.65,6.5418],[7.6522,6.5527],[7.6491,6.5824],[7.6535,6.6016]]]},"properties":{"lga_pcode":"NG014003","lga_name":"Enugu East","state_pcode":"NG014","state_name":"Enugu"}},
{"type":"Feature","geometry":{"type":"Polygon","coordinates":[[[7.4601,6.4809],[7.4474,6.4506],[7.4524,6.4234],[7.4684,6.4226],[7.469,6.4155],[7.4911,6.4286],[7.5281,6.4277],[7.5435,6.4239],[7.5688,6.4082],[7.5817,6.3973],[7.5802,6.4227],[7.5853,6.4279],[7.6188,6.4199],[7.6307,6.4482],[7.6022,6.4576],[7.5961,6.4659],[7.5767,6.4667],[7.5593,6.4536],[7.5436,6.4656],[7.4959,6.4655],[7.4715,6.4675],[7.4815,6.4768],[7.4728,6.485],[7.4601,6.4809]]]},"properties":{"lga_pcode":"NG014004","lga_name":"Enugu North","state_pcode":"NG014","state_name":"Enugu"}},
{"type":"Feature","geometry":{"type":"Polygon","coordinates":[[[7.4524,6.4234],[7.4409,6.4104],[7.4601,6.3916],[7.469,6.3795],[7.5144,6.3589],[7.5403,6.3663],[7.5592,6.3763],[7.5662,6.3868],[7.5817,6.3973],[7.5688,6.4082],[7.5435,6.4239],[7.5281,6.4277],[7.4911,6.4286],[7.469,6.4155],[7.4684,6.4226],[7.4524,6.4234]]]},"properties":{"lga_pcode":"NG014005","lga_name":"Enugu South","state_pcode":"NG014","state_name":"Enugu"}},
{"type":"Feature","geometry":{"type":"Polygon","coordinates":[[[3.9168,6.6807],[3.7079,6.683],[3.7,6.6824],[3.6917,6.668],[3.6825,6.6377],[3.6966,6.6259],[3.7047,6.6049],[3.6799,6.5819],[3.6684,6.5686],[3.6503,6.5599],[3.6425,6.5502],[3.6295,6.5179],[3.6288,6.4992],[3.6201,6.4871],[3.6421,6.4796],[3.6478,6.4884],[3.6638,6.4916],[3.7638,6.5343],[3.8183,6.5563],[3.8486,6.563],[3.8724,6.5558],[3.9342,6.5038],[3.9599,6.4992],[3.9597,6.4314],[3.9971,6.4252],[3.9971,6.4908],[4.0086,6.4892],[4.0174,6.472],[4.0502,6.4592],[4.0585,6.4461],[4.0719,6.4337],[4.0874,6.4361],[4.1076,6.4254],[4.1448,6.4331],[4.1654,6.4202],[4.1954,6.4237],[4.2048,6.4194],[4.2149,6.4046],[4.2411,6.3823],[4.3508,6.371],[4.3508,6.4276],[4.3372,6.4395],[4.3092,6.4395],[4.2987,6.4352],[4.279,6.4379],[4.2638,6.4436],[4.2533,6.4343],[4.2369,6.4382],[4.2258,6.4456],[4.2173,6.4631],[4.2035,6.4619],[4.1611,6.4747],[4.1562,6.4988],[4.1677,6.5036],[4.1783,6.5151],[4.2111,6.5281],[4.2223,6.5377],[4.2287,6.5576],[4.22,6.5675],[4.2118,6.5817],[4.2015,6.5869],[4.1867,6.5849],[4.1663,6.5934],[4.151,6.5813],[4.1318,6.5732],[4.1106,6.5583],[4.1095,6.5484],[4.0944,6.5469],[4.0906,6.5618],[4.0829,6.5592],[4.0682,6.5636],[4.0649,6.5806],[4.0514,6.616],[4.0586,6.6299],[4.0815,6.6376],[4.0926,6.6565],[4.0915,6.679],[4.0785,6.6792],[4.0197,6.6799],[3.9791,6.6824],[3.9472,6.6802],[3.9168,6.6807]]]},"properties":{"lga_pcode":"NG025007","lga_name":"Epe","state_pcode":"NG025","state_name":"Lagos"}},
{"type":"Feature","geometry":{"type":"Polygon","coordinates":[[[6.4006,6.8137],[6.3831,6.8126],[6.3396,6.8196],[6.3033,6.8285],[6.2807,6.7996],[6.2662,6.8004],[6.2574,6.8274],[6.2507,6.8363],[6.2371,6.8149],[6.2163,6.7981],[6.2091,6.7888],[6.2155,6.763],[6.2101,6.75],[6.174,6.7192],[6.1686,6.7053],[6.1722,6.6905],[6.1932,6.6501],[6.1915,6.6325],[6.1643,6.6054],[6.1354,6.5885],[6.1463,6.5766],[6.1608,6.574],[6.1826,6.5788],[6.2079,6.5929],[6.2106,6.605],[6.2241,6.6254],[6.2466,6.6336],[6.2642,6.6364],[6.2621,6.6563],[6.2521,6.6765],[6.2493,6.6996],[6.242,6.7189],[6.2403,6.7355],[6.2459,6.743],[6.2745,6.7524],[6.2962,6.7573],[6.347,6.7559],[6.3661,6.7598],[6.3866,6.7695],[6.3943,6.7827],[6.4006,6.8137]]]},"properties":{"lga_pcode":"NG012003","lga_name":"Esan Central","state_pcode":"NG012","state_name":"Edo"}},
{"type":"Feature","geometry":{"type":"Polygon","coordinates":[[[6.2642,6.6364],[6.2813,6.6391],[6.3065,6.6524],[6.3407,6.657],[6.3373,6.6681],[6.3473,6.6746],[6.3735,6.7044],[6.397,6.713],[6.4297,6.7142],[6.4351,6.7198],[6.4287,6.7521],[6.4313,6.7761],[6.5174,6.7935],[6.5309,6.7934],[6.5227,6.8333],[6.5281,6.8565],[6.5217,6.8823],[6.5016,6.9089],[6.4832,6.925],[6.4645,6.9039],[6.4292,6.8537],[6.4247,6.8435],[6.4006,6.8137],[6.3943,6.7827],[6.3866,6.7695],[6.3661,6.7598],[6.347,6.7559],[6.2962,6.7573],[6.2745,6.7524],[6.2459,6.743],[6.2403,6.7355],[6.242,6.7189],[6.2493,6.6996],[6.2521,6.6765],[6.2621,6.6563],[6.2642,6.6364]]]},"properties":{"lga_pcode":"NG012004","lga_name":"Esan North East","state_pcode":"NG012","state_name":"Edo"}},
{"type":"Feature","geometry":{"type":"Polygon","coordinates":[[[6.6647,6.5324],[6.6619,6.5527],[6.6601,6.6086],[6.6528,6.6343],[6.628,6.6746],[6.6179,6.7049],[6.6262,6.7315],[6.6317,6.7691],[6.6236,6.7936],[6.6163,6.7908],[6.5482,6.7911],[6.5309,6.7934],[6.5174,6.7935],[6.4313,6.7761],[6.4287,6.7521],[6.4351,6.7198],[6.4297,6.7142],[6.397,6.713],[6.3735,6.7044],[6.3473,6.6746],[6.3373,6.6681],[6.3407,6.657],[6.3483,6.6404],[6.3502,6.6266],[6.3385,6.6034],[6.3349,6.5904],[6.3249,6.5802],[6.2959,6.5725],[6.2851,6.5595],[6.2788,6.5446],[6.2616,6.5269],[6.2735,6.5049],[6.2844,6.4902],[6.2971,6.4792],[6.2945,6.4626],[6.281,6.432],[6.2855,6.4255],[6.3064,6.4137],[6.2983,6.3933],[6.2884,6.3784],[6.2816,6.3603],[6.2903,6.3619],[6.3128,6.3673],[6.3363,6.3782],[6.3496,6.3788],[6.3623,6.3844],[6.3702,6.3833],[6.4127,6.396],[6.4313,6.4068],[6.4454,6.4252],[6.4662,6.4409],[6.4805,6.4478],[6.5022,6.464],[6.5096,6.4758],[6.5233,6.4875],[6.5402,6.492],[6.5755,6.4951],[6.6088,6.4995],[6.6327,6.4893],[6.6463,6.4887],[6.6689,6.5012],[6.6647,6.5324]]]},"properties":{"lga_pcode":"NG012005","lga_name":"Esan South East","state_pcode":"NG012","state_name":"Edo"}},
{"type":"Feature","geometry":{"type":"Polygon","coordinates":[[[6.2507,6.8363],[6.2416,6.8417],[6.2144,6.8322],[6.1854,6.8246],[6.1674,6.8238],[6.1419,6.8251],[6.1138,6.8174],[6.1011,6.8109],[6.0568,6.7809],[6.046,6.7763],[6.0242,6.7713],[6.0133,6.7731],[6.0251,6.7547],[6.0524,6.7263],[6.0913,6.6803],[6.0872,6.6213],[6.0845,6.6047],[6.0728,6.5732],[6.0729,6.5492],[6.0994,6.481],[6.1095,6.4622],[6.1277,6.4743],[6.1676,6.4886],[6.192,6.4914],[6.2154,6.4985],[6.2232,6.5055],[6.216,6.5342],[6.2089,6.5726],[6.2079,6.5929],[6.1826,6.5788],[6.1608,6.574],[6.1463,6.5766],[6.1354,6.5885],[6.1643,6.6054],[6.1915,6.6325],[6.1932,6.6501],[6.1722,6.6905],[6.1686,6.7053],[6.174,6.7192],[6.2101,6.75],[6.2155,6.763],[6.2091,6.7888],[6.2163,6.7981],[6.2371,6.8149],[6.2507,6.8363]]]},"properties":{"lga_pcode":"NG012006","lga_name":"Esan West","state_pcode":"NG012","state_name":"Edo"}},
{"type":"Feature","geometry":{"type":"Polygon","coordinates":[[[5.0156,6.2924],[4.9959,6.2998],[4.9912,6.3317],[4.9767,6.349],[4.9551,6.362],[4.8999,6.3614],[4.8956,6.3788],[4.9056,6.3953],[4.9043,6.4167],[4.9093,6.4301],[4.9092,6.4434],[4.8968,6.4515],[4.8808,6.4472],[4.8549,6.4313],[4.8355,6.4146],[4.8047,6.4048],[4.8293,6.3576],[4.8489,6.3475],[4.861,6.3464],[4.8703,6.3298],[4.8649,6.3132],[4.8409,6.2835],[4.8327,6.2613],[4.8373,6.2369],[4.8407,6.2034],[4.8506,6.1654],[4.8367,6.1342],[4.8321,6.1151],[4.8325,6.0853],[4.8844,6.0238],[4.9636,5.9603],[4.9992,5.9218],[5.0164,5.9486],[5.0417,6.0051],[5.0759,6.078],[5.1011,6.1249],[5.127,6.1639],[5.1351,6.1698],[5.1359,6.1867],[5.1287,6.1897],[5.1225,6.2059],[5.1128,6.1955],[5.1032,6.2022],[5.0892,6.2011],[5.0872,6.2145],[5.0729,6.2312],[5.0733,6.2395],[5.0635,6.2483],[5.0534,6.2468],[5.048,6.2649],[5.0377,6.2774],[5.0296,6.2792],[5.0156,6.2924]]]},"properties":{"lga_pcode":"NG029007","lga_name":"Ese-Odo","state_pcode":"NG029","state_name":"Ondo"}},
{"type":"Feature","geometry":{"type":"Polygon","coordinates":[[[8.01,4.5851],[8.0181,4.5828],[8.0593,4.5883],[8.0811,4.5937],[8.1469,4.6],[8.1504,4.6018],[8.1537,4.6134],[8.1516,4.6457],[8.1475,4.6641],[8.1347,4.6761],[8.1163,4.6852],[8.0921,4.6902],[8.0679,4.7033],[8.0479,4.6996],[8.0365,4.6921],[8.0222,4.6925],[8.0186,4.6587],[7.9987,4.6443],[7.9979,4.6365],[8.0064,4.6104],[8.01,4.5851]]]},"properties":{"lga_pcode":"NG003004","lga_name":"Esit - Eket","state_pcode":"NG003","state_name":"Akwa Ibom"}},
{"type":"Feature","geometry":{"type":"Polygon","coordinates":[[[7.7871,5.1201],[7.7797,5.1409],[7.7642,5.1493],[7.7489,5.1312],[7.7357,5.1306],[7.708,5.1482],[7.6741,5.1526],[7.6545,5.1651],[7.6509,5.1818],[7.6398,5.1758],[7.612,5.1705],[7.608,5.1745],[7.5816,5.1749],[7.5657,5.1609],[7.5308,5.1503],[7.5338,5.1405],[7.5347,5.1087],[7.5469,5.0881],[7.5706,5.0657],[7.5908,5.0555],[7.6057,5.0533],[7.6178,5.0465],[7.6261,5.0206],[7.6358,5.0299],[7.6579,5.0439],[7.681,5.0419],[7.6803,5.0487],[7.6984,5.0561],[7.7129,5.0458],[7.7128,5.0664],[7.7259,5.076],[7.7552,5.0718],[7.7871,5.1201]]]},"properties":{"lga_pcode":"NG003005","lga_name":"Essien Udim","state_pcode":"NG003","state_name":"Akwa Ibom"}},
{"type":"Feature","geometry":{"type":"Polygon","coordinates":[[[7.2421,5.1959],[7.2245,5.1951],[7.1983,5.1998],[7.1663,5.212],[7.1571,5.2345],[7.1381,5.2372],[7.1159,5.2464],[7.1128,5.2375],[7.094,5.2255],[7.056,5.2441],[7.04,5.2496],[6.9984,5.2392],[6.9865,5.2343],[6.9677,5.2347],[6.9664,5.2027],[6.9631,5.1878],[6.9633,5.1678],[6.9879,5.0338],[7.0178,4.9837],[7.0352,4.9677],[7.0394,4.9348],[7.0531,4.9214],[7.0628,4.9199],[7.0976,4.9033],[7.1044,4.893],[7.1261,4.8966],[7.1311,4.9073],[7.1438,4.9132],[7.1503,4.9243],[7.1685,4.9448],[7.1949,4.953],[7.1936,4.9664],[7.1851,4.9823],[7.1679,4.9853],[7.1625,4.9979],[7.1649,5.0114],[7.1761,5.0206],[7.1906,5.0522],[7.2041,5.0703],[7.2091,5.1038],[7.2247,5.1512],[7.2349,5.1628],[7.2439,5.1861],[7.2421,5.1959]]]},"properties":{"lga_pcode":"NG033011","lga_name":"Etche","state_pcode":"NG033","state_name":"Rivers"}},
{"type":"Feature","geometry":{"type":"MultiPolygon","coordinates":[[[[5.9919,5.7544],[5.9817,5.7481],[5.9586,5.7507],[5.9409,5.7464],[5.9246,5.7483],[5.9061,5.7704],[5.8905,5.7633],[5.8879,5.753],[5.8682,5.7479],[5.85,5.6964],[5.8698,5.6862],[5.8998,5.6621],[5.9183,5.629],[5.9082,5.6121],[5.9246,5.5958],[5.9376,5.5771],[5.9587,5.5628],[5.971,5.5587],[5.9798,5.5622],[5.9913,5.5818],[6.0178,5.5903],[6.0409,5.603],[6.0585,5.6218],[6.0577,5.6468],[6.0542,5.6593],[6.0412,5.6855],[6.0397,5.7006],[6.0261,5.7131],[6.0076,5.7386],[5.9919,5.7544]]],[[[6.1627,5.7406],[6.1442,5.7668],[6.127,5.8117],[6.1209,5.8397],[6.1019,5.8032],[6.0937,5.7941],[6.0736,5.7865],[6.0619,5.7751],[6.049,5.7688],[6.0517,5.7563],[6.0783,5.7461],[6.0919,5.7456],[6.1463,5.7377],[6.1627,5.7406]]]]},"properties":{"lga_pcode":"NG010005","lga_name":"Ethiope East","state_pcode":"NG010","state_name":"Delta"}},
{"type":"Feature","geometry":{"type":"Polygon","coordinates":[[[5.7642,5.9978],[5.6989,6.0336],[5.6689,6.052],[5.6575,6.0332],[5.6262,6.0288],[5.6051,6.0231],[5.5834,6.0111],[5.5713,5.9909],[5.572,5.9777],[5.5639,5.9582],[5.5831,5.9286],[5.6015,5.9169],[5.6125,5.9174],[5.6204,5.9295],[5.6222,5.941],[5.6327,5.9476],[5.6477,5.9429],[5.6811,5.9065],[5.7111,5.897],[5.7273,5.9041],[5.7187,5.8701],[5.7249,5.8654],[5.7424,5.8697],[5.7539,5.8582],[5.766,5.86],[5.7744,5.8546],[5.7787,5.8421],[5.7684,5.8346],[5.7749,5.8248],[5.7856,5.8103],[5.792,5.8118],[5.7972,5.7907],[5.8125,5.7889],[5.8137,5.7789],[5.8622,5.7888],[5.8674,5.7809],[5.8942,5.7986],[5.9024,5.8111],[5.9064,5.826],[5.9065,5.8439],[5.9213,5.8773],[5.8333,5.9411],[5.8353,5.9515],[5.812,5.9839],[5.7951,5.9796],[5.7642,5.9978]]]},"properties":{"lga_pcode":"NG010006","lga_name":"Ethiope West","state_pcode":"NG010","state_name":"Delta"}},
{"type":"Feature","geometry":{"type":"Polygon","coordinates":[[[3.4023,6.4007],[3.4053,6.4121],[3.4191,6.4187],[3.4675,6.4201],[3.5089,6.4194],[3.5398,6.4216],[3.5747,6.4212],[3.6308,6.4226],[3.673,6.4756],[3.6638,6.4916],[3.6478,6.4884],[3.6421,6.4796],[3.6201,6.4871],[3.6288,6.4992],[3.6295,6.5179],[3.5895,6.5262],[3.5704,6.5128],[3.5722,6.4915],[3.5592,6.4769],[3.5124,6.4676],[3.5003,6.4619],[3.471,6.4647],[3.4569,6.4689],[3.4204,6.468],[3.4063,6.4645],[3.4092,6.4516],[3.3999,6.4344],[3.4029,6.4274],[3.398,6.4067],[3.4023,6.4007]]]},"properties":{"lga_pcode":"NG025008","lga_name":"Eti-Osa","state_pcode":"NG025","state_name":"Lagos"}},
{"type":"Feature","geometry":{"type":"Polygon","coordinates":[[[7.681,5.0419],[7.6579,5.0439],[7.6358,5.0299],[7.6261,5.0206],[7.6178,5.0465],[7.6019,5.0325],[7.5842,5.0231],[7.5751,5.011],[7.5652,4.9869],[7.5574,4.9822],[7.5322,4.954],[7.5111,4.9446],[7.4915,4.9468],[7.4808,4.9328],[7.4771,4.9088],[7.4857,4.9032],[7.4871,4.8908],[7.4807,4.8827],[7.4958,4.8608],[7.5044,4.8684],[7.5191,4.8893],[7.5463,4.9138],[7.5741,4.9446],[7.597,4.9482],[7.6364,4.9635],[7.6604,4.9386],[7.6662,4.9467],[7.6959,4.9462],[7.7265,4.9614],[7.7567,4.9856],[7.7706,4.993],[7.7626,5.0056],[7.7533,5.0055],[7.729,4.9949],[7.702,5.0022],[7.6843,5.0188],[7.681,5.0419]]]},"properties":{"lga_pcode":"NG003006","lga_name":"Etim Ekpo","state_pcode":"NG003","state_name":"Akwa Ibom"}},
{"type":"Feature","geometry":{"type":"Polygon","coordinates":[[[7.883,4.7935],[7.8679,4.8125],[7.8734,4.8385],[7.8656,4.8655],[7.8752,4.8847],[7.8565,4.9215],[7.8523,4.9353],[7.8531,4.9768],[7.8455,4.9877],[7.8421,4.9837],[7.8266,4.9304],[7.8325,4.9091],[7.8322,4.8843],[7.8231,4.8773],[7.807,4.8778],[7.8142,4.8467],[7.8201,4.8334],[7.806,4.8125],[7.801,4.7888],[7.8047,4.7664],[7.8111,4.7566],[7.813,4.7416],[7.8101,4.7224],[7.824,4.7129],[7.8448,4.704],[7.8667,4.7114],[7.8844,4.7212],[7.8863,4.7486],[7.8815,4.767],[7.8854,4.7855],[7.883,4.7935]]]},"properties":{"lga_pcode":"NG003007","lga_name":"Etinan","state_pcode":"NG003","state_name":"Akwa Ibom"}},
{"type":"Feature","geometry":{"type":"Polygon","coordinates":[[[6.5309,6.7934],[6.5482,6.7911],[6.6163,6.7908],[6.6236,6.7936],[6.6108,6.8221],[6.6462,6.8854],[6.6527,6.9078],[6.673,6.9357],[6.6793,6.972],[6.6555,6.9815],[6.6029,6.9884],[6.5566,7.0036],[6.5321,7.0191],[6.5275,7.0283],[6.5365,7.0709],[6.5355,7.1013],[6.5318,7.1096],[6.5013,7.1472],[6.4898,7.1545],[6.441,7.1651],[6.4246,7.1631],[6.4147,7.1667],[6.422,7.1326],[6.4212,7.1076],[6.4176,7.0956],[6.4077,7.0844],[6.3887,7.0713],[6.3724,7.0564],[6.3942,7.04],[6.3988,7.0326],[6.4005,7.0148],[6.391,7.0045],[6.3667,6.9878],[6.3607,6.9704],[6.3634,6.9582],[6.3782,6.9373],[6.3927,6.9383],[6.4244,6.9543],[6.4471,6.9573],[6.4598,6.951],[6.477,6.9359],[6.4832,6.925],[6.5016,6.9089],[6.5217,6.8823],[6.5281,6.8565],[6.5227,6.8333],[6.5309,6.7934]]]},"properties":{"lga_pcode":"NG012007","lga_name":"Etsako Central","state_pcode":"NG012","state_name":"Edo"}},
{"type":"Feature","geometry":{"type":"Polygon","coordinates":[[[6.4858,7.342],[6.4669,7.3653],[6.4505,7.3555],[6.4357,7.3597],[6.4341,7.3767],[6.4222,7.389],[6.4322,7.4023],[6.413,7.3884],[6.3877,7.378],[6.3768,7.3687],[6.3642,7.3501],[6.3407,7.3258],[6.3234,7.3367],[6.2952,7.3605],[6.2762,7.3622],[6.2663,7.3519],[6.2709,7.3187],[6.2652,7.2782],[6.2639,7.2415],[6.2567,7.2077],[6.264,7.2013],[6.2921,7.1923],[6.3293,7.189],[6.3765,7.1802],[6.4147,7.1667],[6.4246,7.1631],[6.441,7.1651],[6.4898,7.1545],[6.5013,7.1472],[6.5318,7.1096],[6.5355,7.1013],[6.5365,7.0709],[6.5275,7.0283],[6.5321,7.0191],[6.5566,7.0036],[6.6029,6.9884],[6.6555,6.9815],[6.6793,6.972],[6.6786,6.9881],[6.6773,7.0341],[6.6901,7.0683],[6.7115,7.1047],[6.7158,7.1207],[6.7153,7.137],[6.7034,7.1706],[6.6976,7.2042],[6.6902,7.2196],[6.6832,7.2304],[6.6692,7.2405],[6.6377,7.2948],[6.6077,7.278],[6.5751,7.2735],[6.5443,7.2749],[6.5149,7.267],[6.4997,7.2922],[6.4996,7.3272],[6.4858,7.342]]]},"properties":{"lga_pcode":"NG012008","lga_name":"Etsako East","state_pcode":"NG012","state_name":"Edo"}},
{"type":"Feature","geometry":{"type":"Polygon","coordinates":[[[6.1803,7.1128],[6.1854,7.0999],[6.2027,7.0779],[6.2137,7.0576],[6.2192,7.0374],[6.2193,7.0124],[6.2157,6.9884],[6.2158,6.9468],[6.2078,6.9227],[6.1879,6.8856],[6.1789,6.8652],[6.1674,6.8238],[6.1854,6.8246],[6.2144,6.8322],[6.2416,6.8417],[6.2507,6.8363],[6.2574,6.8274],[6.2662,6.8004],[6.2807,6.7996],[6.3033,6.8285],[6.3396,6.8196],[6.3831,6.8126],[6.4006,6.8137],[6.4247,6.8435],[6.4292,6.8537],[6.4645,6.9039],[6.4832,6.925],[6.477,6.9359],[6.4598,6.951],[6.4471,6.9573],[6.4244,6.9543],[6.3927,6.9383],[6.3782,6.9373],[6.3634,6.9582],[6.3607,6.9704],[6.3667,6.9878],[6.391,7.0045],[6.4005,7.0148],[6.3988,7.0326],[6.3942,7.04],[6.3724,7.0564],[6.3887,7.0713],[6.4077,7.0844],[6.4176,7.0956],[6.4212,7.1076],[6.422,7.1326],[6.4147,7.1667],[6.3765,7.1802],[6.3293,7.189],[6.2921,7.1923],[6.264,7.2013],[6.2567,7.2077],[6.243,7.187],[6.2286,7.1591],[6.199,7.1185],[6.1803,7.1128]]]},"properties":{"lga_pcode":"NG012009","lga_name":"Etsako West","state_pcode":"NG012","state_name":"Edo"}},
{"type":"Feature","geometry":{"type":"Polygon","coordinates":[[[8.818,5.6936],[8.8159,5.7154],[8.8342,5.7187],[8.8491,5.7335],[8.8575,5.784],[8.844,5.8139],[8.8441,5.8277],[8.859,5.832],[8.8577,5.8428],[8.8834,5.8605],[8.902,5.8618],[8.9136,5.8923],[8.9232,5.9026],[8.9396,5.9119],[8.9418,5.92],[8.9716,5.9359],[8.9899,5.9518],[8.9821,5.9691],[8.9697,5.9853],[8.9481,6.0049],[8.9005,6.0397],[8.8789,6.0525],[8.8573,6.0595],[8.8447,6.0539],[8.832,6.0345],[8.8159,6.0173],[8.8101,6.0025],[8.7945,5.9813],[8.7894,5.9596],[8.7713,5.9557],[8.7422,5.9271],[8.7216,5.917],[8.7147,5.909],[8.7087,5.8688],[8.6995,5.8574],[8.6869,5.8506],[8.6697,5.8496],[8.6469,5.8417],[8.6342,5.8269],[8.6238,5.8051],[8.6143,5.7535],[8.613,5.7314],[8.6754,5.7163],[8.6959,5.7141],[8.7496,5.7029],[8.8148,5.6928],[8.818,5.6936]]]},"properties":{"lga_pcode":"NG009011","lga_name":"Etung","state_pcode":"NG009","state_name":"Cross River"}},
{"type":"Feature","geometry":{"type":"Polygon","coordinates":[[[3.1228,7.0709],[3.124,7.0443],[3.1206,7.0298],[3.113,7.0215],[3.084,7.0051],[3.0749,6.9948],[3.0623,6.9674],[3.0615,6.9377],[3.0736,6.9162],[3.0778,6.8914],[3.0708,6.8735],[3.053,6.8559],[3.0504,6.846],[3.053,6.8296],[3.0618,6.8213],[3.0669,6.8328],[3.0775,6.8416],[3.1083,6.847],[3.1278,6.844],[3.1737,6.8475],[3.2126,6.8374],[3.2328,6.8392],[3.2514,6.8606],[3.2767,6.874],[3.2928,6.8791],[3.3197,6.882],[3.3077,6.9137],[3.3123,6.9278],[3.3115,6.9654],[3.3013,6.9933],[3.3011,7.0079],[3.313,7.0411],[3.3231,7.0537],[3.314,7.0844],[3.3129,7.113],[3.3016,7.1176],[3.282,7.0866],[3.2714,7.075],[3.2374,7.0659],[3.2217,7.0645],[3.2089,7.0567],[3.1842,7.0557],[3.1628,7.0721],[3.1484,7.0778],[3.1228,7.0709]]]},"properties":{"lga_pcode":"NG028006","lga_name":"Ewekoro","state_pcode":"NG028","state_name":"Ogun"}},
{"type":"Feature","geometry":{"type":"Polygon","coordinates":[[[7.1603,6.3035],[7.1844,6.2838],[7.1945,6.2807],[7.2455,6.2756],[7.285,6.303],[7.3097,6.3044],[7.3232,6.3164],[7.3663,6.3427],[7.3789,6.3523],[7.3872,6.3667],[7.3894,6.3833],[7.3807,6.4117],[7.3453,6.4383],[7.3165,6.4658],[7.2855,6.4807],[7.2716,6.4911],[7.2392,6.5082],[7.2126,6.5095],[7.1934,6.5178],[7.1798,6.5287],[7.165,6.5304],[7.1593,6.537],[7.1504,6.5602],[7.1493,6.554],[7.134,6.5348],[7.123,6.506],[7.1164,6.5026],[7.0987,6.4833],[7.0821,6.4767],[7.0497,6.4744],[7.0363,6.4738],[7.0328,6.4516],[7.0275,6.4436],[7.0648,6.4372],[7.0888,6.4303],[7.128,6.3867],[7.1419,6.3597],[7.1603,6.3035]]]},"properties":{"lga_pcode":"NG014006","lga_name":"Ezeagu","state_pcode":"NG014","state_name":"Enugu"}},
{"type":"Feature","geometry":{"type":"Polygon","coordinates":[[[7.3219,5.4049],[7.3313,5.4244],[7.3436,5.4395],[7.356,5.4463],[7.3642,5.4658],[7.3735,5.4752],[7.388,5.5104],[7.3812,5.5167],[7.3516,5.5296],[7.3393,5.5405],[7.3245,5.5416],[7.3107,5.5195],[7.3065,5.5065],[7.2762,5.5062],[7.2777,5.4927],[7.273,5.4731],[7.2674,5.4713],[7.2733,5.4496],[7.2678,5.4297],[7.272,5.4218],[7.2926,5.4212],[7.3042,5.4108],[7.3219,5.4049]]]},"properties":{"lga_pcode":"NG017004","lga_name":"Ezinihitte","state_pcode":"NG017","state_name":"Imo"}},
{"type":"Feature","geometry":{"type":"Polygon","coordinates":[[[8.071,6.3342],[8.0676,6.3408],[8.0489,6.3475],[8.0359,6.3285],[8.0257,6.3395],[8.0279,6.3556],[8.0116,6.3524],[7.9989,6.3687],[7.9689,6.3751],[7.9548,6.3719],[7.9407,6.3619],[7.9334,6.3619],[7.9312,6.3533],[7.9158,6.3634],[7.885,6.3368],[7.8632,6.3296],[7.8581,6.3228],[7.8835,6.2947],[7.8895,6.2797],[7.88,6.2745],[7.8964,6.2476],[7.8968,6.2323],[7.8829,6.2186],[7.8876,6.2075],[7.8823,6.1844],[7.9067,6.1866],[7.9317,6.1639],[7.9462,6.1671],[7.9485,6.1508],[7.9648,6.1453],[7.9775,6.153],[7.983,6.1757],[8.0017,6.1766],[8.0215,6.1655],[8.0333,6.1727],[8.0425,6.1889],[8.0574,6.1961],[8.0665,6.2076],[8.0485,6.2151],[8.0552,6.2322],[8.0702,6.2461],[8.0729,6.2794],[8.0696,6.3087],[8.071,6.3342]]]},"properties":{"lga_pcode":"NG011005","lga_name":"Ezza North","state_pcode":"NG011","state_name":"Ebonyi"}},
{"type":"Feature","geometry":{"type":"Polygon","coordinates":[[[8.0665,6.2076],[8.0574,6.1961],[8.0425,6.1889],[8.0333,6.1727],[8.0215,6.1655],[8.0017,6.1766],[7.983,6.1757],[7.9775,6.153],[7.9648,6.1453],[7.9485,6.1508],[7.9462,6.1671],[7.9317,6.1639],[7.9067,6.1866],[7.8823,6.1844],[7.879,6.1676],[7.8984,6.1493],[7.9111,6.143],[7.9067,6.1336],[7.904,6.1022],[7.904,6.072],[7.922,6.0626],[7.9215,6.0437],[7.9321,6.0459],[7.9576,6.0586],[7.9726,6.0801],[7.9865,6.0742],[7.9988,6.0747],[7.9925,6.0609],[8.0008,6.0522],[8.0339,6.0569],[8.0463,6.0752],[8.0562,6.0752],[8.0609,6.0879],[8.0521,6.0958],[8.0538,6.1063],[8.0659,6.1081],[8.0707,6.1204],[8.0865,6.124],[8.1047,6.1392],[8.1205,6.1606],[8.122,6.1842],[8.1188,6.1907],[8.0808,6.2009],[8.0665,6.2076]]]},"properties":{"lga_pcode":"NG011006","lga_name":"Ezza South","state_pcode":"NG011","state_name":"Ebonyi"}},
{"type":"Feature","geometry":{"type":"Polygon","coordinates":[[[8.5208,12.0119],[8.5326,11.9899],[8.5457,11.9827],[8.5546,11.9944],[8.56,12.0108],[8.5443,12.0144],[8.5372,12.0279],[8.5519,12.0503],[8.5448,12.0613],[8.5265,12.0546],[8.4989,12.0717],[8.4942,12.0562],[8.4738,12.0643],[8.4669,12.0631],[8.4963,12.0304],[8.5083,12.0282],[8.5208,12.0119]]]},"properties":{"lga_pcode":"NG020012","lga_name":"Fagge","state_pcode":"NG020","state_name":"Kano"}},
{"type":"Feature","geometry":{"type":"Polygon","coordinates":[[[5.0157,11.7289],[5.0039,11.739],[4.977,11.7413],[4.9694,11.7367],[4.9429,11.7325],[4.9325,11.7198],[4.9122,11.7198],[4.8938,11.7114],[4.8877,11.7259],[4.867,11.7267],[4.8401,11.7106],[4.824,11.7229],[4.8048,11.7275],[4.7956,11.7252],[4.7833,11.6983],[4.7649,11.6899],[4.7496,11.6746],[4.7281,11.6761],[4.6997,11.6592],[4.6783,11.6584],[4.6698,11.6653],[4.6453,11.6723],[4.6284,11.6669],[4.6207,11.6569],[4.6054,11.6561],[4.5809,11.6612],[4.5665,11.6474],[4.5597,11.6356],[4.547,11.6291],[4.544,11.6201],[4.5057,11.5856],[4.4876,11.5831],[4.4774,11.5896],[4.4886,11.5672],[4.4925,11.5515],[4.4928,11.5329],[4.4976,11.52],[4.5063,11.5142],[4.5012,11.5382],[4.5416,11.5331],[4.554,11.542],[4.5847,11.5434],[4.6036,11.5378],[4.6224,11.526],[4.6315,11.5113],[4.6741,11.4827],[4.6999,11.4478],[4.7257,11.4303],[4.7558,11.4192],[4.76,11.4066],[4.7558,11.3926],[4.7781,11.3745],[4.7809,11.3633],[4.7607,11.3242],[4.7615,11.3149],[4.7661,11.306],[4.8054,11.3211],[4.8263,11.3355],[4.8376,11.3372],[4.8713,11.3532],[4.8906,11.3709],[4.9179,11.3709],[4.934,11.354],[4.9589,11.3693],[4.9709,11.3532],[4.9725,11.3396],[4.9813,11.3195],[4.991,11.2866],[5.0087,11.2793],[5.0111,11.2705],[5.0054,11.2576],[5.0167,11.2512],[5.0327,11.2609],[5.0456,11.2729],[5.0585,11.2705],[5.0649,11.2544],[5.0625,11.2448],[5.0488,11.2279],[5.0488,11.2111],[5.0625,11.2086],[5.0713,11.2271],[5.0713,11.2376],[5.0801,11.2552],[5.1002,11.2793],[5.1058,11.301],[5.1058,11.3147],[5.1002,11.3388],[5.105,11.3524],[5.1179,11.3556],[5.1543,11.3466],[5.1565,11.367],[5.1534,11.3984],[5.1665,11.4207],[5.1734,11.4391],[5.1665,11.4636],[5.1734,11.4782],[5.1834,11.4836],[5.1887,11.5035],[5.1795,11.5165],[5.1481,11.5411],[5.1343,11.5449],[5.1124,11.5572],[5.0925,11.5779],[5.081,11.604],[5.0672,11.6255],[5.0587,11.6439],[5.0541,11.7006],[5.0477,11.7101],[5.0246,11.7175],[5.0157,11.7289]]]},"properties":{"lga_pcode":"NG022009","lga_name":"Fakai","state_pcode":"NG022","state_name":"Kebbi"}},
{"type":"Feature","geometry":{"type":"Polygon","coordinates":[[[7.289,11.8425],[7.2877,11.8575],[7.2771,11.8759],[7.2723,11.8921],[7.2581,11.9082],[7.235,11.9274],[7.2306,11.9184],[7.2187,11.9111],[7.1997,11.9062],[7.1647,11.9119],[7.1549,11.9176],[7.1436,11.9111],[7.1411,11.8786],[7.1178,11.8542],[7.1064,11.8311],[7.0763,11.8193],[7.0724,11.8086],[7.0545,11.8009],[7.0219,11.8091],[7.0163,11.8175],[6.9847,11.8115],[6.9499,11.8077],[6.9261,11.7977],[6.916,11.8026],[6.8967,11.7948],[6.8902,11.7793],[6.8894,11.7264],[6.869,11.6785],[6.8658,11.663],[6.8552,11.6419],[6.852,11.6207],[6.8544,11.5952],[6.8674,11.5776],[6.8761,11.5744],[6.904,11.5532],[6.9073,11.5296],[6.8959,11.5052],[6.9073,11.4751],[6.8869,11.4312],[6.8886,11.3807],[6.8937,11.3799],[6.9017,11.3901],[6.9298,11.4098],[6.9381,11.4109],[6.9545,11.4283],[6.9591,11.4387],[6.9814,11.4607],[7.004,11.4712],[7.039,11.5212],[7.0553,11.5293],[7.0765,11.5326],[7.1019,11.5315],[7.1116,11.5457],[7.1279,11.5563],[7.1319,11.5732],[7.1564,11.579],[7.1709,11.5697],[7.2126,11.5825],[7.2254,11.5975],[7.2383,11.601],[7.2584,11.5964],[7.2725,11.6011],[7.2925,11.5977],[7.3078,11.6],[7.3314,11.5992],[7.3348,11.6116],[7.3206,11.6312],[7.3286,11.667],[7.3284,11.7213],[7.3047,11.7571],[7.2858,11.7639],[7.2834,11.772],[7.2997,11.809],[7.2902,11.8263],[7.289,11.8425]]]},"properties":{"lga_pcode":"NG021013","lga_name":"Faskari","state_pcode":"NG021","state_name":"Katsina"}},
{"type":"Feature","geometry":{"type":"Polygon","coordinates":[[[10.9298,11.4433],[10.9143,11.3943],[10.8899,11.3808],[10.8692,11.3778],[10.8504,11.3645],[10.8585,11.3493],[10.9344,11.3104],[10.9735,11.2936],[10.9844,11.2966],[11.0073,11.2959],[11.0283,11.2986],[11.0369,11.3065],[11.0513,11.3065],[11.0715,11.3125],[11.0806,11.3098],[11.0985,11.2954],[11.1303,11.2787],[11.1377,11.2798],[11.155,11.2689],[11.1785,11.2662],[11.2072,11.2592],[11.2379,11.2427],[11.2702,11.2421],[11.2866,11.2533],[11.2961,11.2529],[11.3091,11.2451],[11.3209,11.2235],[11.3292,11.2024],[11.3489,11.1645],[11.3652,11.1272],[11.3859,11.1018],[11.4001,11.0891],[11.4121,11.0802],[11.4349,11.0559],[11.4486,11.0467],[11.4598,11.0333],[11.4615,11.0441],[11.4711,11.0643],[11.5028,11.1118],[11.5165,11.142],[11.5167,11.1501],[11.5282,11.1679],[11.5349,11.2061],[11.534,11.2185],[11.5387,11.2622],[11.5228,11.288],[11.5219,11.3032],[11.5074,11.3368],[11.5135,11.3578],[11.4876,11.3608],[11.461,11.3593],[11.448,11.3533],[11.4142,11.3615],[11.388,11.3629],[11.3764,11.3696],[11.3609,11.3698],[11.3475,11.3824],[11.3279,11.4144],[11.3208,11.4358],[11.3214,11.463],[11.3024,11.4895],[11.2998,11.5139],[11.31,11.5447],[11.3044,11.5602],[11.3078,11.5696],[11.3042,11.5873],[11.307,11.603],[11.2987,11.6241],[11.277,11.6438],[11.2671,11.6627],[11.2568,11.6656],[11.2465,11.6601],[11.2385,11.6419],[11.2304,11.6139],[11.2071,11.6003],[11.1574,11.5902],[11.1195,11.5921],[11.095,11.5889],[11.0555,11.5849],[11.0085,11.5688],[10.9925,11.5699],[10.9852,11.5591],[10.9602,11.5331],[10.9297,11.516],[10.9347,11.4956],[10.9356,11.4746],[10.9298,11.4433]]]},"properties":{"lga_pcode":"NG036004","lga_name":"Fika","state_pcode":"NG036","state_name":"Yobe"}},
{"type":"Feature","geometry":{"type":"Polygon","coordinates":[[[13.0848,9.62],[12.9703,9.7267],[12.9548,9.7294],[12.9483,9.7256],[12.9339,9.7027],[12.9143,9.6901],[12.8922,9.6813],[12.865,9.6778],[12.8363,9.678],[12.7872,9.658],[12.7599,9.6429],[12.7185,9.6331],[12.7012,9.6244],[12.6919,9.6116],[12.6525,9.5205],[12.6462,9.5031],[12.6346,9.4879],[12.6221,9.4787],[12.6125,9.4661],[12.6011,9.4389],[12.5853,9.4114],[12.6078,9.3886],[12.6126,9.365],[12.6073,9.3556],[12.5899,9.3385],[12.5875,9.3202],[12.6025,9.2722],[12.6065,9.2425],[12.6074,9.1963],[12.6023,9.1709],[12.5949,9.1601],[12.5899,9.1363],[12.5752,9.1228],[12.5557,9.0994],[12.548,9.0969],[12.5137,9.099],[12.4724,9.1041],[12.4607,9.1032],[12.421,9.1146],[12.4042,9.1295],[12.3754,9.1673],[12.3419,9.2073],[12.3281,9.2302],[12.3038,9.2497],[12.2633,9.2611],[12.2379,9.2532],[12.2157,9.2388],[12.2155,9.2147],[12.2068,9.1625],[12.1949,9.1082],[12.1845,9.098],[12.1463,9.0932],[12.111,9.0771],[12.0841,9.0702],[12.0706,9.0631],[12.0643,9.0529],[12.059,9.0182],[12.0799,9.0179],[12.1181,9.0282],[12.1447,9.0315],[12.1591,9.0295],[12.1848,9.0098],[12.2197,8.991],[12.23,8.9827],[12.2271,8.9568],[12.3446,8.8367],[12.3561,8.8187],[12.378,8.7981],[12.4393,8.7649],[12.4555,8.7638],[12.4949,8.7809],[12.5783,8.8071],[12.6231,8.8198],[12.6405,8.8381],[12.6784,8.8541],[12.6988,8.8652],[12.7439,8.8846],[12.7567,8.8949],[12.7683,8.92],[12.7846,8.9485],[12.7985,8.9565],[12.8136,8.9554],[12.8216,8.9473],[12.8331,8.9543],[12.8553,8.9935],[12.878,9.0301],[12.8739,9.0541],[12.8759,9.0661],[12.8865,9.0864],[12.8862,9.1061],[12.8919,9.1174],[12.8869,9.1411],[12.8799,9.1481],[12.8835,9.1705],[12.8822,9.1872],[12.8902,9.2032],[12.8922,9.2195],[12.9045,9.2335],[12.9045,9.2662],[12.9005,9.2726],[12.9019,9.3114],[12.9002,9.3203],[12.9029,9.3523],[12.8949,9.358],[12.8618,9.36],[12.8568,9.3633],[12.8555,9.3843],[12.8642,9.3933],[12.9276,9.424],[12.9416,9.4434],[12.9573,9.4517],[12.9763,9.4704],[13.0016,9.4747],[13.0213,9.4924],[13.0473,9.5098],[13.0727,9.5134],[13.0897,9.5118],[13.105,9.5178],[13.1355,9.5169],[13.1571,9.5238],[13.127,9.5341],[13.1192,9.5438],[13.0829,9.5616],[13.0835,9.579],[13.0882,9.603],[13.0848,9.62]]]},"properties":{"lga_pcode":"NG002002","lga_name":"Fufore","state_pcode":"NG002","state_name":"Adamawa"}},
{"type":"Feature","geometry":{"type":"Polygon","coordinates":[[[11.0923,10.6629],[11.1368,10.6723],[11.1687,10.6628],[11.1795,10.6513],[11.1861,10.595],[11.2022,10.5777],[11.2508,10.5499],[11.2693,10.5429],[11.3006,10.5381],[11.3354,10.5402],[11.3482,10.5562],[11.3613,10.6123],[11.3742,10.6306],[11.3755,10.6432],[11.3836,10.65],[11.4103,10.6464],[11.4657,10.6262],[11.4911,10.6219],[11.5147,10.6122],[11.5242,10.66],[11.5151,10.695],[11.5166,10.7321],[11.5265,10.7579],[11.5287,10.7904],[11.5362,10.8231],[11.5344,10.8335],[11.5391,10.851],[11.5287,10.8768],[11.5274,10.8916],[11.531,10.9041],[11.5304,10.9349],[11.5134,10.9687],[11.4825,11.0028],[11.4598,11.0333],[11.4486,11.0467],[11.4349,11.0559],[11.4121,11.0802],[11.4001,11.0891],[11.3908,11.09],[11.3756,11.0705],[11.3801,11.048],[11.3785,11.0392],[11.331,11.0085],[11.3218,10.9498],[11.3333,10.9451],[11.346,10.9267],[11.3478,10.8732],[11.3568,10.8311],[11.3521,10.8072],[11.3401,10.7953],[11.317,10.7895],[11.2711,10.796],[11.2379,10.8022],[11.217,10.8035],[11.2058,10.8125],[11.1727,10.8266],[11.1586,10.8418],[11.1183,10.8902],[11.1022,10.9037],[11.0998,10.9021],[11.0936,10.8527],[11.0959,10.8107],[11.0957,10.7704],[11.098,10.7649],[11.0975,10.7177],[11.0949,10.7049],[11.0923,10.6629]]]},"properties":{"lga_pcode":"NG016005","lga_name":"Funakaye","state_pcode":"NG016","state_name":"Gombe"}},
{"type":"Feature","geometry":{"type":"Polygon","coordinates":[[[11.2424,12.4052],[11.2515,12.3939],[11.2528,12.3826],[11.246,12.3641],[11.2263,12.3406],[11.2191,12.3268],[11.1978,12.3082],[11.1629,12.2664],[11.1517,12.2567],[11.1203,12.1942],[11.0616,12.137],[11.0314,12.1153],[10.9807,12.0978],[10.9722,12.0727],[10.967,12.0277],[10.9701,12.0167],[10.9826,11.9998],[10.9992,11.9841],[11.0369,11.9165],[11.067,11.8827],[11.106,11.8528],[11.1285,11.8462],[11.1504,11.8428],[11.1689,11.8453],[11.1889,11.8647],[11.1968,11.8653],[11.2146,11.8372],[11.2129,11.8219],[11.2271,11.84],[11.2404,11.8515],[11.2528,11.8684],[11.2589,11.8695],[11.2809,11.8525],[11.2894,11.8416],[11.2919,11.8115],[11.2861,11.7916],[11.2874,11.7648],[11.2759,11.6926],[11.2678,11.675],[11.2671,11.6627],[11.277,11.6438],[11.2987,11.6241],[11.307,11.603],[11.3042,11.5873],[11.3078,11.5696],[11.3044,11.5602],[11.31,11.5447],[11.2998,11.5139],[11.3024,11.4895],[11.3214,11.463],[11.3208,11.4358],[11.3279,11.4144],[11.3475,11.3824],[11.3609,11.3698],[11.3764,11.3696],[11.388,11.3629],[11.4142,11.3615],[11.448,11.3533],[11.461,11.3593],[11.4876,11.3608],[11.5135,11.3578],[11.5372,11.3632],[11.5765,11.3684],[11.5881,11.3665],[11.6124,11.3683],[11.6453,11.3781],[11.6661,11.3874],[11.6858,11.4039],[11.7001,11.4236],[11.703,11.4405],[11.7208,11.4735],[11.7426,11.4954],[11.759,11.5067],[11.7543,11.5213],[11.757,11.5706],[11.7678,11.5925],[11.77,11.6167],[11.7978,11.6697],[11.8095,11.6803],[11.8239,11.708],[11.8265,11.7178],[11.8152,11.7695],[11.7734,11.8427],[11.7587,11.8732],[11.7386,11.9089],[11.7239,11.9484],[11.7328,11.9744],[11.6941,11.9625],[11.6634,11.9693],[11.6302,11.981],[11.5537,12.0123],[11.5192,12.044],[11.4842,12.0922],[11.4752,12.1078],[11.4655,12.1505],[11.4656,12.1669],[11.4867,12.2077],[11.4885,12.2232],[11.4794,12.2388],[11.472,12.243],[11.427,12.2408],[11.3904,12.2452],[11.3514,12.2643],[11.3128,12.3349],[11.2865,12.3908],[11.2741,12.4032],[11.2616,12.4089],[11.2424,12.4052]]]},"properties":{"lga_pcode":"NG036005","lga_name":"Fune","state_pcode":"NG036","state_name":"Yobe"}},
{"type":"Feature","geometry":{"type":"Polygon","coordinates":[[[7.3314,11.5992],[7.3078,11.6],[7.2925,11.5977],[7.2725,11.6011],[7.2584,11.5964],[7.2383,11.601],[7.2254,11.5975],[7.2126,11.5825],[7.1709,11.5697],[7.1786,11.5501],[7.1787,11.5299],[7.1886,11.5042],[7.1977,11.4953],[7.2116,11.4906],[7.2419,11.4722],[7.2468,11.4803],[7.2385,11.4996],[7.2442,11.5101],[7.259,11.4981],[7.273,11.4788],[7.3017,11.4563],[7.3099,11.4418],[7.3101,11.4104],[7.2986,11.4071],[7.2984,11.3708],[7.2901,11.3621],[7.2925,11.3436],[7.3052,11.3245],[7.3032,11.3063],[7.2887,11.2964],[7.2934,11.2823],[7.3215,11.2698],[7.3562,11.2671],[7.3643,11.2928],[7.3643,11.3113],[7.3701,11.3332],[7.3888,11.3656],[7.3935,11.3794],[7.4029,11.3878],[7.391,11.412],[7.3783,11.4253],[7.3798,11.4438],[7.3911,11.4817],[7.387,11.5131],[7.3843,11.5196],[7.3533,11.5154],[7.3353,11.5226],[7.3295,11.5419],[7.3155,11.5564],[7.3155,11.5644],[7.3309,11.579],[7.3314,11.5992]]]},"properties":{"lga_pcode":"NG021014","lga_name":"Funtua","state_pcode":"NG021","state_name":"Katsina"}},
{"type":"Feature","geometry":{"type":"Polygon","coordinates":[[[9.0438,12.0795],[9.0109,12.075],[8.9921,12.0794],[8.9815,12.0896],[8.9686,12.0871],[8.9571,12.0755],[8.9454,12.073],[8.9487,12.088],[8.9414,12.1144],[8.9516,12.1445],[8.968,12.1516],[8.9618,12.1838],[8.9546,12.1963],[8.9274,12.2202],[8.9136,12.2375],[8.9106,12.249],[8.8897,12.2728],[8.8905,12.2819],[8.9054,12.3063],[8.9077,12.3167],[8.8913,12.3165],[8.8715,12.3082],[8.8635,12.2816],[8.8519,12.2768],[8.8435,12.2924],[8.8363,12.3147],[8.8187,12.3156],[8.8012,12.3073],[8.7944,12.2888],[8.7827,12.2852],[8.7735,12.2748],[8.7539,12.2388],[8.7401,12.2191],[8.7302,12.215],[8.7347,12.1883],[8.7289,12.1532],[8.7498,12.1562],[8.7756,12.1512],[8.783,12.1409],[8.7791,12.1163],[8.7866,12.1038],[8.792,12.0829],[8.8004,12.0762],[8.8203,12.0722],[8.8314,12.0539],[8.8319,12.0411],[8.8421,12.0147],[8.8389,12.0076],[8.8203,12.0058],[8.8171,11.9975],[8.8373,11.9798],[8.863,11.9604],[8.8703,11.9748],[8.8909,11.986],[8.9079,12.0016],[8.9155,12.0171],[8.9256,12.0267],[8.951,12.0357],[8.96,12.043],[8.9877,12.052],[9.006,12.0608],[9.0178,12.0717],[9.0438,12.0795]]]},"properties":{"lga_pcode":"NG020013","lga_name":"Gabasawa","state_pcode":"NG020","state_name":"Kano"}},
{"type":"Feature","geometry":{"type":"Polygon","coordinates":[[[6.0437,13.6972],[5.9879,13.7131],[5.9532,13.7247],[5.9211,13.7378],[5.8943,13.7446],[5.8402,13.763],[5.7792,13.7851],[5.7488,13.7946],[5.7214,13.8072],[5.6991,13.8203],[5.667,13.8303],[5.6423,13.8434],[5.5908,13.8624],[5.5362,13.8913],[5.5146,13.8944],[5.4889,13.8939],[5.4317,13.8784],[5.4386,13.8594],[5.4419,13.8243],[5.4508,13.7865],[5.4752,13.7812],[5.4667,13.7698],[5.4686,13.7221],[5.4503,13.6967],[5.4677,13.6758],[5.5078,13.6664],[5.5136,13.6678],[5.5276,13.6516],[5.5291,13.6171],[5.536,13.5706],[5.5285,13.5573],[5.5358,13.5264],[5.5484,13.5046],[5.5719,13.4987],[5.5777,13.5338],[5.5731,13.5555],[5.5799,13.5739],[5.6161,13.5972],[5.6254,13.6002],[5.6399,13.6164],[5.6481,13.6171],[5.6705,13.6081],[5.6799,13.599],[5.6932,13.5751],[5.6937,13.5255],[5.7061,13.4776],[5.7151,13.4694],[5.7503,13.4674],[5.767,13.4826],[5.7782,13.5208],[5.8035,13.5495],[5.8121,13.5725],[5.8202,13.5835],[5.849,13.5797],[5.8582,13.5714],[5.9151,13.5731],[5.9194,13.5848],[5.9347,13.5987],[5.9658,13.6191],[5.9815,13.6367],[5.9843,13.6493],[6.0038,13.6734],[6.0437,13.6972]]]},"properties":{"lga_pcode":"NG034004","lga_name":"Gada","state_pcode":"NG034","state_name":"Sokoto"}},
{"type":"Feature","geometry":{"type":"Polygon","coordinates":[[[9.6905,12.5516],[9.6733,12.5784],[9.664,12.5849],[9.6454,12.5837],[9.6176,12.5707],[9.5977,12.5681],[9.5831,12.5798],[9.5818,12.5955],[9.5659,12.5981],[9.5487,12.5916],[9.5421,12.5942],[9.5253,12.6131],[9.5075,12.6198],[9.5052,12.6092],[9.496,12.599],[9.482,12.5931],[9.4458,12.5869],[9.4235,12.5879],[9.4203,12.5808],[9.4291,12.5632],[9.4275,12.5569],[9.4076,12.5556],[9.4129,12.5458],[9.4178,12.5203],[9.4161,12.5036],[9.4007,12.4733],[9.3842,12.4215],[9.3926,12.4135],[9.435,12.3875],[9.4538,12.3866],[9.4783,12.3904],[9.5008,12.3874],[9.5078,12.3813],[9.5102,12.3663],[9.5389,12.3705],[9.564,12.3839],[9.5875,12.3923],[9.5941,12.4067],[9.6347,12.4406],[9.632,12.4624],[9.636,12.4781],[9.6506,12.5132],[9.6625,12.5184],[9.6798,12.5327],[9.6905,12.5516]]]},"properties":{"lga_pcode":"NG018007","lga_name":"Gagarawa","state_pcode":"NG018","state_name":"Jigawa"}},
{"type":"Feature","geometry":{"type":"Polygon","coordinates":[[[10.8908,11.822],[10.8498,11.8405],[10.8254,11.849],[10.8184,11.866],[10.8279,11.8921],[10.8147,11.9167],[10.8099,11.9228],[10.7998,11.9526],[10.7999,11.9783],[10.8039,12.0015],[10.8132,12.0195],[10.8031,12.1032],[10.8008,12.165],[10.7892,12.2012],[10.775,12.236],[10.77,12.2798],[10.7729,12.3403],[10.7598,12.3696],[10.7465,12.3581],[10.7319,12.3527],[10.6983,12.3583],[10.681,12.3555],[10.6583,12.3364],[10.6344,12.341],[10.6142,12.3392],[10.5887,12.329],[10.57,12.3283],[10.5547,12.3332],[10.545,12.341],[10.5356,12.3701],[10.5217,12.3716],[10.5135,12.3669],[10.4826,12.3162],[10.4809,12.2768],[10.4775,12.2716],[10.4603,12.278],[10.4462,12.3012],[10.4328,12.3134],[10.4227,12.3164],[10.3817,12.2974],[10.358,12.2784],[10.3392,12.249],[10.3183,12.2245],[10.3271,12.1998],[10.3188,12.1905],[10.3229,12.175],[10.3423,12.1713],[10.3782,12.1711],[10.3905,12.1674],[10.4051,12.1552],[10.4064,12.1143],[10.3979,12.0794],[10.3971,12.0646],[10.4014,12.0381],[10.4196,11.9913],[10.4199,11.9721],[10.428,11.9562],[10.4309,11.9334],[10.4369,11.9147],[10.4508,11.9136],[10.4615,11.9053],[10.4624,11.8902],[10.44,11.8746],[10.4186,11.8567],[10.4215,11.8404],[10.4379,11.8167],[10.4539,11.8033],[10.4623,11.7915],[10.4711,11.7194],[10.4765,11.7115],[10.5274,11.6877],[10.5534,11.6723],[10.5885,11.6783],[10.5978,11.6963],[10.6344,11.7189],[10.6652,11.7416],[10.7075,11.7606],[10.721,11.7738],[10.7305,11.777],[10.7486,11.7566],[10.7863,11.7574],[10.8074,11.7715],[10.8673,11.8065],[10.8908,11.822]]]},"properties":{"lga_pcode":"NG005007","lga_name":"Gamawa","state_pcode":"NG005","state_name":"Bauchi"}},
{"type":"Feature","geometry":{"type":"Polygon","coordinates":[[[10.2143,10.4789],[10.2375,10.4947],[10.2579,10.5417],[10.2675,10.56],[10.2854,10.5839],[10.3162,10.6135],[10.3563,10.628],[10.4257,10.6409],[10.4493,10.6487],[10.4671,10.6611],[10.4764,10.6723],[10.4787,10.6878],[10.5243,10.7614],[10.5167,10.7682],[10.4891,10.7782],[10.4606,10.7858],[10.443,10.7967],[10.4264,10.8147],[10.4219,10.8322],[10.4233,10.8518],[10.4374,10.8562],[10.4809,10.8557],[10.5244,10.8632],[10.5469,10.8813],[10.5447,10.8929],[10.5318,10.8942],[10.4941,10.882],[10.4658,10.8754],[10.4376,10.8746],[10.3557,10.8836],[10.3081,10.8994],[10.291,10.9187],[10.2607,10.9692],[10.2508,10.9937],[10.2329,11.0639],[10.2286,11.1008],[10.2155,11.1039],[10.1989,11.1007],[10.1749,11.0746],[10.1541,11.0433],[10.1415,11.0144],[10.1547,10.9904],[10.1714,10.9786],[10.1876,10.9735],[10.1948,10.9644],[10.1937,10.9528],[10.1868,10.9447],[10.1727,10.9422],[10.134,10.9475],[10.1105,10.9633],[10.1032,10.9817],[10.0756,10.9892],[10.0516,10.976],[10.0244,10.9775],[10.0082,10.9676],[9.9851,10.9653],[9.9665,10.9605],[9.9159,10.9771],[9.8904,10.991],[9.8658,10.9994],[9.8593,11.0144],[9.8543,11.0496],[9.8297,11.0456],[9.7627,11.0421],[9.6687,11.0459],[9.6417,11.0552],[9.6203,11.0575],[9.6218,11.0278],[9.6289,11.0141],[9.633,10.9864],[9.6316,10.9679],[9.626,10.9508],[9.6121,10.9327],[9.6065,10.9196],[9.6068,10.9042],[9.5938,10.8615],[9.5917,10.8416],[9.5785,10.8164],[9.5748,10.7992],[9.5701,10.736],[9.5777,10.7008],[9.5947,10.6634],[9.6126,10.6459],[9.6166,10.637],[9.6179,10.6093],[9.6079,10.5894],[9.637,10.5993],[9.6584,10.6003],[9.7118,10.5988],[9.7268,10.593],[9.7434,10.5813],[9.7839,10.547],[9.808,10.5312],[9.8255,10.5137],[9.8324,10.5021],[9.8449,10.4686],[9.8725,10.4071],[9.8934,10.3908],[9.904,10.3872],[9.9299,10.3984],[9.983,10.4173],[9.9936,10.4252],[10.0291,10.4432],[10.075,10.4564],[10.0973,10.4596],[10.128,10.4684],[10.1468,10.4716],[10.1773,10.469],[10.2143,10.4789]]]},"properties":{"lga_pcode":"NG005008","lga_name":"Ganjuwa","state_pcode":"NG005","state_name":"Bauchi"}},
{"type":"Feature","geometry":{"type":"Polygon","coordinates":[[[11.6512,8.4264],[11.7386,8.3664],[11.7804,8.3232],[11.8139,8.3033],[11.867,8.2797],[11.9357,8.2535],[11.9657,8.2438],[11.9691,8.2395],[12.0043,8.2212],[12.0395,8.2141],[12.0748,8.2163],[12.0938,8.2213],[12.1345,8.2475],[12.1568,8.2491],[12.1915,8.2418],[12.2124,8.2349],[12.253,8.2539],[12.243,8.3136],[12.2282,8.3538],[12.2259,8.3783],[12.2346,8.4215],[12.247,8.4399],[12.2742,8.4454],[12.2754,8.4577],[12.2691,8.4872],[12.2807,8.5256],[12.28,8.5488],[12.2871,8.5633],[12.2915,8.5821],[12.2857,8.6001],[12.2617,8.6141],[12.2498,8.6382],[12.2369,8.6434],[12.2034,8.6471],[12.1922,8.6464],[12.1733,8.6517],[12.1586,8.6518],[12.1472,8.6219],[12.1417,8.5911],[12.1433,8.5697],[12.1326,8.5329],[12.123,8.5184],[12.0943,8.4904],[12.0788,8.4879],[12.0572,8.4718],[12.0132,8.4714],[11.996,8.4758],[11.985,8.4904],[11.9817,8.5076],[11.9818,8.5277],[12.0013,8.5449],[12.0167,8.5764],[12.0067,8.6128],[11.999,8.624],[11.9802,8.6421],[11.9484,8.6578],[11.9217,8.6563],[11.8911,8.6496],[11.8765,8.6376],[11.8521,8.6239],[11.8115,8.5645],[11.7964,8.5462],[11.7802,8.5142],[11.7662,8.504],[11.7302,8.4709],[11.6896,8.4572],[11.6745,8.4481],[11.6512,8.4264]]]},"properties":{"lga_pcode":"NG002003","lga_name":"Ganye","state_pcode":"NG002","state_name":"Adamawa"}},
{"type":"Feature","geometry":{"type":"Polygon","coordinates":[[[8.8165,12.4134],[8.8166,12.4054],[8.798,12.3867],[8.7876,12.3722],[8.7822,12.3512],[8.7495,12.3263],[8.7379,12.3089],[8.7224,12.2315],[8.7214,12.2165],[8.7302,12.215],[8.7401,12.2191],[8.7539,12.2388],[8.7735,12.2748],[8.7827,12.2852],[8.7944,12.2888],[8.8012,12.3073],[8.8187,12.3156],[8.8363,12.3147],[8.8435,12.2924],[8.8519,12.2768],[8.8635,12.2816],[8.8715,12.3082],[8.8913,12.3165],[8.9077,12.3167],[8.9369,12.3251],[8.9622,12.3215],[9.0034,12.3247],[9.0164,12.3286],[9.0536,12.3326],[9.0827,12.3286],[9.1102,12.3286],[9.1289,12.3391],[9.1943,12.3432],[9.2142,12.3411],[9.2253,12.3352],[9.2485,12.3116],[9.3051,12.3078],[9.3156,12.2951],[9.3343,12.3071],[9.3529,12.3112],[9.3706,12.3293],[9.4167,12.3252],[9.4564,12.3411],[9.4944,12.361],[9.5102,12.3663],[9.5078,12.3813],[9.5008,12.3874],[9.4783,12.3904],[9.4538,12.3866],[9.435,12.3875],[9.3926,12.4135],[9.3842,12.4215],[9.3631,12.4339],[9.3314,12.4438],[9.3101,12.44],[9.2793,12.4304],[9.2664,12.4376],[9.2487,12.4629],[9.2279,12.4875],[9.1948,12.5147],[9.1478,12.5314],[9.1232,12.5357],[9.0758,12.5332],[9.0561,12.5485],[9.0424,12.566],[9.0284,12.5987],[9.0164,12.6024],[8.9995,12.5925],[8.9771,12.5853],[8.957,12.5728],[8.9411,12.5723],[8.9306,12.5588],[8.9178,12.5287],[8.906,12.5142],[8.8858,12.4959],[8.871,12.4625],[8.8725,12.4302],[8.8632,12.4232],[8.8259,12.4136],[8.8165,12.4134]]]},"properties":{"lga_pcode":"NG018008","lga_name":"Garki","state_pcode":"NG018","state_name":"Jigawa"}},
{"type":"Feature","geometry":{"type":"Polygon","coordinates":[[[8.954,11.6057],[8.8953,11.5956],[8.8788,11.6009],[8.8782,11.6161],[8.8886,11.6187],[8.9032,11.6344],[8.8981,11.6482],[8.8835,11.6664],[8.8689,11.6507],[8.8554,11.6689],[8.8322,11.6658],[8.8185,11.6899],[8.8101,11.6966],[8.7986,11.6939],[8.7793,11.7107],[8.7632,11.7056],[8.766,11.6917],[8.7658,11.666],[8.7595,11.6437],[8.7617,11.6353],[8.7686,11.6183],[8.764,11.582],[8.7647,11.5634],[8.7707,11.5252],[8.7705,11.4983],[8.7645,11.469],[8.78,11.4476],[8.8043,11.3921],[8.8378,11.4061],[8.8445,11.4145],[8.8537,11.4509],[8.8759,11.4831],[8.8821,11.5043],[8.8825,11.5265],[8.896,11.5409],[8.9155,11.5497],[8.9383,11.5656],[8.9557,11.5673],[8.9796,11.5494],[9.0018,11.514],[9.0166,11.5012],[9.0339,11.4964],[9.045,11.512],[9.0403,11.5292],[9.001,11.57],[8.9772,11.5855],[8.954,11.6057]]]},"properties":{"lga_pcode":"NG020014","lga_name":"Garko","state_pcode":"NG020","state_name":"Kano"}},
{"type":"Feature","geometry":{"type":"Polygon","coordinates":[[[8.4206,11.5708],[8.4357,11.5725],[8.4522,11.566],[8.4721,11.573],[8.4746,11.5936],[8.4679,11.6167],[8.4593,11.6304],[8.46,11.6432],[8.4438,11.673],[8.4435,11.6811],[8.4593,11.698],[8.4723,11.7036],[8.4586,11.7367],[8.4364,11.7371],[8.4087,11.7536],[8.3933,11.7518],[8.3851,11.7419],[8.3757,11.7419],[8.3596,11.7232],[8.3184,11.7145],[8.3297,11.6704],[8.3462,11.6325],[8.3632,11.6121],[8.4016,11.5819],[8.4206,11.5708]]]},"properties":{"lga_pcode":"NG020015","lga_name":"Garum Mallam","state_pcode":"NG020","state_name":"Kano"}},
{"type":"Feature","geometry":{"type":"Polygon","coordinates":[[[10.7891,7.6396],[10.8087,7.6258],[10.8323,7.5992],[10.852,7.581],[10.8858,7.5549],[10.8969,7.5381],[10.9124,7.5007],[10.9204,7.4751],[10.9219,7.444],[10.9289,7.4063],[10.9462,7.3655],[10.9561,7.3383],[10.978,7.3099],[10.9986,7.3091],[11.0237,7.3206],[11.0335,7.3314],[11.0698,7.359],[11.0835,7.3596],[11.1026,7.3535],[11.1222,7.3371],[11.1363,7.2945],[11.1366,7.2513],[11.1301,7.2094],[11.1342,7.1958],[11.1559,7.1708],[11.1719,7.1594],[11.1969,7.1363],[11.2109,7.13],[11.2347,7.0982],[11.2525,7.0852],[11.2724,7.0619],[11.3026,7.039],[11.3354,7.0336],[11.3742,7.0457],[11.3926,7.0552],[11.4758,7.071],[11.5062,7.0793],[11.5336,7.0788],[11.5491,7.0761],[11.5841,7.0621],[11.5949,7.0504],[11.6189,7.0134],[11.6607,6.99],[11.6618,6.9967],[11.6801,7.0058],[11.6936,7.0272],[11.7158,7.0333],[11.7154,7.0549],[11.7364,7.061],[11.7466,7.0583],[11.771,7.0671],[11.7973,7.0608],[11.8193,7.058],[11.8357,7.0653],[11.8486,7.0846],[11.8171,7.1492],[11.811,7.181],[11.8029,7.2482],[11.8049,7.2733],[11.8144,7.3126],[11.8226,7.3323],[11.8443,7.3675],[11.854,7.3787],[11.8444,7.3985],[11.8318,7.4169],[11.8099,7.4421],[11.7961,7.4547],[11.7719,7.4879],[11.7629,7.5406],[11.7678,7.5826],[11.7661,7.6149],[11.7727,7.6515],[11.7694,7.6824],[11.758,7.7248],[11.7477,7.7443],[11.735,7.758],[11.7142,7.7741],[11.7039,7.7856],[11.6877,7.7959],[11.6717,7.828],[11.6567,7.8475],[11.6464,7.8658],[11.6245,7.8842],[11.5783,7.906],[11.5516,7.9033],[11.5412,7.8924],[11.5259,7.8455],[11.5142,7.8158],[11.5002,7.7998],[11.4898,7.7998],[11.4806,7.8124],[11.4725,7.8159],[11.4656,7.8285],[11.4438,7.8537],[11.4116,7.8984],[11.3932,7.9385],[11.3725,7.9648],[11.3542,7.9969],[11.3507,8.0118],[11.3415,8.0187],[11.314,8.024],[11.2969,8.0163],[11.2234,8.013],[11.1724,8.0055],[11.1272,7.9844],[11.0778,7.9424],[11.0682,7.9281],[11.0338,7.8954],[11.0031,7.8577],[10.9764,7.8081],[10.9667,7.7955],[10.94,7.7805],[10.9182,7.7709],[10.8962,7.7664],[10.8813,7.7554],[10.8803,7.7397],[10.887,7.7072],[10.8706,7.6926],[10.8319,7.6787],[10.8121,7.6623],[10.7891,7.6396]]]},"properties":{"lga_pcode":"NG035004","lga_name":"Gashaka","state_pcode":"NG035","state_name":"Taraba"}},
{"type":"Feature","geometry":{"type":"Polygon","coordinates":[[[10.8821,8.8107],[10.8413,8.7691],[10.8313,8.7618],[10.7963,8.7429],[10.7878,8.7408],[10.7646,8.7259],[10.7031,8.7231],[10.6738,8.727],[10.6602,8.7246],[10.636,8.7287],[10.61,8.7362],[10.5894,8.737],[10.5606,8.7305],[10.5285,8.7205],[10.5199,8.7218],[10.4996,8.7157],[10.4597,8.6914],[10.4125,8.6779],[10.404,8.6751],[10.3748,8.6772],[10.3526,8.6762],[10.3301,8.6804],[10.3097,8.6777],[10.2678,8.6586],[10.2498,8.6404],[10.2404,8.6227],[10.2314,8.5964],[10.2068,8.5728],[10.1886,8.5598],[10.1773,8.5455],[10.1397,8.5092],[10.105,8.4817],[10.0842,8.4531],[10.0844,8.4479],[10.0577,8.3928],[10.0383,8.3731],[10.0126,8.3374],[9.9929,8.3209],[9.9733,8.2961],[10.0328,8.2371],[10.0602,8.2341],[10.1016,8.2351],[10.1462,8.2381],[10.2079,8.2584],[10.2463,8.2574],[10.2747,8.2503],[10.2959,8.2381],[10.3242,8.1886],[10.3313,8.1582],[10.3326,8.0984],[10.3297,8.0818],[10.3313,8.0489],[10.335,8.0422],[10.3327,8.0196],[10.3253,7.995],[10.3276,7.983],[10.3424,7.9595],[10.3627,7.9656],[10.3892,7.9841],[10.394,7.9912],[10.4222,8.0098],[10.4416,8.0332],[10.5043,8.0827],[10.5143,8.0883],[10.5354,8.1118],[10.5548,8.1369],[10.6374,8.1994],[10.6557,8.2106],[10.6643,8.211],[10.6826,8.2205],[10.6974,8.2332],[10.7157,8.2444],[10.7521,8.272],[10.772,8.285],[10.7961,8.3173],[10.8293,8.3395],[10.8427,8.3453],[10.8625,8.3618],[10.8949,8.3996],[10.9061,8.4174],[10.9192,8.4301],[10.9746,8.4533],[10.9828,8.4606],[11.0128,8.4775],[11.0308,8.4939],[11.0714,8.5407],[11.0758,8.5565],[11.0884,8.5778],[11.0957,8.6058],[11.1104,8.6314],[11.0975,8.6388],[11.0716,8.6428],[11.0269,8.6823],[11.0213,8.6924],[10.9915,8.7067],[10.9877,8.7152],[10.95,8.7515],[10.9323,8.7628],[10.9142,8.7845],[10.9019,8.7909],[10.8821,8.8107]]]},"properties":{"lga_pcode":"NG035005","lga_name":"Gassol","state_pcode":"NG035","state_name":"Taraba"}},
{"type":"Feature","geometry":{"type":"Polygon","coordinates":[[[8.946,11.8933],[8.9574,11.8844],[8.958,11.8693],[8.9229,11.8378],[8.8961,11.8043],[8.8944,11.7879],[8.908,11.7639],[8.9071,11.7569],[8.9207,11.734],[8.9408,11.7078],[8.9578,11.7235],[8.9716,11.7299],[8.9816,11.7291],[8.9888,11.7178],[8.9957,11.6966],[9.0053,11.6895],[9.0304,11.6864],[9.0465,11.6891],[9.0729,11.7023],[9.0928,11.7019],[9.1464,11.6955],[9.1633,11.697],[9.1809,11.7042],[9.1844,11.714],[9.215,11.7147],[9.2494,11.7314],[9.2486,11.7462],[9.2345,11.7495],[9.2158,11.7447],[9.1947,11.7433],[9.1865,11.7489],[9.1609,11.7371],[9.1467,11.7462],[9.1477,11.7646],[9.1404,11.791],[9.1449,11.8072],[9.1971,11.8527],[9.2075,11.8701],[9.2226,11.876],[9.2342,11.8923],[9.2101,11.8915],[9.1823,11.8871],[9.1473,11.8883],[9.1263,11.8864],[9.1149,11.8802],[9.1026,11.8658],[9.0863,11.8653],[9.0545,11.8747],[9.0217,11.8807],[8.9926,11.8785],[8.9792,11.8956],[8.9685,11.9011],[8.9511,11.8993],[8.946,11.8933]]]},"properties":{"lga_pcode":"NG020016","lga_name":"Gaya","state_pcode":"NG020","state_name":"Kano"}},
{"type":"Feature","geometry":{"type":"Polygon","coordinates":[[[6.055,9.1117],[6.0697,9.1228],[6.0675,9.142],[6.0823,9.1538],[6.1105,9.1083],[6.1436,9.0945],[6.1494,9.1073],[6.17,9.1139],[6.1752,9.1383],[6.1811,9.1508],[6.1843,9.1753],[6.207,9.1829],[6.2171,9.1904],[6.2222,9.2089],[6.2129,9.2165],[6.2003,9.2173],[6.191,9.2291],[6.1818,9.2283],[6.1759,9.2451],[6.1624,9.2451],[6.1456,9.2535],[6.1414,9.2804],[6.1523,9.2947],[6.1465,9.3031],[6.128,9.3124],[6.1372,9.3343],[6.1347,9.3477],[6.1465,9.3645],[6.1431,9.3797],[6.1549,9.4016],[6.1692,9.4083],[6.1725,9.4184],[6.1717,9.4588],[6.1767,9.4756],[6.1986,9.4941],[6.2107,9.4994],[6.2208,9.5268],[6.2032,9.5416],[6.184,9.5323],[6.1734,9.5322],[6.1668,9.5487],[6.1332,9.5792],[6.1221,9.5763],[6.0896,9.5556],[6.0602,9.5593],[6.052,9.5505],[6.0366,9.5505],[6.0181,9.5549],[5.9975,9.5534],[5.9771,9.5564],[5.9604,9.5512],[5.9416,9.5368],[5.9339,9.5138],[5.9125,9.5015],[5.9156,9.4885],[5.9112,9.4775],[5.9001,9.4251],[5.8972,9.3919],[5.8994,9.3816],[5.8905,9.3639],[5.8802,9.3551],[5.8655,9.3241],[5.8647,9.3123],[5.8551,9.2917],[5.85,9.2666],[5.85,9.2356],[5.8456,9.2201],[5.8463,9.1921],[5.8492,9.1744],[5.8478,9.156],[5.8374,9.1316],[5.8293,9.1058],[5.8234,9.0955],[5.8198,9.0719],[5.8227,9.0515],[5.8235,9.0228],[5.8411,8.9945],[5.8559,8.9864],[5.8603,8.9775],[5.8802,8.9819],[5.9127,9.007],[5.9274,9.0291],[5.9725,9.0678],[5.9745,9.0871],[5.9953,9.1243],[6.027,9.1375],[6.055,9.1117]]]},"properties":{"lga_pcode":"NG027008","lga_name":"Gbako","state_pcode":"NG027","state_name":"Niger"}},
{"type":"Feature","geometry":{"type":"Polygon","coordinates":[[[8.9372,7.5132],[8.9214,7.4989],[8.9062,7.4642],[8.8866,7.4555],[8.8747,7.462],[8.8714,7.4848],[8.8527,7.5042],[8.8306,7.5059],[8.8072,7.5422],[8.7789,7.5531],[8.7604,7.6398],[8.7593,7.6572],[8.744,7.6614],[8.7524,7.6287],[8.7535,7.6115],[8.7252,7.5846],[8.6892,7.5559],[8.6637,7.5237],[8.6511,7.5104],[8.6269,7.4694],[8.6101,7.4296],[8.6108,7.4203],[8.6133,7.403],[8.604,7.3761],[8.6019,7.3479],[8.6084,7.3316],[8.6207,7.3117],[8.6272,7.2742],[8.6349,7.2491],[8.6419,7.2358],[8.6705,7.1994],[8.7236,7.1505],[8.7325,7.1464],[8.7422,7.1592],[8.7503,7.1444],[8.7696,7.1527],[8.7774,7.1673],[8.7899,7.1772],[8.8018,7.1938],[8.8107,7.2004],[8.8539,7.1997],[8.8639,7.208],[8.8699,7.2489],[8.9032,7.2749],[8.9204,7.2806],[8.9554,7.2765],[8.9842,7.2664],[9.0093,7.2497],[9.026,7.2347],[9.0694,7.2092],[9.0849,7.239],[9.1116,7.2548],[9.1268,7.258],[9.142,7.2559],[9.154,7.2591],[9.1833,7.3057],[9.1888,7.3188],[9.1899,7.3361],[9.1844,7.3643],[9.1464,7.4077],[9.1236,7.4186],[9.103,7.4555],[9.0459,7.4801],[8.9955,7.5063],[8.9778,7.5068],[8.9461,7.5141],[8.9372,7.5132]]]},"properties":{"lga_pcode":"NG007005","lga_name":"Gboko","state_pcode":"NG007","state_name":"Benue"}},
{"type":"Feature","geometry":{"type":"Polygon","coordinates":[[[11.7352,12.4432],[11.7537,12.4319],[11.776,12.4301],[11.8207,12.4392],[11.8672,12.4561],[11.9056,12.4747],[11.9216,12.4793],[11.9487,12.4665],[11.9788,12.4474],[12.0712,12.4184],[12.1333,12.4053],[12.1635,12.3956],[12.1922,12.3907],[12.2114,12.3952],[12.2407,12.407],[12.252,12.4187],[12.2606,12.4203],[12.2655,12.4311],[12.3004,12.4559],[12.3156,12.4591],[12.3405,12.4726],[12.3454,12.4799],[12.3638,12.4874],[12.3981,12.5195],[12.4062,12.5395],[12.4194,12.5544],[12.4339,12.5813],[12.4313,12.6027],[12.4436,12.6096],[12.4664,12.6142],[12.479,12.633],[12.4905,12.6624],[12.4941,12.6868],[12.49,12.702],[12.4775,12.7178],[12.4519,12.7538],[12.4462,12.7867],[12.4065,12.8435],[12.3938,12.8639],[12.3777,12.8775],[12.3753,12.896],[12.3884,12.9305],[12.4053,12.9859],[12.4054,13.0015],[12.3944,12.9928],[12.3666,12.9846],[12.3532,12.9833],[12.3124,12.9644],[12.2705,12.9318],[12.2238,12.8882],[12.1933,12.8712],[12.1564,12.8637],[12.1373,12.8623],[12.099,12.872],[12.048,12.8944],[12.0181,12.9228],[11.992,12.9385],[11.963,12.9664],[11.9567,12.9695],[11.9295,12.9605],[11.9179,12.9514],[11.8882,12.9093],[11.8991,12.8927],[11.8996,12.8797],[11.8902,12.8716],[11.8766,12.8686],[11.8338,12.8679],[11.7826,12.8611],[11.7648,12.852],[11.7407,12.845],[11.7278,12.85],[11.7231,12.8594],[11.6969,12.8494],[11.6832,12.8372],[11.6873,12.8218],[11.707,12.8083],[11.7319,12.7794],[11.7578,12.7567],[11.764,12.7484],[11.7773,12.7155],[11.7927,12.6877],[11.7947,12.6795],[11.7944,12.6354],[11.7888,12.5903],[11.7751,12.5699],[11.7523,12.5575],[11.7399,12.5438],[11.7223,12.5059],[11.7206,12.4934],[11.7236,12.4698],[11.7352,12.4432]]]},"properties":{"lga_pcode":"NG036006","lga_name":"Geidam","state_pcode":"NG036","state_name":"Yobe"}},
{"type":"Feature","geometry":{"type":"Polygon","coordinates":[[[8.7289,12.1532],[8.7143,12.1375],[8.7017,12.1313],[8.6928,12.1205],[8.6645,12.094],[8.6525,12.0926],[8.6555,12.0711],[8.6535,12.0408],[8.6468,12.0363],[8.613,12.0288],[8.5963,12.0214],[8.613,12.0058],[8.6098,11.98],[8.6225,11.9683],[8.6442,11.9693],[8.6954,11.9991],[8.7037,11.9986],[8.7303,11.9732],[8.7556,11.9593],[8.783,11.9607],[8.8125,11.9751],[8.8373,11.9798],[8.8171,11.9975],[8.8203,12.0058],[8.8389,12.0076],[8.8421,12.0147],[8.8319,12.0411],[8.8314,12.0539],[8.8203,12.0722],[8.8004,12.0762],[8.792,12.0829],[8.7866,12.1038],[8.7791,12.1163],[8.783,12.1409],[8.7756,12.1512],[8.7498,12.1562],[8.7289,12.1532]]]},"properties":{"lga_pcode":"NG020017","lga_name":"Gezawa","state_pcode":"NG020","state_name":"Kano"}},
{"type":"Feature","geometry":{"type":"Polygon","coordinates":[[[10.3563,11.5101],[10.3507,11.515],[10.3684,11.5366],[10.369,11.5671],[10.3492,11.5719],[10.3278,11.5941],[10.3097,11.5998],[10.3016,11.6102],[10.2763,11.6122],[10.2419,11.6053],[10.2119,11.6039],[10.1912,11.5758],[10.1821,11.5518],[10.1792,11.523],[10.1927,11.5066],[10.2113,11.4976],[10.216,11.4806],[10.2345,11.4575],[10.2528,11.4442],[10.2466,11.4362],[10.2223,11.4415],[10.2089,11.4401],[10.1836,11.4289],[10.1511,11.4111],[10.1353,11.3971],[10.1272,11.3848],[10.129,11.3524],[10.1402,11.2949],[10.1421,11.24],[10.165,11.2277],[10.1897,11.2222],[10.2084,11.227],[10.2295,11.225],[10.2553,11.2184],[10.2611,11.2135],[10.2949,11.206],[10.3127,11.2049],[10.3136,11.2359],[10.3175,11.2628],[10.3193,11.2929],[10.3151,11.3164],[10.3013,11.3325],[10.3105,11.3588],[10.3363,11.3846],[10.3374,11.4039],[10.3322,11.4199],[10.3141,11.4445],[10.3175,11.46],[10.3329,11.4774],[10.3497,11.506],[10.3563,11.5101]]]},"properties":{"lga_pcode":"NG005009","lga_name":"Giade","state_pcode":"NG005","state_name":"Bauchi"}},
{"type":"Feature","geometry":{"type":"Polygon","coordinates":[[[12.2925,9.4593],[12.3135,9.4451],[12.3378,9.4108],[12.3585,9.3867],[12.3701,9.3639],[12.3862,9.3421],[12.4012,9.3261],[12.4216,9.3101],[12.4408,9.2944],[12.464,9.2835],[12.4821,9.2497],[12.503,9.2315],[12.5485,9.226],[12.5817,9.2297],[12.6065,9.2425],[12.6025,9.2722],[12.5875,9.3202],[12.5899,9.3385],[12.6073,9.3556],[12.6126,9.365],[12.6078,9.3886],[12.5853,9.4114],[12.6011,9.4389],[12.6125,9.4661],[12.6221,9.4787],[12.6346,9.4879],[12.6462,9.5031],[12.6525,9.5205],[12.6919,9.6116],[12.682,9.6138],[12.6565,9.6104],[12.6254,9.6018],[12.5684,9.5911],[12.5498,9.5903],[12.5054,9.5999],[12.46,9.6065],[12.4447,9.6049],[12.4007,9.5935],[12.3616,9.5771],[12.3402,9.5731],[12.3168,9.5754],[12.2914,9.5841],[12.2802,9.6026],[12.2798,9.6171],[12.2493,9.567],[12.2722,9.5354],[12.2716,9.5198],[12.2965,9.4828],[12.2925,9.4593]]]},"properties":{"lga_pcode":"NG002005","lga_name":"Girei","state_pcode":"NG002","state_name":"Adamawa"}},
{"type":"Feature","geometry":{"type":"Polygon","coordinates":[[[7.1137,10.822],[7.152,10.8257],[7.1776,10.8307],[7.2347,10.8235],[7.2578,10.8297],[7.2802,10.853],[7.2923,10.8726],[7.3333,10.9218],[7.343,10.9475],[7.3561,11.0027],[7.3733,11.0224],[7.3836,11.0261],[7.4078,11.0249],[7.4279,11.0176],[7.4899,11.0043],[7.5072,11.0068],[7.4963,11.0248],[7.5009,11.047],[7.5139,11.0486],[7.5504,11.0425],[7.5816,11.0576],[7.6242,11.0611],[7.6388,11.0938],[7.6397,11.1149],[7.6443,11.1256],[7.6434,11.134],[7.619,11.1418],[7.5797,11.1503],[7.5724,11.1601],[7.5716,11.176],[7.5793,11.2177],[7.6073,11.2582],[7.6253,11.2668],[7.6296,11.2832],[7.6149,11.2987],[7.6002,11.3207],[7.5776,11.3292],[7.5565,11.3488],[7.5301,11.361],[7.5071,11.356],[7.4909,11.3905],[7.4897,11.4009],[7.4697,11.4111],[7.4392,11.4074],[7.4239,11.4016],[7.4029,11.3878],[7.3935,11.3794],[7.3888,11.3656],[7.3701,11.3332],[7.3643,11.3113],[7.3643,11.2928],[7.3562,11.2671],[7.3215,11.2698],[7.2934,11.2823],[7.2698,11.2831],[7.2478,11.2744],[7.2138,11.269],[7.2004,11.2526],[7.2131,11.2307],[7.2296,11.209],[7.2355,11.186],[7.2176,11.1705],[7.2041,11.1543],[7.1819,11.1404],[7.1773,11.1113],[7.1689,11.088],[7.1642,11.0574],[7.1604,11.0182],[7.1504,10.9826],[7.1381,10.9544],[7.0968,10.8967],[7.0949,10.8746],[7.1016,10.8452],[7.1137,10.822]]]},"properties":{"lga_pcode":"NG019003","lga_name":"Giwa","state_pcode":"NG019","state_name":"Kaduna"}},
{"type":"Feature","geometry":{"type":"Polygon","coordinates":[[[7.3154,4.5976],[7.3248,4.6195],[7.3305,4.6413],[7.3441,4.6645],[7.3471,4.6752],[7.356,4.6784],[7.3488,4.6916],[7.3447,4.7293],[7.3285,4.7206],[7.2952,4.7139],[7.257,4.7104],[7.2261,4.7004],[7.2374,4.6853],[7.2526,4.6852],[7.2419,4.6663],[7.2407,4.6419],[7.2615,4.6055],[7.2775,4.5963],[7.2974,4.6002],[7.3154,4.5976]]]},"properties":{"lga_pcode":"NG033012","lga_name":"Gokana","state_pcode":"NG033","state_name":"Rivers"}},
{"type":"Feature","geometry":{"type":"Polygon","coordinates":[[[11.1643,10.3208],[11.1378,10.3179],[11.1266,10.324],[11.1219,10.3073],[11.1228,10.2862],[11.137,10.268],[11.1627,10.2621],[11.1932,10.2684],[11.2148,10.285],[11.1962,10.2928],[11.1761,10.3176],[11.1643,10.3208]]]},"properties":{"lga_pcode":"NG016006","lga_name":"Gombe","state_pcode":"NG016","state_name":"Gombe"}},
{"type":"Feature","geometry":{"type":"Polygon","coordinates":[[[12.606,10.4676],[12.5777,10.4607],[12.5646,10.4527],[12.562,10.4361],[12.5638,10.4166],[12.5596,10.3765],[12.5375,10.3592],[12.5074,10.3421],[12.4761,10.333],[12.4596,10.3234],[12.4355,10.3159],[12.4024,10.3187],[12.3614,10.3173],[12.329,10.3196],[12.2954,10.3082],[12.271,10.2786],[12.2639,10.2631],[12.2584,10.2376],[12.249,10.2203],[12.2092,10.1997],[12.1948,10.1945],[12.1716,10.1721],[12.1733,10.1401],[12.1823,10.1228],[12.2109,10.079],[12.221,9.9975],[12.2335,9.9786],[12.2539,9.9701],[12.2705,9.9691],[12.3105,9.9926],[12.3314,10.008],[12.3789,10.0282],[12.4038,10.0296],[12.4468,10.0168],[12.465,10.0167],[12.4817,10.0215],[12.4933,10.0189],[12.5389,10.0201],[12.6398,10.0318],[12.6564,10.035],[12.6695,10.0432],[12.7418,10.1048],[12.7806,10.1106],[12.7752,10.1258],[12.7806,10.1693],[12.7823,10.2308],[12.7761,10.2943],[12.7729,10.3009],[12.7298,10.3137],[12.7192,10.3302],[12.6822,10.3651],[12.6502,10.4016],[12.6128,10.4486],[12.606,10.4676]]]},"properties":{"lga_pcode":"NG002004","lga_name":"Gombi","state_pcode":"NG002","state_name":"Adamawa"}},
{"type":"Feature","geometry":{"type":"Polygon","coordinates":[[[5.5719,13.4987],[5.5662,13.4782],[5.5502,13.455],[5.5405,13.4462],[5.5196,13.411],[5.5099,13.405],[5.4997,13.3799],[5.4985,13.3624],[5.4915,13.357],[5.5032,13.3402],[5.5155,13.3283],[5.5525,13.3083],[5.5847,13.3011],[5.6038,13.3021],[5.6237,13.3078],[5.721,13.3208],[5.7439,13.3198],[5.7623,13.3162],[5.8119,13.2979],[5.8426,13.2914],[5.8503,13.2854],[5.8497,13.2667],[5.8315,13.2537],[5.8108,13.2528],[5.794,13.2485],[5.7764,13.2344],[5.7569,13.2311],[5.7393,13.2348],[5.7194,13.2431],[5.725,13.208],[5.7209,13.1834],[5.722,13.1592],[5.733,13.1534],[5.7682,13.1602],[5.8039,13.1623],[5.8244,13.1608],[5.8497,13.1487],[5.8744,13.1277],[5.9027,13.1135],[5.9301,13.0909],[5.9538,13.0835],[5.9722,13.0822],[6.0088,13.0907],[6.028,13.093],[6.0353,13.1172],[6.0214,13.1366],[5.9859,13.1754],[5.959,13.194],[5.9343,13.2233],[5.9285,13.2454],[5.9446,13.2846],[5.9495,13.29],[5.9713,13.3354],[5.9774,13.3549],[5.9954,13.3795],[6.004,13.4036],[5.9873,13.4418],[5.9623,13.4847],[5.9354,13.5152],[5.9234,13.5362],[5.9151,13.5731],[5.8582,13.5714],[5.849,13.5797],[5.8202,13.5835],[5.8121,13.5725],[5.8035,13.5495],[5.7782,13.5208],[5.767,13.4826],[5.7503,13.4674],[5.7151,13.4694],[5.7061,13.4776],[5.6937,13.5255],[5.6932,13.5751],[5.6799,13.599],[5.6705,13.6081],[5.6481,13.6171],[5.6399,13.6164],[5.6254,13.6002],[5.6161,13.5972],[5.5799,13.5739],[5.5731,13.5555],[5.5777,13.5338],[5.5719,13.4987]]]},"properties":{"lga_pcode":"NG034006","lga_name":"Goronyo","state_pcode":"NG034","state_name":"Sokoto"}},
{"type":"Feature","geometry":{"type":"Polygon","coordinates":[[[12.4339,12.5813],[12.4487,12.5618],[12.4525,12.5483],[12.4676,12.521],[12.4889,12.5039],[12.5174,12.4927],[12.564,12.49],[12.58,12.4874],[12.6009,12.4774],[12.6241,12.4519],[12.6511,12.4293],[12.6827,12.4186],[12.7422,12.4054],[12.7649,12.4074],[12.7913,12.4011],[12.809,12.401],[12.8323,12.3856],[12.8605,12.3705],[12.8828,12.3636],[12.8875,12.3972],[12.9099,12.4216],[12.9149,12.4301],[12.9124,12.468],[12.9196,12.5077],[12.9284,12.5209],[12.9507,12.533],[12.9537,12.5453],[12.953,12.5738],[12.9592,12.6116],[12.968,12.6229],[12.9942,12.634],[13.0305,12.6436],[13.0353,12.6501],[13.0387,12.6947],[13.0295,12.7308],[13.0144,12.7584],[13.0125,12.767],[13.0204,12.783],[13.0321,12.7924],[13.0362,12.8094],[13.0306,12.8502],[13.0175,12.8374],[13.0028,12.8071],[12.9967,12.8003],[12.9704,12.8061],[12.9461,12.8048],[12.9275,12.8088],[12.9202,12.8162],[12.9158,12.8385],[12.9297,12.8728],[12.9294,12.8961],[12.9106,12.9577],[12.9016,12.9743],[12.872,13.0029],[12.8506,13.0506],[12.8391,13.0363],[12.8274,13.0147],[12.7917,12.9684],[12.7814,12.9573],[12.7613,12.9264],[12.7328,12.8962],[12.7183,12.887],[12.7006,12.8631],[12.6849,12.8307],[12.6726,12.8142],[12.6593,12.8053],[12.6405,12.7984],[12.6165,12.7945],[12.6143,12.7782],[12.6086,12.7728],[12.577,12.7618],[12.5687,12.7561],[12.5335,12.7524],[12.5233,12.7486],[12.5111,12.7358],[12.488,12.7206],[12.4775,12.7178],[12.49,12.702],[12.4941,12.6868],[12.4905,12.6624],[12.479,12.633],[12.4664,12.6142],[12.4436,12.6096],[12.4313,12.6027],[12.4339,12.5813]]]},"properties":{"lga_pcode":"NG008009","lga_name":"Gubio","state_pcode":"NG008","state_name":"Borno"}},
{"type":"Feature","geometry":{"type":"Polygon","coordinates":[[[4.5229,13.1405],[4.5584,13.1733],[4.5989,13.2033],[4.636,13.2179],[4.7005,13.2493],[4.7164,13.2766],[4.7201,13.3024],[4.7207,13.3273],[4.718,13.3356],[4.739,13.3849],[4.7518,13.4346],[4.7636,13.456],[4.7667,13.4826],[4.7649,13.5144],[4.7658,13.5755],[4.7857,13.6483],[4.7926,13.6653],[4.8048,13.7242],[4.8118,13.7443],[4.8214,13.7604],[4.8244,13.7753],[4.7975,13.7725],[4.73,13.7529],[4.6222,13.7373],[4.5774,13.7237],[4.515,13.7156],[4.4648,13.7027],[4.4323,13.6796],[4.4153,13.6634],[4.395,13.6491],[4.3431,13.5989],[4.3275,13.586],[4.2969,13.5555],[4.204,13.4768],[4.1294,13.4728],[4.1281,13.449],[4.1314,13.4104],[4.1301,13.3961],[4.1291,13.314],[4.1294,13.2628],[4.1521,13.2526],[4.1841,13.2519],[4.213,13.2675],[4.2325,13.2698],[4.2535,13.2604],[4.277,13.2433],[4.2879,13.23],[4.3152,13.2292],[4.3457,13.2136],[4.355,13.184],[4.3652,13.1738],[4.398,13.1652],[4.4261,13.1629],[4.5041,13.1418],[4.5229,13.1405]]]},"properties":{"lga_pcode":"NG034007","lga_name":"Gudu","state_pcode":"NG034","state_name":"Sokoto"}},
{"type":"Feature","geometry":{"type":"Polygon","coordinates":[[[12.146,11.0703],[12.1497,11.0811],[12.1391,11.0959],[12.1335,11.1285],[12.121,11.1389],[12.1147,11.1558],[12.1142,11.1853],[12.1028,11.2296],[12.1024,11.2456],[12.1075,11.2561],[12.1339,11.2701],[12.162,11.2886],[12.1869,11.3019],[12.1953,11.3124],[12.2053,11.349],[12.2119,11.3649],[12.225,11.3823],[12.2446,11.414],[12.269,11.4313],[12.316,11.4532],[12.3303,11.4929],[12.3383,11.4829],[12.3735,11.5498],[12.3485,11.5831],[12.3136,11.6056],[12.3,11.6086],[12.3011,11.6449],[12.2748,11.694],[12.2413,11.6523],[12.2237,11.6329],[12.1924,11.645],[12.1782,11.6584],[12.1741,11.64],[12.1078,11.6324],[12.0512,11.6247],[12.008,11.6128],[11.9465,11.6116],[11.9199,11.6143],[11.9041,11.607],[11.8848,11.59],[11.8647,11.568],[11.8356,11.5543],[11.8022,11.5415],[11.7722,11.5245],[11.759,11.5067],[11.7426,11.4954],[11.7208,11.4735],[11.703,11.4405],[11.7001,11.4236],[11.6858,11.4039],[11.6661,11.3874],[11.6453,11.3781],[11.6124,11.3683],[11.5881,11.3665],[11.5765,11.3684],[11.5372,11.3632],[11.5135,11.3578],[11.5074,11.3368],[11.5219,11.3032],[11.5228,11.288],[11.5387,11.2622],[11.534,11.2185],[11.5866,11.207],[11.615,11.2047],[11.6251,11.2008],[11.649,11.2004],[11.7001,11.191],[11.7417,11.1889],[11.7646,11.1828],[11.7877,11.171],[11.8058,11.1576],[11.8321,11.1233],[11.8539,11.1035],[11.8719,11.0971],[11.8797,11.1005],[11.8877,11.1258],[11.9002,11.1354],[11.9797,11.0623],[11.9896,11.0572],[12.0078,11.034],[12.0222,11.0571],[12.029,11.0621],[12.0544,11.063],[12.0829,11.0519],[12.1068,11.0522],[12.1286,11.0568],[12.146,11.0703]]]},"properties":{"lga_pcode":"NG036007","lga_name":"Gujba","state_pcode":"NG036","state_name":"Yobe"}},
{"type":"Feature","geometry":{"type":"Polygon","coordinates":[[[11.7683,10.6803],[11.7685,10.6892],[11.7505,10.7223],[11.7398,10.7273],[11.7211,10.7447],[11.7397,10.7921],[11.7342,10.8107],[11.7251,10.8222],[11.7185,10.8399],[11.7004,10.862],[11.6812,10.8702],[11.6847,10.8854],[11.7362,10.9058],[11.7585,10.9129],[11.7702,10.921],[11.7805,10.9209],[11.8224,10.9358],[11.8659,10.9451],[11.8851,10.9531],[11.9053,10.9571],[11.9366,10.967],[11.9753,10.9976],[12.0078,11.034],[11.9896,11.0572],[11.9797,11.0623],[11.9002,11.1354],[11.8877,11.1258],[11.8797,11.1005],[11.8719,11.0971],[11.8539,11.1035],[11.8321,11.1233],[11.8058,11.1576],[11.7877,11.171],[11.7646,11.1828],[11.7417,11.1889],[11.7001,11.191],[11.649,11.2004],[11.6251,11.2008],[11.615,11.2047],[11.5866,11.207],[11.534,11.2185],[11.5349,11.2061],[11.5282,11.1679],[11.5167,11.1501],[11.5165,11.142],[11.5028,11.1118],[11.4711,11.0643],[11.4615,11.0441],[11.4598,11.0333],[11.4825,11.0028],[11.5134,10.9687],[11.5304,10.9349],[11.531,10.9041],[11.5274,10.8916],[11.5287,10.8768],[11.5391,10.851],[11.5344,10.8335],[11.5362,10.8231],[11.5287,10.7904],[11.5265,10.7579],[11.5166,10.7321],[11.5151,10.695],[11.5242,10.66],[11.5147,10.6122],[11.5127,10.5853],[11.5219,10.569],[11.5276,10.5676],[11.5515,10.5879],[11.5833,10.5939],[11.6023,10.603],[11.6402,10.609],[11.6856,10.6202],[11.7169,10.6374],[11.7315,10.6531],[11.7539,10.6721],[11.7683,10.6803]]]},"properties":{"lga_pcode":"NG036008","lga_name":"Gulani","state_pcode":"NG036","state_name":"Yobe"}},
{"type":"Feature","geometry":{"type":"Polygon","coordinates":[[[9.057,8.0776],[9.0254,8.0626],[8.9713,8.0576],[8.9108,8.0563],[8.8419,8.0671],[8.7805,8.0752],[8.6967,8.0964],[8.6371,8.1162],[8.6217,8.1202],[8.595,8.1528],[8.5885,8.1561],[8.5656,8.1539],[8.5424,8.1487],[8.5244,8.1573],[8.5037,8.1582],[8.4727,8.1425],[8.4266,8.1122],[8.3905,8.0779],[8.3711,8.0463],[8.3635,8.0166],[8.3603,7.9873],[8.3603,7.9607],[8.3671,7.9389],[8.3645,7.9203],[8.3785,7.9162],[8.3977,7.88],[8.4054,7.861],[8.4047,7.8368],[8.4283,7.8564],[8.4743,7.882],[8.5153,7.8867],[8.5381,7.8848],[8.5581,7.8792],[8.586,7.8676],[8.6069,7.8532],[8.6316,7.8294],[8.6474,7.8099],[8.6599,7.7839],[8.6655,7.7643],[8.666,7.7392],[8.6605,7.7031],[8.6835,7.707],[8.7171,7.702],[8.7445,7.6928],[8.7508,7.7135],[8.7798,7.7339],[8.8223,7.7104],[8.8757,7.7093],[8.893,7.717],[8.9258,7.7135],[8.9368,7.7077],[8.9613,7.6873],[8.9765,7.6518],[8.9954,7.595],[9.0139,7.5779],[9.0261,7.5815],[9.04,7.5918],[9.0436,7.6013],[9.0414,7.6311],[9.0405,7.6775],[9.0258,7.7388],[9.0204,7.7487],[9.02,7.7817],[9.0231,7.8029],[9.0587,7.8561],[9.0808,7.875],[9.0921,7.8777],[9.1232,7.8791],[9.1722,7.8866],[9.1832,7.8957],[9.1791,7.9081],[9.173,7.9063],[9.1357,7.9247],[9.1309,7.9308],[9.0634,8.0521],[9.0634,8.0675],[9.057,8.0776]]]},"properties":{"lga_pcode":"NG007006","lga_name":"Guma","state_pcode":"NG007","state_name":"Benue"}},
{"type":"Feature","geometry":{"type":"Polygon","coordinates":[[[9.5052,12.6092],[9.4713,12.6372],[9.4762,12.6555],[9.4738,12.6651],[9.4536,12.6858],[9.4431,12.7002],[9.4325,12.7041],[9.4083,12.7066],[9.3751,12.7018],[9.3567,12.6913],[9.351,12.6837],[9.3395,12.6742],[9.3197,12.6659],[9.3127,12.6578],[9.3175,12.6398],[9.328,12.6183],[9.332,12.5872],[9.3733,12.5561],[9.3846,12.5522],[9.4076,12.5556],[9.4275,12.5569],[9.4291,12.5632],[9.4203,12.5808],[9.4235,12.5879],[9.4458,12.5869],[9.482,12.5931],[9.496,12.599],[9.5052,12.6092]]]},"properties":{"lga_pcode":"NG018009","lga_name":"Gumel","state_pcode":"NG018","state_name":"Jigawa"}},
{"type":"Feature","geometry":{"type":"Polygon","coordinates":[[[5.4102,12.2591],[5.3502,12.2665],[5.3271,12.2725],[5.2929,12.2786],[5.2704,12.2817],[5.2314,12.3041],[5.2145,12.3076],[5.1884,12.3045],[5.162,12.2828],[5.1212,12.2789],[5.0689,12.2775],[5.0247,12.2906],[4.9976,12.3007],[4.9815,12.3007],[4.9725,12.2926],[4.9564,12.2705],[4.9511,12.2493],[4.9524,12.2183],[4.9574,12.16],[4.9564,12.1078],[4.9564,12.0294],[4.9474,11.936],[4.9484,11.8968],[4.9444,11.8808],[4.9415,11.8424],[4.9222,11.8],[4.9193,11.7771],[4.9285,11.7408],[4.9429,11.7325],[4.9694,11.7367],[4.977,11.7413],[5.0039,11.739],[5.0157,11.7289],[5.0342,11.7315],[5.0756,11.7237],[5.0998,11.7282],[5.1174,11.7198],[5.1389,11.7221],[5.1488,11.7336],[5.1711,11.7413],[5.1749,11.7582],[5.1634,11.7727],[5.1726,11.7835],[5.2048,11.7704],[5.2094,11.7605],[5.2217,11.7543],[5.2348,11.7697],[5.28,11.7704],[5.2984,11.7865],[5.3047,11.7843],[5.3161,11.8126],[5.3184,11.8292],[5.3153,11.849],[5.3129,11.8862],[5.3153,11.9052],[5.3097,11.9456],[5.3121,11.9694],[5.3121,11.9979],[5.3145,12.0051],[5.3454,12.009],[5.3588,12.0177],[5.3747,12.0368],[5.3794,12.0669],[5.3848,12.081],[5.3853,12.104],[5.3622,12.1323],[5.3648,12.1471],[5.387,12.1694],[5.3937,12.1809],[5.3977,12.2087],[5.4054,12.2313],[5.4102,12.2591]]]},"properties":{"lga_pcode":"NG037006","lga_name":"Gummi","state_pcode":"NG037","state_name":"Zamfara"}},
{"type":"Feature","geometry":{"type":"Polygon","coordinates":[[[7.0459,9.2305],[7.1562,9.1468],[7.1401,9.1858],[7.1533,9.2266],[7.1479,9.2658],[7.1479,9.2788],[7.1555,9.2897],[7.174,9.296],[7.195,9.2923],[7.1943,9.2707],[7.2019,9.2634],[7.22,9.2645],[7.223,9.2711],[7.2466,9.2717],[7.2453,9.2834],[7.2351,9.2968],[7.2415,9.3238],[7.2629,9.3546],[7.2546,9.3628],[7.2563,9.3758],[7.2698,9.392],[7.2898,9.4094],[7.2895,9.4254],[7.2747,9.4408],[7.2546,9.4413],[7.2378,9.437],[7.2216,9.4478],[7.2243,9.4603],[7.2135,9.4852],[7.2113,9.5009],[7.1777,9.4928],[7.162,9.4792],[7.1301,9.4803],[7.0997,9.4771],[7.0959,9.4521],[7.1138,9.4473],[7.1149,9.4289],[7.1019,9.4321],[7.0862,9.4191],[7.0786,9.4207],[7.0667,9.4132],[7.0548,9.4164],[7.0407,9.411],[7.0212,9.4202],[7.0093,9.4164],[7.003,9.4023],[6.9818,9.3867],[6.9437,9.3734],[6.9366,9.3654],[6.914,9.3686],[6.8915,9.3936],[6.8739,9.3915],[6.8555,9.3996],[6.8372,9.3873],[6.843,9.3752],[6.862,9.3557],[6.8539,9.3384],[6.8392,9.3357],[6.8349,9.3243],[6.8382,9.314],[6.8363,9.2967],[6.8222,9.2908],[6.8097,9.307],[6.7946,9.3189],[6.7832,9.3395],[6.761,9.3449],[6.7464,9.3417],[6.7436,9.3314],[6.7624,9.2731],[6.7602,9.2487],[6.7459,9.2028],[6.7631,9.1603],[6.7708,9.1336],[6.7866,9.1172],[6.7955,9.1124],[6.8003,9.2251],[6.9534,9.226],[7.0095,9.227],[7.0459,9.2305]]]},"properties":{"lga_pcode":"NG027009","lga_name":"Gurara","state_pcode":"NG027","state_name":"Niger"}},
{"type":"Feature","geometry":{"type":"Polygon","coordinates":[[[10.5777,12.8069],[10.5619,12.8213],[10.5414,12.8234],[10.5242,12.8208],[10.5089,12.8249],[10.4902,12.8217],[10.4606,12.8216],[10.4425,12.8357],[10.4056,12.8437],[10.3915,12.8527],[10.3668,12.8617],[10.3345,12.8588],[10.3401,12.8372],[10.3426,12.8106],[10.3523,12.8003],[10.356,12.7839],[10.362,12.7614],[10.3578,12.7119],[10.3687,12.6809],[10.3646,12.6426],[10.3597,12.6315],[10.3394,12.6124],[10.3361,12.5902],[10.3376,12.5639],[10.3319,12.5384],[10.3398,12.5066],[10.3376,12.4656],[10.379,12.4733],[10.4166,12.4719],[10.4283,12.4663],[10.4345,12.4341],[10.451,12.424],[10.4919,12.4395],[10.5091,12.465],[10.5265,12.4813],[10.544,12.4907],[10.5615,12.4956],[10.5848,12.5074],[10.5941,12.5201],[10.5905,12.5305],[10.595,12.5425],[10.5886,12.5539],[10.5993,12.5811],[10.5957,12.6188],[10.5986,12.6422],[10.5941,12.6607],[10.5957,12.6843],[10.5925,12.696],[10.5965,12.7151],[10.5745,12.7541],[10.5733,12.7682],[10.5777,12.8069]]]},"properties":{"lga_pcode":"NG018010","lga_name":"Guri","state_pcode":"NG018","state_name":"Jigawa"}},
{"type":"Feature","geometry":{"type":"MultiPolygon","coordinates":[[[[6.8886,11.3807],[6.8869,11.4312],[6.9073,11.4751],[6.8959,11.5052],[6.9073,11.5296],[6.904,11.5532],[6.8761,11.5744],[6.8674,11.5776],[6.8544,11.5952],[6.8331,11.5642],[6.8248,11.5461],[6.8109,11.542],[6.7921,11.542],[6.7755,11.5503],[6.7581,11.5683],[6.7407,11.5746],[6.7101,11.5978],[6.7101,11.6257],[6.7218,11.6574],[6.7227,11.6709],[6.7144,11.679],[6.706,11.6979],[6.7021,11.7413],[6.6964,11.762],[6.6998,11.8177],[6.715,11.8809],[6.7192,11.8934],[6.7276,11.9343],[6.7387,11.9681],[6.7509,11.9978],[6.759,12.0033],[6.7769,11.9872],[6.7865,11.9859],[6.7988,11.9927],[6.8142,12.0108],[6.8315,12.0465],[6.8037,12.0538],[6.7955,12.0635],[6.7909,12.0846],[6.7697,12.1128],[6.7519,12.1511],[6.7274,12.1947],[6.7184,12.2008],[6.6876,12.2073],[6.6602,12.219],[6.6223,12.2184],[6.6022,12.208],[6.589,12.1753],[6.5807,12.1309],[6.5841,12.1121],[6.5703,12.085],[6.5716,12.0663],[6.5696,12.0107],[6.5725,12.0052],[6.5754,11.9605],[6.5677,11.9337],[6.561,11.8872],[6.5613,11.8407],[6.5826,11.7927],[6.5708,11.7375],[6.5589,11.691],[6.5416,11.6581],[6.5279,11.6279],[6.513,11.6081],[6.5482,11.5868],[6.5797,11.5749],[6.6068,11.5751],[6.6234,11.564],[6.6305,11.5511],[6.6581,11.4661],[6.6534,11.4136],[6.6619,11.4003],[6.6654,11.3857],[6.6661,11.3572],[6.705,11.2885],[6.7244,11.2593],[6.7455,11.2433],[6.7611,11.269],[6.7835,11.2812],[6.8086,11.3002],[6.8162,11.31],[6.8284,11.3075],[6.8479,11.3254],[6.8552,11.3368],[6.8642,11.3401],[6.8747,11.3645],[6.8886,11.3807]]],[[[6.8946,12.2718],[6.8891,12.25],[6.887,12.2279],[6.8899,12.1979],[6.8982,12.1564],[6.8996,12.1409],[6.8957,12.1219],[6.888,12.1099],[6.916,12.0864],[6.9845,12.076],[7.0501,12.0831],[7.0871,12.0887],[7.1152,12.0905],[7.1261,12.1135],[7.1419,12.1372],[7.1501,12.1592],[7.1525,12.1844],[7.1415,12.2259],[7.1294,12.2501],[7.1047,12.2951],[7.0453,12.2915],[7.0292,12.3087],[7.0058,12.3262],[6.9872,12.3305],[6.9204,12.3072],[6.8946,12.2718]]]]},"properties":{"lga_pcode":"NG037007","lga_name":"Gusau","state_pcode":"NG037","state_name":"Zamfara"}},
{"type":"Feature","geometry":{"type":"Polygon","coordinates":[[[11.774,9.7084],[11.8002,9.7028],[11.8153,9.6925],[11.8205,9.6819],[11.8298,9.647],[11.8383,9.6427],[11.8767,9.6477],[11.9172,9.6548],[11.9406,9.6535],[11.946,9.6498],[11.9633,9.7062],[11.9582,9.7237],[11.9709,9.7544],[11.9834,9.7666],[12.0038,9.7991],[12.0008,9.8306],[11.9986,9.8889],[11.994,9.8992],[11.979,9.9163],[11.9767,9.9335],[11.9802,9.9403],[11.9814,9.9757],[12.0036,10.0235],[11.9992,10.0246],[11.973,10.0309],[11.9591,10.027],[11.9354,10.0322],[11.9197,10.0324],[11.866,10.0461],[11.8434,10.0446],[11.8439,10.0347],[11.8553,10.0049],[11.8506,9.9855],[11.855,9.9271],[11.8467,9.8974],[11.8397,9.8837],[11.8361,9.8585],[11.8407,9.8413],[11.8533,9.8184],[11.8579,9.7978],[11.8509,9.7864],[11.8358,9.7727],[11.8171,9.7627],[11.8014,9.7365],[11.7847,9.7292],[11.774,9.7084]]]},"properties":{"lga_pcode":"NG002006","lga_name":"Guyuk","state_pcode":"NG002","state_name":"Adamawa"}},
{"type":"Feature","geometry":{"type":"Polygon","coordinates":[[[13.1201,13.0818],[13.0985,13.0844],[13.0599,13.0953],[12.9974,13.106],[12.9614,13.1137],[12.9333,13.1087],[12.9095,13.0986],[12.8774,13.0793],[12.8545,13.0578],[12.8506,13.0506],[12.872,13.0029],[12.9016,12.9743],[12.9106,12.9577],[12.9294,12.8961],[12.9297,12.8728],[12.9158,12.8385],[12.9202,12.8162],[12.9275,12.8088],[12.9461,12.8048],[12.9704,12.8061],[12.9967,12.8003],[13.0028,12.8071],[13.0175,12.8374],[13.0306,12.8502],[13.0602,12.8622],[13.0878,12.8632],[13.1133,12.8506],[13.1407,12.8399],[13.1468,12.8292],[13.1489,12.8077],[13.1426,12.7904],[13.1455,12.784],[13.1865,12.7665],[13.2018,12.7491],[13.2128,12.7156],[13.2217,12.7043],[13.2198,12.6694],[13.2135,12.6457],[13.2254,12.6299],[13.2555,12.6229],[13.2835,12.6248],[13.3041,12.6291],[13.332,12.6284],[13.3453,12.6097],[13.3411,12.5841],[13.3321,12.5586],[13.3378,12.5265],[13.3599,12.545],[13.4044,12.576],[13.4157,12.5745],[13.4775,12.5824],[13.5239,12.6066],[13.5243,12.6389],[13.5311,12.6454],[13.5598,12.6454],[13.5701,12.6676],[13.5616,12.675],[13.5441,12.7077],[13.5376,12.7382],[13.5179,12.7709],[13.5027,12.8211],[13.4874,12.8495],[13.4612,12.88],[13.4394,12.8975],[13.4111,12.9062],[13.3892,12.9193],[13.3587,12.9454],[13.3456,12.9651],[13.3391,12.9912],[13.3391,13.0174],[13.3434,13.0414],[13.3391,13.0567],[13.3393,13.114],[13.3178,13.138],[13.3022,13.1433],[13.2898,13.1417],[13.2688,13.1182],[13.2354,13.0919],[13.2195,13.0827],[13.2,13.0773],[13.1802,13.078],[13.1652,13.0747],[13.1201,13.0818]]]},"properties":{"lga_pcode":"NG008010","lga_name":"Guzamala","state_pcode":"NG008","state_name":"Borno"}},
{"type":"Feature","geometry":{"type":"Polygon","coordinates":[[[5.5285,13.5573],[5.5191,13.5596],[5.4925,13.5204],[5.4749,13.5051],[5.4341,13.4847],[5.4248,13.4866],[5.3966,13.5009],[5.3809,13.495],[5.3504,13.4918],[5.3339,13.498],[5.3297,13.5089],[5.3408,13.5153],[5.3654,13.5184],[5.377,13.5254],[5.3839,13.5393],[5.3855,13.5537],[5.3805,13.5853],[5.3569,13.6052],[5.3176,13.6059],[5.2861,13.5907],[5.2853,13.5794],[5.2973,13.5679],[5.3025,13.5518],[5.2969,13.5371],[5.2821,13.528],[5.2716,13.5145],[5.2514,13.512],[5.2213,13.512],[5.1799,13.5348],[5.1839,13.514],[5.18,13.4743],[5.1728,13.4389],[5.1663,13.4196],[5.158,13.406],[5.1481,13.3807],[5.1306,13.374],[5.1226,13.3603],[5.1201,13.3294],[5.1312,13.3115],[5.1452,13.3016],[5.153,13.2859],[5.1726,13.2941],[5.2023,13.3152],[5.2224,13.3412],[5.2385,13.3435],[5.2575,13.334],[5.2737,13.3198],[5.2821,13.3065],[5.2841,13.2894],[5.2952,13.2742],[5.3127,13.2663],[5.3128,13.2529],[5.2986,13.2332],[5.2991,13.2214],[5.3104,13.2146],[5.3346,13.2309],[5.355,13.2543],[5.3543,13.2645],[5.3886,13.3052],[5.3986,13.3133],[5.432,13.3275],[5.4451,13.3362],[5.4752,13.3405],[5.4915,13.357],[5.4985,13.3624],[5.4997,13.3799],[5.5099,13.405],[5.5196,13.411],[5.5405,13.4462],[5.5502,13.455],[5.5662,13.4782],[5.5719,13.4987],[5.5484,13.5046],[5.5358,13.5264],[5.5285,13.5573]]]},"properties":{"lga_pcode":"NG034005","lga_name":"Gwadabawa","state_pcode":"NG034","state_name":"Sokoto"}},
{"type":"Feature","geometry":{"type":"Polygon","coordinates":[[[6.8862,8.9177],[7.0955,8.9166],[7.0923,8.9338],[7.1009,8.9383],[7.1009,8.9454],[7.1136,8.9576],[7.1329,8.9587],[7.1405,8.9627],[7.1677,9.0073],[7.189,9.0201],[7.2123,9.0298],[7.243,9.1042],[7.2224,9.1129],[7.2115,9.1049],[7.1562,9.1468],[7.0459,9.2305],[7.0265,9.2222],[7.0084,9.2189],[6.9785,9.2205],[6.9717,9.2234],[6.9582,9.2031],[6.9496,9.2052],[6.9373,9.1988],[6.9064,9.1967],[6.8978,9.2047],[6.8888,9.1983],[6.8898,9.1897],[6.8776,9.1716],[6.8808,9.1326],[6.8861,9.1198],[6.8888,9.0979],[6.8744,9.067],[6.8738,9.051],[6.8664,9.0414],[6.8738,9.0264],[6.8818,8.9917],[6.8877,8.9896],[6.8968,8.973],[6.9021,8.9549],[6.8973,8.9442],[6.8984,8.9298],[6.8862,8.9177]]]},"properties":{"lga_pcode":"NG015004","lga_name":"Gwagwalada","state_pcode":"NG015","state_name":"Federal Capital Territory"}},
{"type":"Feature","geometry":{"type":"Polygon","coordinates":[[[8.4792,12.0164],[8.4693,12.0106],[8.4639,11.9988],[8.469,11.9915],[8.4697,11.9709],[8.4721,11.9546],[8.4871,11.9414],[8.4943,11.9464],[8.4881,11.9618],[8.5033,11.9644],[8.499,11.9848],[8.5163,11.9825],[8.5082,12.0005],[8.4994,11.9934],[8.4932,12.0137],[8.4792,12.0164]]]},"properties":{"lga_pcode":"NG020018","lga_name":"Gwale","state_pcode":"NG020","state_name":"Kano"}},
{"type":"Feature","geometry":{"type":"Polygon","coordinates":[[[4.567,12.3137],[4.5999,12.3418],[4.6089,12.3652],[4.6104,12.404],[4.6218,12.4292],[4.6397,12.4304],[4.6543,12.4183],[4.7013,12.3983],[4.711,12.3808],[4.733,12.3683],[4.7499,12.368],[4.7511,12.3901],[4.7609,12.4494],[4.7687,12.4608],[4.7811,12.4658],[4.8156,12.4965],[4.8249,12.5094],[4.8433,12.5473],[4.8418,12.5687],[4.8024,12.5985],[4.7827,12.6207],[4.7581,12.6519],[4.75,12.6848],[4.7361,12.678],[4.6758,12.6648],[4.6421,12.6605],[4.609,12.6453],[4.5883,12.6466],[4.5673,12.6547],[4.5509,12.6565],[4.543,12.6525],[4.5352,12.6352],[4.5239,12.6209],[4.5126,12.6139],[4.4976,12.5928],[4.4744,12.5787],[4.4597,12.5767],[4.4452,12.5616],[4.4469,12.5328],[4.458,12.523],[4.4959,12.5045],[4.5107,12.493],[4.5129,12.4659],[4.493,12.4422],[4.4748,12.4294],[4.4722,12.4149],[4.489,12.3926],[4.4857,12.3628],[4.5005,12.3441],[4.5251,12.334],[4.567,12.3137]]]},"properties":{"lga_pcode":"NG022010","lga_name":"Gwandu","state_pcode":"NG022","state_name":"Kebbi"}},
{"type":"Feature","geometry":{"type":"Polygon","coordinates":[[[9.6496,11.2537],[9.6776,11.2552],[9.7175,11.2633],[9.749,11.2629],[9.7898,11.2784],[9.8014,11.2854],[9.8249,11.2823],[9.8346,11.2513],[9.8465,11.2353],[9.8657,11.1861],[9.8764,11.1735],[9.8917,11.1622],[9.8895,11.1518],[9.8582,11.1215],[9.8537,11.1088],[9.8563,11.0823],[9.8529,11.0662],[9.8543,11.0496],[9.8593,11.0144],[9.8658,10.9994],[9.8904,10.991],[9.9159,10.9771],[9.9665,10.9605],[9.9851,10.9653],[10.0082,10.9676],[10.0244,10.9775],[10.0516,10.976],[10.0756,10.9892],[10.1032,10.9817],[10.1105,10.9633],[10.134,10.9475],[10.1727,10.9422],[10.1868,10.9447],[10.1937,10.9528],[10.1948,10.9644],[10.1876,10.9735],[10.1714,10.9786],[10.1547,10.9904],[10.1415,11.0144],[10.1541,11.0433],[10.1749,11.0746],[10.1989,11.1007],[10.2155,11.1039],[10.2286,11.1008],[10.2426,11.0939],[10.2601,11.0941],[10.2705,11.1103],[10.3066,11.1315],[10.3277,11.1295],[10.3464,11.1628],[10.3646,11.1794],[10.3667,11.2025],[10.3585,11.2081],[10.3127,11.2049],[10.2949,11.206],[10.2611,11.2135],[10.2553,11.2184],[10.2295,11.225],[10.2084,11.227],[10.1897,11.2222],[10.165,11.2277],[10.1421,11.24],[10.1274,11.241],[10.0956,11.2568],[10.0487,11.2631],[10.037,11.263],[10.0009,11.2464],[9.9915,11.2521],[9.9769,11.2769],[9.9521,11.2992],[9.9426,11.3138],[9.9212,11.3237],[9.916,11.3379],[9.885,11.3567],[9.8779,11.367],[9.8822,11.3993],[9.8796,11.428],[9.8812,11.4485],[9.8776,11.4538],[9.8605,11.458],[9.8376,11.4746],[9.8213,11.4548],[9.8008,11.4516],[9.7912,11.46],[9.7804,11.4601],[9.7578,11.4482],[9.7199,11.4522],[9.7062,11.4459],[9.6965,11.4355],[9.6916,11.4204],[9.6819,11.4053],[9.6738,11.3838],[9.6495,11.36],[9.6403,11.3568],[9.6431,11.3135],[9.6491,11.294],[9.6496,11.2537]]]},"properties":{"lga_pcode":"NG018011","lga_name":"Gwaram","state_pcode":"NG018","state_name":"Jigawa"}},
{"type":"Feature","geometry":{"type":"Polygon","coordinates":[[[8.0106,11.9636],[8.0032,11.977],[7.9872,11.9845],[7.9789,11.9825],[7.949,11.9634],[7.9341,11.9512],[7.9178,11.9542],[7.9018,11.9685],[7.8885,11.9959],[7.8738,12.0095],[7.8404,12.022],[7.8355,12.0093],[7.8372,11.9901],[7.8332,11.9701],[7.837,11.9367],[7.8424,11.9074],[7.86,11.8719],[7.865,11.8566],[7.8592,11.8264],[7.8654,11.7893],[7.8748,11.7836],[7.8902,11.79],[7.905,11.7836],[7.9213,11.7853],[7.9343,11.8137],[7.9406,11.8205],[7.9678,11.8272],[8.0244,11.8295],[8.0387,11.8602],[8.0526,11.863],[8.0759,11.8615],[8.0822,11.8646],[8.0827,11.874],[8.0928,11.8906],[8.1155,11.8954],[8.1268,11.9062],[8.124,11.9201],[8.1121,11.9279],[8.0923,11.9261],[8.0722,11.9359],[8.0624,11.9373],[8.0484,11.9503],[8.0339,11.9442],[8.0144,11.9449],[8.0106,11.9636]]]},"properties":{"lga_pcode":"NG020019","lga_name":"Gwarzo","state_pcode":"NG020","state_name":"Kano"}},
{"type":"Feature","geometry":{"type":"Polygon","coordinates":[[[8.744,7.6614],[8.7445,7.6928],[8.7171,7.702],[8.6835,7.707],[8.6605,7.7031],[8.6562,7.6876],[8.6367,7.6555],[8.6199,7.6336],[8.5971,7.6141],[8.5734,7.5978],[8.5376,7.5876],[8.5004,7.5899],[8.4595,7.6015],[8.4401,7.5994],[8.4108,7.5863],[8.3467,7.5309],[8.3261,7.4983],[8.3098,7.469],[8.3055,7.457],[8.2914,7.4526],[8.2621,7.4385],[8.2393,7.4233],[8.2296,7.3929],[8.2209,7.3831],[8.1622,7.3721],[8.1347,7.374],[8.1585,7.3326],[8.1729,7.2931],[8.2003,7.2591],[8.2362,7.2266],[8.2492,7.2098],[8.265,7.1773],[8.2748,7.1466],[8.2836,7.1349],[8.3129,7.1163],[8.3468,7.1042],[8.367,7.1024],[8.3985,7.0872],[8.4104,7.0642],[8.4385,7.0469],[8.4666,7.1025],[8.4737,7.1548],[8.4748,7.1866],[8.4807,7.2163],[8.4822,7.2539],[8.4875,7.275],[8.5047,7.3004],[8.5277,7.3296],[8.5535,7.3457],[8.5633,7.3543],[8.5839,7.3815],[8.5866,7.3955],[8.6108,7.4203],[8.6101,7.4296],[8.6269,7.4694],[8.6511,7.5104],[8.6637,7.5237],[8.6892,7.5559],[8.7252,7.5846],[8.7535,7.6115],[8.7524,7.6287],[8.744,7.6614]]]},"properties":{"lga_pcode":"NG007007","lga_name":"Gwer East","state_pcode":"NG007","state_name":"Benue"}},
{"type":"Feature","geometry":{"type":"Polygon","coordinates":[[[8.0654,7.7326],[8.0654,7.7011],[8.0766,7.6736],[8.0792,7.6515],[8.0763,7.6425],[8.0805,7.6355],[8.0703,7.617],[8.0649,7.5791],[8.0726,7.553],[8.0792,7.5216],[8.0966,7.5],[8.1043,7.4731],[8.1117,7.4578],[8.1229,7.3987],[8.1347,7.374],[8.1622,7.3721],[8.2209,7.3831],[8.2296,7.3929],[8.2393,7.4233],[8.2621,7.4385],[8.2914,7.4526],[8.3055,7.457],[8.3098,7.469],[8.3261,7.4983],[8.3467,7.5309],[8.4108,7.5863],[8.4401,7.5994],[8.4595,7.6015],[8.464,7.6113],[8.4455,7.6189],[8.4281,7.6319],[8.4107,7.6536],[8.4085,7.6611],[8.3892,7.6691],[8.3802,7.6817],[8.3747,7.6991],[8.3697,7.7443],[8.3722,7.77],[8.3455,7.7843],[8.2748,7.8146],[8.2152,7.8346],[8.1854,7.8522],[8.1804,7.8526],[8.1636,7.836],[8.1307,7.8266],[8.1057,7.807],[8.0775,7.7657],[8.0654,7.7326]]]},"properties":{"lga_pcode":"NG007008","lga_name":"Gwer West","state_pcode":"NG007","state_name":"Benue"}},
{"type":"Feature","geometry":{"type":"Polygon","coordinates":[[[8.1679,12.8041],[8.173,12.795],[8.1746,12.7661],[8.1671,12.755],[8.1661,12.7431],[8.1509,12.7169],[8.15,12.7013],[8.1929,12.7007],[8.2092,12.6851],[8.2207,12.6807],[8.2339,12.6937],[8.2456,12.6921],[8.2669,12.6774],[8.2845,12.6695],[8.2906,12.6512],[8.2993,12.6485],[8.3199,12.6508],[8.3295,12.6458],[8.3381,12.6575],[8.3623,12.6679],[8.3693,12.6627],[8.3977,12.6919],[8.3956,12.6995],[8.4024,12.7147],[8.3985,12.7458],[8.4017,12.7677],[8.3937,12.7937],[8.3995,12.8268],[8.3772,12.8252],[8.3502,12.8342],[8.3302,12.8445],[8.3232,12.8404],[8.2938,12.8396],[8.2803,12.8433],[8.2593,12.8385],[8.2386,12.8381],[8.232,12.8347],[8.2066,12.839],[8.1872,12.8392],[8.1711,12.8333],[8.1624,12.8191],[8.1679,12.8041]]]},"properties":{"lga_pcode":"NG018012","lga_name":"Gwiwa","state_pcode":"NG018","state_name":"Jigawa"}},
{"type":"Feature","geometry":{"type":"Polygon","coordinates":[[[13.4306,11.485],[13.4254,11.4844],[13.4119,11.4646],[13.4061,11.4214],[13.3883,11.3933],[13.386,11.3733],[13.368,11.3343],[13.3568,11.304],[13.3329,11.283],[13.3318,11.2662],[13.3368,11.2388],[13.3441,11.2179],[13.3439,11.207],[13.3497,11.1818],[13.3513,11.1024],[13.342,11.0643],[13.3335,11.05],[13.32,11.0136],[13.3099,10.9998],[13.3077,10.9875],[13.3132,10.9709],[13.331,10.93],[13.3307,10.91],[13.3352,10.8952],[13.337,10.9209],[13.3504,10.9317],[13.3652,10.926],[13.377,10.9022],[13.3926,10.8927],[13.4503,10.8724],[13.4876,10.8802],[13.5245,10.9025],[13.5518,10.9347],[13.5773,10.9483],[13.6132,10.9494],[13.6583,10.9447],[13.6922,10.9456],[13.7304,10.9786],[13.7511,10.9885],[13.7671,11.0039],[13.7904,11.0058],[13.7985,11.0136],[13.8017,11.0334],[13.8103,11.0382],[13.8253,11.0692],[13.8443,11.0876],[13.8548,11.0913],[13.8726,11.1189],[13.8859,11.1242],[13.88,11.1423],[13.8861,11.1534],[13.8978,11.157],[13.9101,11.1699],[13.9326,11.2215],[13.9468,11.2425],[13.958,11.2541],[13.9737,11.3013],[13.942,11.3038],[13.9185,11.3082],[13.8429,11.3003],[13.8043,11.2905],[13.7901,11.2893],[13.7682,11.2981],[13.7437,11.32],[13.722,11.3532],[13.7063,11.3685],[13.6739,11.3895],[13.655,11.3994],[13.6253,11.4076],[13.5978,11.4071],[13.5801,11.4285],[13.5378,11.4526],[13.5122,11.4615],[13.4965,11.4596],[13.4749,11.4623],[13.4306,11.485]]]},"properties":{"lga_pcode":"NG008011","lga_name":"Gwoza","state_pcode":"NG008","state_name":"Borno"}},
{"type":"Feature","geometry":{"type":"Polygon","coordinates":[[[10.0596,12.4406],[10.0779,12.4421],[10.0787,12.4629],[10.0727,12.4716],[10.0696,12.5026],[10.06,12.5047],[10.0539,12.4938],[10.0315,12.486],[10.0225,12.4693],[10.0286,12.4395],[10.0596,12.4406]]]},"properties":{"lga_pcode":"NG018013","lga_name":"Hadejia","state_pcode":"NG018","state_name":"Jigawa"}},
{"type":"Feature","geometry":{"type":"Polygon","coordinates":[[[12.4445,10.6285],[12.4367,10.6163],[12.4383,10.5825],[12.4301,10.5778],[12.4047,10.5942],[12.3754,10.6045],[12.3419,10.6224],[12.3188,10.6179],[12.2866,10.5949],[12.2664,10.5774],[12.2511,10.5595],[12.2437,10.5462],[12.2354,10.5405],[12.2133,10.5384],[12.1905,10.5549],[12.1762,10.5748],[12.1661,10.6012],[12.1535,10.6044],[12.1424,10.5912],[12.1243,10.5871],[12.1048,10.5929],[12.0828,10.6068],[12.074,10.6156],[12.0561,10.6431],[12.0444,10.6521],[12.0233,10.6459],[12.0016,10.6278],[11.9862,10.6062],[11.9844,10.591],[11.9785,10.5792],[11.9723,10.5608],[11.979,10.5443],[12.001,10.5131],[12.0073,10.4822],[12.0222,10.4434],[12.0375,10.4176],[12.0311,10.3951],[12.0185,10.3716],[11.9963,10.3592],[12.0078,10.3371],[12.0064,10.2968],[12.0198,10.2834],[12.0363,10.2771],[12.0829,10.2664],[12.1104,10.271],[12.1369,10.285],[12.1533,10.2854],[12.1822,10.2925],[12.2075,10.2898],[12.2335,10.282],[12.2597,10.268],[12.2639,10.2631],[12.271,10.2786],[12.2954,10.3082],[12.329,10.3196],[12.3614,10.3173],[12.4024,10.3187],[12.4355,10.3159],[12.4596,10.3234],[12.4761,10.333],[12.5074,10.3421],[12.5375,10.3592],[12.5596,10.3765],[12.5638,10.4166],[12.562,10.4361],[12.5646,10.4527],[12.5777,10.4607],[12.606,10.4676],[12.5844,10.5013],[12.5658,10.5358],[12.5541,10.5692],[12.5366,10.592],[12.5203,10.5955],[12.4834,10.6206],[12.4714,10.626],[12.4445,10.6285]]]},"properties":{"lga_pcode":"NG008012","lga_name":"Hawul","state_pcode":"NG008","state_name":"Borno"}},
{"type":"Feature","geometry":{"type":"Polygon","coordinates":[[[12.6128,10.4486],[12.6502,10.4016],[12.6822,10.3651],[12.7192,10.3302],[12.7298,10.3137],[12.7729,10.3009],[12.7761,10.2943],[12.7823,10.2308],[12.7806,10.1693],[12.7752,10.1258],[12.7806,10.1106],[12.7977,10.0566],[12.8403,9.9919],[12.8483,9.9827],[12.8911,9.961],[12.9154,9.9678],[12.9803,10.0043],[12.9965,10.0077],[13.0383,10.026],[13.0569,10.0263],[13.0649,10.0522],[13.0893,10.0899],[13.1091,10.1299],[13.1191,10.1741],[13.1228,10.1995],[13.1246,10.2308],[13.1293,10.2417],[13.1469,10.2462],[13.1685,10.2303],[13.194,10.219],[13.2197,10.2229],[13.2241,10.233],[13.2211,10.2636],[13.2221,10.2817],[13.2199,10.3144],[13.2255,10.3516],[13.2165,10.3839],[13.2167,10.4059],[13.2209,10.4308],[13.2398,10.4854],[13.2402,10.4974],[13.229,10.4672],[13.2194,10.4546],[13.2131,10.4275],[13.2053,10.4149],[13.1967,10.4142],[13.1848,10.4236],[13.1575,10.4239],[13.1217,10.4404],[13.114,10.4397],[13.0782,10.4528],[13.0526,10.4598],[13.0322,10.4744],[13.0146,10.5034],[12.9974,10.5251],[12.9828,10.5355],[12.9586,10.5481],[12.9181,10.562],[12.8753,10.5735],[12.777,10.5772],[12.7608,10.5829],[12.7353,10.5761],[12.698,10.5247],[12.6863,10.4996],[12.6737,10.4849],[12.6653,10.4596],[12.6525,10.439],[12.6398,10.4379],[12.6259,10.4528],[12.6128,10.4486]]]},"properties":{"lga_pcode":"NG002007","lga_name":"Hong","state_pcode":"NG002","state_name":"Adamawa"}},
{"type":"Feature","geometry":{"type":"Polygon","coordinates":[[[3.8854,7.4528],[3.871,7.4377],[3.8712,7.4277],[3.8858,7.4075],[3.8849,7.3985],[3.8984,7.38],[3.9179,7.3944],[3.9314,7.4107],[3.9402,7.4274],[3.9398,7.429],[3.9196,7.4505],[3.9035,7.4557],[3.8854,7.4528]]]},"properties":{"lga_pcode":"NG031006","lga_name":"Ibadan North","state_pcode":"NG031","state_name":"Oyo"}},
{"type":"Feature","geometry":{"type":"Polygon","coordinates":[[[3.945,7.404],[3.9402,7.4274],[3.9314,7.4107],[3.9179,7.3944],[3.8984,7.38],[3.8984,7.3789],[3.9266,7.3656],[3.9317,7.3792],[3.945,7.404]]]},"properties":{"lga_pcode":"NG031007","lga_name":"Ibadan North East","state_pcode":"NG031","state_name":"Oyo"}},
{"type":"Feature","geometry":{"type":"Polygon","coordinates":[[[3.8712,7.4277],[3.8538,7.4181],[3.8563,7.4079],[3.8648,7.3979],[3.8983,7.379],[3.8984,7.3789],[3.8984,7.38],[3.8849,7.3985],[3.8858,7.4075],[3.8712,7.4277]]]},"properties":{"lga_pcode":"NG031008","lga_name":"Ibadan North West","state_pcode":"NG031","state_name":"Oyo"}},
{"type":"Feature","geometry":{"type":"Polygon","coordinates":[[[3.8984,7.3789],[3.8983,7.379],[3.8888,7.3564],[3.8719,7.3407],[3.9017,7.3385],[3.9181,7.347],[3.9264,7.3626],[3.9266,7.3656],[3.8984,7.3789]]]},"properties":{"lga_pcode":"NG031009","lga_name":"Ibadan South East","state_pcode":"NG031","state_name":"Oyo"}},
{"type":"Feature","geometry":{"type":"Polygon","coordinates":[[[3.8563,7.4079],[3.8266,7.3922],[3.8143,7.4093],[3.8026,7.4097],[3.8082,7.3942],[3.808,7.3764],[3.8158,7.3779],[3.8181,7.3637],[3.8356,7.361],[3.8497,7.3363],[3.8719,7.3407],[3.8888,7.3564],[3.8983,7.379],[3.8648,7.3979],[3.8563,7.4079]]]},"properties":{"lga_pcode":"NG031010","lga_name":"Ibadan South West","state_pcode":"NG031","state_name":"Oyo"}},
{"type":"Feature","geometry":{"type":"Polygon","coordinates":[[[6.9321,6.7677],[6.949,6.7886],[6.9522,6.8279],[6.9608,6.8409],[6.9631,6.8597],[6.9608,6.891],[6.962,6.9285],[6.9584,6.9417],[6.9406,6.9601],[6.919,6.9715],[6.8946,6.9878],[6.8926,6.9944],[6.9058,7.0062],[6.9012,7.0161],[6.8834,7.0151],[6.8692,7.0217],[6.864,7.0115],[6.8469,7.0134],[6.8166,7.021],[6.7893,7.0252],[6.7641,7.0134],[6.7363,7.0132],[6.7147,7.0051],[6.7024,6.9971],[6.6786,6.9881],[6.6793,6.972],[6.673,6.9357],[6.6527,6.9078],[6.6462,6.8854],[6.6108,6.8221],[6.6236,6.7936],[6.6317,6.7691],[6.6262,6.7315],[6.6179,6.7049],[6.628,6.6746],[6.6528,6.6343],[6.6601,6.6086],[6.6619,6.5527],[6.6647,6.5324],[6.6839,6.5431],[6.717,6.5501],[6.7933,6.5723],[6.8081,6.5802],[6.809,6.6159],[6.799,6.6795],[6.8003,6.6935],[6.8064,6.7031],[6.8338,6.7222],[6.86,6.7532],[6.8783,6.7606],[6.8968,6.7924],[6.9121,6.8007],[6.9234,6.802],[6.9312,6.788],[6.9321,6.7677]]]},"properties":{"lga_pcode":"NG023006","lga_name":"Ibaji","state_pcode":"NG023","state_name":"Kogi"}},
{"type":"Feature","geometry":{"type":"Polygon","coordinates":[[[3.1439,7.3909],[3.1553,7.3782],[3.183,7.37],[3.23,7.3699],[3.2566,7.3634],[3.2825,7.3355],[3.287,7.3245],[3.3066,7.314],[3.324,7.3152],[3.3329,7.3342],[3.35,7.3632],[3.3758,7.3868],[3.3858,7.4013],[3.3813,7.4158],[3.3827,7.4332],[3.3961,7.4406],[3.3931,7.4558],[3.368,7.4724],[3.3458,7.5067],[3.3517,7.5203],[3.3562,7.5538],[3.3562,7.5932],[3.3018,7.5754],[3.2628,7.5608],[3.2185,7.5279],[3.1892,7.5205],[3.1584,7.5172],[3.1289,7.5223],[3.1218,7.5278],[3.1128,7.5612],[3.0941,7.5903],[3.087,7.5957],[3.0509,7.5742],[3.0259,7.5522],[3.0335,7.55],[3.0443,7.5343],[3.0645,7.5198],[3.0769,7.4913],[3.0692,7.4757],[3.0754,7.4514],[3.0822,7.4386],[3.0985,7.4294],[3.1153,7.4081],[3.1404,7.3956],[3.1439,7.3909]]]},"properties":{"lga_pcode":"NG031011","lga_name":"Ibarapa Central","state_pcode":"NG031","state_name":"Oyo"}},
{"type":"Feature","geometry":{"type":"Polygon","coordinates":[[[3.3931,7.4558],[3.4115,7.4713],[3.4459,7.4938],[3.4666,7.4711],[3.4594,7.4497],[3.4715,7.4387],[3.4829,7.4172],[3.4734,7.3964],[3.4744,7.3889],[3.4977,7.3946],[3.5223,7.4154],[3.5405,7.4397],[3.5458,7.4408],[3.5623,7.463],[3.5638,7.4837],[3.5731,7.5103],[3.5724,7.5553],[3.5651,7.5738],[3.5646,7.6056],[3.5781,7.6482],[3.5869,7.658],[3.6206,7.666],[3.6421,7.679],[3.6484,7.7083],[3.6645,7.7411],[3.6214,7.7428],[3.6094,7.7518],[3.5971,7.7669],[3.5602,7.7807],[3.5494,7.7791],[3.5494,7.7518],[3.5448,7.7447],[3.5321,7.7045],[3.5243,7.6912],[3.5057,7.6975],[3.478,7.6971],[3.4489,7.694],[3.4139,7.6847],[3.4054,7.679],[3.3424,7.6739],[3.3309,7.666],[3.342,7.6584],[3.3544,7.6389],[3.3562,7.5932],[3.3562,7.5538],[3.3517,7.5203],[3.3458,7.5067],[3.368,7.4724],[3.3931,7.4558]]]},"properties":{"lga_pcode":"NG031012","lga_name":"Ibarapa East","state_pcode":"NG031","state_name":"Oyo"}},
{"type":"Feature","geometry":{"type":"Polygon","coordinates":[[[3.3562,7.5932],[3.3544,7.6389],[3.342,7.6584],[3.3309,7.666],[3.3016,7.6791],[3.2834,7.7047],[3.2834,7.7229],[3.2784,7.7543],[3.2743,7.7642],[3.2586,7.7824],[3.247,7.8096],[3.2337,7.8126],[3.2198,7.7992],[3.1524,7.8119],[3.1312,7.8132],[3.1185,7.8214],[3.0916,7.8321],[3.0706,7.8318],[3.058,7.8033],[3.026,7.7918],[3.0192,7.7899],[3.0203,7.7667],[3.0255,7.7557],[3.0062,7.7139],[3.012,7.7006],[2.9969,7.6988],[2.9945,7.6861],[3.0003,7.6676],[2.9933,7.6612],[2.9979,7.6519],[2.989,7.6306],[2.9773,7.6231],[2.9726,7.6104],[2.9805,7.5872],[2.9954,7.5727],[3.0068,7.5558],[3.0259,7.5522],[3.0509,7.5742],[3.087,7.5957],[3.0941,7.5903],[3.1128,7.5612],[3.1218,7.5278],[3.1289,7.5223],[3.1584,7.5172],[3.1892,7.5205],[3.2185,7.5279],[3.2628,7.5608],[3.3018,7.5754],[3.3562,7.5932]]]},"properties":{"lga_pcode":"NG031013","lga_name":"Ibarapa North","state_pcode":"NG031","state_name":"Oyo"}},
{"type":"Feature","geometry":{"type":"MultiPolygon","coordinates":[[[[3.9971,6.4252],[4.0514,6.4162],[4.1977,6.3882],[4.2411,6.3823],[4.2149,6.4046],[4.2048,6.4194],[4.1954,6.4237],[4.1654,6.4202],[4.1448,6.4331],[4.1076,6.4254],[4.0874,6.4361],[4.0719,6.4337],[4.0585,6.4461],[4.0502,6.4592],[4.0174,6.472],[4.0086,6.4892],[3.9971,6.4908],[3.9971,6.4252]]],[[[3.6638,6.4916],[3.673,6.4756],[3.6308,6.4226],[3.6791,6.423],[3.7347,6.4278],[3.766,6.4336],[3.7991,6.4376],[3.8354,6.4379],[3.9067,6.4368],[3.9597,6.4314],[3.9599,6.4992],[3.9342,6.5038],[3.8724,6.5558],[3.8486,6.563],[3.8183,6.5563],[3.7638,6.5343],[3.6638,6.4916]]]]},"properties":{"lga_pcode":"NG025009","lga_name":"Ibeju/Lekki","state_pcode":"NG025","state_name":"Lagos"}},
{"type":"Feature","geometry":{"type":"Polygon","coordinates":[[[7.8249,4.523],[7.8623,4.5266],[7.878,4.5256],[7.9174,4.5307],[7.9366,4.5371],[7.9488,4.5348],[7.9834,4.5358],[7.9876,4.5399],[8.03,4.5419],[8.0477,4.5406],[8.0753,4.5435],[8.1141,4.542],[8.1538,4.5435],[8.1761,4.5461],[8.2052,4.5444],[8.2672,4.5321],[8.2811,4.5345],[8.2845,4.5513],[8.2975,4.5702],[8.2946,4.5731],[8.2924,4.5648],[8.2769,4.5589],[8.2547,4.5631],[8.2484,4.566],[8.2439,4.5732],[8.2412,4.5794],[8.218,4.6041],[8.1939,4.6021],[8.167,4.6036],[8.1504,4.6018],[8.1469,4.6],[8.0811,4.5937],[8.0593,4.5883],[8.0181,4.5828],[8.01,4.5851],[8.0009,4.5815],[7.9877,4.5855],[7.9471,4.5747],[7.9311,4.5642],[7.8968,4.5541],[7.814,4.5552],[7.8249,4.523]]]},"properties":{"lga_pcode":"NG003008","lga_name":"Ibeno","state_pcode":"NG003","state_name":"Akwa Ibom"}},
{"type":"Feature","geometry":{"type":"Polygon","coordinates":[[[7.9936,4.9687],[7.9786,4.9761],[7.9572,4.9938],[7.9188,4.9964],[7.8826,5.0007],[7.8939,4.9633],[7.9153,4.9303],[7.9153,4.9185],[7.9313,4.8768],[7.9347,4.8498],[7.9347,4.8298],[7.9392,4.8139],[7.9422,4.7926],[7.9519,4.7926],[7.9543,4.8192],[7.9611,4.8357],[7.9749,4.8347],[7.9961,4.8479],[8.0185,4.8496],[8.0217,4.8582],[8.0119,4.8643],[8.0065,4.8755],[8.0081,4.8994],[8.0073,4.9175],[8.0009,4.9284],[8.0013,4.9422],[7.9936,4.9687]]]},"properties":{"lga_pcode":"NG003009","lga_name":"Ibesikpo Asutan","state_pcode":"NG003","state_name":"Akwa Ibom"}},
{"type":"Feature","geometry":{"type":"Polygon","coordinates":[[[9.3355,7.9855],[9.359,7.9983],[9.3843,8.0196],[9.4349,8.0398],[9.4915,8.0702],[9.5239,8.0773],[9.5371,8.0924],[9.5634,8.1016],[9.6069,8.1056],[9.6494,8.1046],[9.7125,8.0892],[9.7253,8.0833],[9.7657,8.0823],[9.8042,8.0914],[9.8355,8.1157],[9.8679,8.1805],[9.8851,8.2311],[9.8993,8.2564],[9.9387,8.2827],[9.9733,8.2961],[9.9929,8.3209],[10.0126,8.3374],[10.0383,8.3731],[10.0577,8.3928],[10.0844,8.4479],[10.0842,8.4531],[10.105,8.4817],[10.1397,8.5092],[10.1773,8.5455],[10.1886,8.5598],[10.2068,8.5728],[10.2314,8.5964],[10.2404,8.6227],[10.2498,8.6404],[10.2678,8.6586],[10.3097,8.6777],[10.3301,8.6804],[10.3526,8.6762],[10.3748,8.6772],[10.404,8.6751],[10.4125,8.6779],[10.4016,8.6888],[10.3876,8.6951],[10.3761,8.7205],[10.3493,8.7435],[10.3135,8.7419],[10.2953,8.7636],[10.2815,8.7647],[10.2636,8.7812],[10.2456,8.8044],[10.2357,8.7921],[10.2241,8.7846],[10.1881,8.7484],[10.1803,8.7325],[10.1164,8.6725],[10.0972,8.6457],[10.0662,8.6132],[10.0518,8.5917],[10.008,8.553],[9.9978,8.5409],[9.9713,8.5206],[9.9501,8.4989],[9.9203,8.4786],[9.8909,8.4478],[9.8694,8.4313],[9.856,8.4255],[9.8214,8.4028],[9.7567,8.3673],[9.7111,8.3733],[9.6644,8.3828],[9.6215,8.389],[9.6183,8.3778],[9.624,8.3606],[9.6222,8.3496],[9.612,8.3502],[9.6138,8.3178],[9.6175,8.3029],[9.6097,8.2913],[9.5922,8.2967],[9.5469,8.305],[9.518,8.3021],[9.4832,8.3061],[9.4202,8.3324],[9.3897,8.3491],[9.377,8.35],[9.3633,8.3405],[9.3425,8.2837],[9.3255,8.2638],[9.3234,8.2535],[9.3296,8.2363],[9.3712,8.2151],[9.3905,8.2018],[9.4058,8.1872],[9.4118,8.1769],[9.4063,8.1653],[9.3869,8.1488],[9.3919,8.1328],[9.3926,8.1018],[9.4034,8.0801],[9.414,8.0711],[9.4154,8.0619],[9.4041,8.0456],[9.346,8.0019],[9.3355,7.9855]]]},"properties":{"lga_pcode":"NG035006","lga_name":"Ibi","state_pcode":"NG035","state_name":"Taraba"}},
{"type":"Feature","geometry":{"type":"Polygon","coordinates":[[[7.8761,5.3689],[7.8699,5.3637],[7.8379,5.353],[7.8255,5.3269],[7.8091,5.3026],[7.8073,5.2948],[7.8088,5.2789],[7.8226,5.2761],[7.8429,5.2532],[7.8466,5.2221],[7.8342,5.1995],[7.8349,5.1839],[7.8443,5.1661],[7.8349,5.1354],[7.8435,5.128],[7.8414,5.1078],[7.8507,5.0997],[7.8423,5.076],[7.8517,5.0599],[7.8455,5.0314],[7.8718,5.041],[7.8768,5.058],[7.9116,5.0835],[7.9161,5.0916],[7.9114,5.1043],[7.9272,5.1333],[7.9459,5.1553],[7.9635,5.1716],[7.9541,5.1923],[7.9575,5.2033],[7.9698,5.2203],[7.9664,5.2315],[7.9435,5.2451],[7.9378,5.2543],[7.935,5.2736],[7.9227,5.2942],[7.9094,5.3068],[7.8921,5.3165],[7.8749,5.3181],[7.8652,5.3146],[7.8409,5.3375],[7.8488,5.3444],[7.8683,5.3429],[7.8759,5.3372],[7.8965,5.3333],[7.9045,5.3414],[7.8813,5.3626],[7.8804,5.3668],[7.8761,5.3689]]]},"properties":{"lga_pcode":"NG003010","lga_name":"Ibiono Ibom","state_pcode":"NG003","state_name":"Akwa Ibom"}},
{"type":"Feature","geometry":{"type":"Polygon","coordinates":[[[6.6786,6.9881],[6.7024,6.9971],[6.7147,7.0051],[6.7363,7.0132],[6.7641,7.0134],[6.7893,7.0252],[6.7768,7.0443],[6.7784,7.0664],[6.7755,7.1034],[6.7609,7.1152],[6.7594,7.1333],[6.7412,7.1522],[6.7217,7.1573],[6.7153,7.137],[6.7158,7.1207],[6.7115,7.1047],[6.6901,7.0683],[6.6773,7.0341],[6.6786,6.9881]]]},"properties":{"lga_pcode":"NG023007","lga_name":"Idah","state_pcode":"NG023","state_name":"Kogi"}},
{"type":"Feature","geometry":{"type":"Polygon","coordinates":[[[5.3652,7.0925],[5.3501,7.0934],[5.3185,7.1015],[5.2842,7.1059],[5.2545,7.1076],[5.2294,7.1195],[5.207,7.1433],[5.1587,7.1699],[5.1363,7.1937],[5.1214,7.2057],[5.0831,7.2507],[5.0636,7.2497],[5.0367,7.256],[5.0322,7.2352],[5.0334,7.2045],[5.0228,7.1952],[5.0106,7.1632],[5.0104,7.1485],[5.015,7.1232],[4.995,7.0905],[4.9927,7.0774],[5.0013,7.062],[4.9974,7.0332],[4.9999,7.0225],[5.0126,7.007],[5.0146,6.9921],[5.005,6.9671],[4.9988,6.9389],[4.9881,6.8987],[4.9914,6.8938],[4.9935,6.8633],[5.0011,6.8218],[5.0022,6.7913],[5.0171,6.7739],[5.0404,6.7601],[5.0469,6.7528],[5.0535,6.7344],[5.0782,6.7149],[5.0888,6.7189],[5.1056,6.7125],[5.1223,6.6987],[5.126,6.7015],[5.1407,6.7312],[5.1508,6.746],[5.173,6.7627],[5.197,6.7739],[5.2089,6.81],[5.2548,6.8832],[5.2724,6.8889],[5.4597,6.886],[5.5371,6.8848],[5.5337,6.9171],[5.5197,6.9419],[5.5056,6.9723],[5.4925,6.988],[5.4756,7.0313],[5.4755,7.0506],[5.4497,7.0648],[5.4225,7.0734],[5.4132,7.0789],[5.3723,7.0926],[5.3652,7.0925]]]},"properties":{"lga_pcode":"NG029008","lga_name":"Idanre","state_pcode":"NG029","state_name":"Ondo"}},
{"type":"Feature","geometry":{"type":"Polygon","coordinates":[[[7.0564,5.9306],[7.0478,5.9272],[7.031,5.9121],[7.0031,5.9052],[7.007,5.895],[7.0159,5.8953],[7.0376,5.8902],[7.0469,5.8807],[7.0533,5.8626],[7.0561,5.8388],[7.0709,5.8367],[7.092,5.8445],[7.1016,5.8543],[7.121,5.8561],[7.1421,5.8727],[7.1729,5.8621],[7.1733,5.8476],[7.1681,5.8312],[7.1782,5.8083],[7.1933,5.8385],[7.2106,5.8491],[7.2155,5.8566],[7.2261,5.854],[7.2412,5.8648],[7.254,5.8638],[7.2603,5.8759],[7.2569,5.893],[7.2418,5.8906],[7.2309,5.8975],[7.2231,5.9323],[7.2028,5.921],[7.1734,5.9069],[7.1492,5.9167],[7.1121,5.9247],[7.1012,5.9325],[7.0955,5.9274],[7.0564,5.9306]]]},"properties":{"lga_pcode":"NG017005","lga_name":"Ideato North","state_pcode":"NG017","state_name":"Imo"}},
{"type":"Feature","geometry":{"type":"Polygon","coordinates":[[[7.0561,5.8388],[7.0598,5.8236],[7.0714,5.8176],[7.0696,5.8079],[7.1048,5.7897],[7.1097,5.7706],[7.141,5.7681],[7.1621,5.7589],[7.1774,5.7772],[7.1859,5.7925],[7.1782,5.8083],[7.1681,5.8312],[7.1733,5.8476],[7.1729,5.8621],[7.1421,5.8727],[7.121,5.8561],[7.1016,5.8543],[7.092,5.8445],[7.0709,5.8367],[7.0561,5.8388]]]},"properties":{"lga_pcode":"NG017006","lga_name":"Ideato South","state_pcode":"NG017","state_name":"Imo"}},
{"type":"Feature","geometry":{"type":"Polygon","coordinates":[[[6.9749,6.1236],[6.965,6.1452],[6.952,6.1611],[6.9402,6.1616],[6.931,6.1541],[6.9086,6.1703],[6.8989,6.1584],[6.8859,6.1576],[6.87,6.1648],[6.8447,6.167],[6.8351,6.1823],[6.8133,6.1294],[6.7951,6.1291],[6.7942,6.1022],[6.8011,6.0986],[6.8317,6.1034],[6.8656,6.0943],[6.8798,6.1016],[6.8966,6.1031],[6.9223,6.0908],[6.9345,6.0908],[6.9517,6.1073],[6.9807,6.0916],[6.9941,6.0988],[6.9857,6.1132],[6.9749,6.1236]]]},"properties":{"lga_pcode":"NG004010","lga_name":"Idemili North","state_pcode":"NG004","state_name":"Anambra"}},
{"type":"Feature","geometry":{"type":"Polygon","coordinates":[[[6.9807,6.0916],[6.9517,6.1073],[6.9345,6.0908],[6.9223,6.0908],[6.8966,6.1031],[6.8798,6.1016],[6.8656,6.0943],[6.8317,6.1034],[6.8011,6.0986],[6.7942,6.1022],[6.7759,6.0973],[6.7754,6.0803],[6.7789,6.0598],[6.7842,6.0581],[6.8115,6.0336],[6.8212,6.0418],[6.8469,6.042],[6.8643,6.0485],[6.8892,6.0716],[6.8967,6.0737],[6.9223,6.0515],[6.936,6.0288],[6.9526,6.0203],[6.9644,6.0171],[6.9843,6.0207],[6.972,6.0349],[6.9721,6.0635],[6.9807,6.0916]]]},"properties":{"lga_pcode":"NG004011","lga_name":"Idemili South","state_pcode":"NG004","state_name":"Anambra"}},
{"type":"Feature","geometry":{"type":"Polygon","coordinates":[[[3.7473,7.6937],[3.7351,7.7142],[3.6937,7.7312],[3.6771,7.7152],[3.6569,7.6885],[3.6421,7.679],[3.6206,7.666],[3.5869,7.658],[3.5781,7.6482],[3.5646,7.6056],[3.5651,7.5738],[3.5724,7.5553],[3.5731,7.5103],[3.5638,7.4837],[3.5623,7.463],[3.5458,7.4408],[3.6038,7.443],[3.6572,7.4434],[3.7071,7.4473],[3.7067,7.4091],[3.7082,7.3894],[3.7198,7.3876],[3.7175,7.328],[3.7143,7.3048],[3.7184,7.3013],[3.7468,7.2995],[3.7619,7.301],[3.7697,7.3133],[3.792,7.3275],[3.8245,7.3356],[3.8497,7.3363],[3.8356,7.361],[3.8181,7.3637],[3.8158,7.3779],[3.808,7.3764],[3.8082,7.3942],[3.8026,7.4097],[3.8143,7.4093],[3.8266,7.3922],[3.8563,7.4079],[3.8538,7.4181],[3.8712,7.4277],[3.871,7.4377],[3.8854,7.4528],[3.8683,7.4545],[3.8561,7.4845],[3.8319,7.5242],[3.8071,7.5525],[3.7269,7.5903],[3.7267,7.6026],[3.7488,7.6581],[3.746,7.6707],[3.7473,7.6937]]]},"properties":{"lga_pcode":"NG031014","lga_name":"Ido","state_pcode":"NG031","state_name":"Oyo"}},
{"type":"Feature","geometry":{"type":"Polygon","coordinates":[[[5.1647,7.9382],[5.1525,7.9452],[5.1296,7.9524],[5.1111,7.9433],[5.0942,7.9224],[5.1085,7.9068],[5.1277,7.8797],[5.1382,7.8605],[5.1397,7.8477],[5.1393,7.7721],[5.1766,7.7781],[5.2364,7.78],[5.2598,7.7838],[5.2657,7.7899],[5.2545,7.8349],[5.2579,7.8662],[5.2585,7.9043],[5.2248,7.9064],[5.1977,7.9125],[5.1792,7.9215],[5.1647,7.9382]]]},"properties":{"lga_pcode":"NG013008","lga_name":"Ido-Osi","state_pcode":"NG013","state_name":"Ekiti"}},
{"type":"Feature","geometry":{"type":"Polygon","coordinates":[[[3.2594,6.6902],[3.2735,6.6703],[3.2908,6.6624],[3.3072,6.6474],[3.3163,6.6457],[3.3225,6.6297],[3.3353,6.6242],[3.3434,6.6365],[3.3423,6.6503],[3.3527,6.6587],[3.3428,6.6737],[3.3147,6.6755],[3.2879,6.687],[3.2646,6.6982],[3.2594,6.6902]]]},"properties":{"lga_pcode":"NG025010","lga_name":"Ifako-Ijaye","state_pcode":"NG025","state_name":"Lagos"}},
{"type":"Feature","geometry":{"type":"Polygon","coordinates":[[[4.5283,7.6186],[4.5264,7.618],[4.5199,7.6001],[4.5155,7.5763],[4.4814,7.5691],[4.478,7.5366],[4.4933,7.5177],[4.4973,7.4972],[4.5116,7.4928],[4.5396,7.4889],[4.552,7.4772],[4.5638,7.4845],[4.578,7.5087],[4.5809,7.5393],[4.5722,7.5633],[4.5562,7.5984],[4.5379,7.6156],[4.5283,7.6186]]]},"properties":{"lga_pcode":"NG030011","lga_name":"Ife Central","state_pcode":"NG030","state_name":"Osun"}},
{"type":"Feature","geometry":{"type":"Polygon","coordinates":[[[4.5809,7.5393],[4.578,7.5087],[4.5638,7.4845],[4.552,7.4772],[4.5396,7.4889],[4.5116,7.4928],[4.5277,7.4624],[4.5473,7.4363],[4.5501,7.406],[4.5455,7.3885],[4.5452,7.377],[4.5544,7.3346],[4.5695,7.3237],[4.5775,7.3035],[4.5793,7.2693],[4.5953,7.2687],[4.6049,7.287],[4.6069,7.3213],[4.6112,7.3597],[4.6069,7.3893],[4.5908,7.4031],[4.5925,7.4195],[4.6281,7.4334],[4.6484,7.4371],[4.6392,7.4514],[4.6392,7.4684],[4.6312,7.4825],[4.6299,7.5077],[4.6253,7.5203],[4.6141,7.5332],[4.6009,7.5303],[4.5809,7.5393]]]},"properties":{"lga_pcode":"NG030012","lga_name":"Ife East","state_pcode":"NG030","state_name":"Osun"}},
{"type":"Feature","geometry":{"type":"Polygon","coordinates":[[[4.3651,7.0597],[4.3703,7.0562],[4.3701,7.0365],[4.3787,7.0261],[4.371,7.018],[4.376,6.9948],[4.3904,6.9809],[4.4005,6.9807],[4.4245,7.0024],[4.4382,7.0047],[4.4542,7.0009],[4.4634,6.9933],[4.4889,6.9918],[4.5163,7.0226],[4.5425,7.0211],[4.5772,7.0234],[4.6096,7.0311],[4.6107,7.0352],[4.5906,7.0399],[4.5846,7.0472],[4.5632,7.0575],[4.5438,7.1005],[4.5342,7.1116],[4.5106,7.1085],[4.4896,7.1116],[4.4542,7.1402],[4.4462,7.1535],[4.4595,7.1802],[4.4633,7.2039],[4.4694,7.2195],[4.4882,7.2436],[4.4919,7.2634],[4.4995,7.2808],[4.5024,7.3147],[4.5118,7.335],[4.5455,7.3885],[4.5501,7.406],[4.5473,7.4363],[4.5277,7.4624],[4.5116,7.4928],[4.4973,7.4972],[4.4933,7.5177],[4.478,7.5366],[4.4814,7.5691],[4.5155,7.5763],[4.5199,7.6001],[4.5264,7.618],[4.507,7.6201],[4.48,7.6153],[4.4532,7.6232],[4.4436,7.6149],[4.435,7.5998],[4.4214,7.5465],[4.3964,7.5214],[4.3823,7.476],[4.3918,7.4638],[4.3911,7.4494],[4.3823,7.4383],[4.3755,7.4192],[4.377,7.3967],[4.3816,7.3853],[4.4014,7.38],[4.4111,7.3624],[4.4061,7.346],[4.3959,7.3373],[4.3989,7.3277],[4.3985,7.3026],[4.4054,7.2656],[4.3878,7.2542],[4.3848,7.2282],[4.3911,7.2092],[4.3964,7.1699],[4.3922,7.1528],[4.3747,7.1154],[4.3686,7.1127],[4.3545,7.0822],[4.3651,7.0597]]]},"properties":{"lga_pcode":"NG030013","lga_name":"Ife North","state_pcode":"NG030","state_name":"Osun"}},
{"type":"Feature","geometry":{"type":"Polygon","coordinates":[[[4.6671,7.4169],[4.6576,7.4097],[4.6484,7.4371],[4.6281,7.4334],[4.5925,7.4195],[4.5908,7.4031],[4.6069,7.3893],[4.6112,7.3597],[4.6069,7.3213],[4.6049,7.287],[4.5953,7.2687],[4.5793,7.2693],[4.5775,7.3035],[4.5695,7.3237],[4.5544,7.3346],[4.5452,7.377],[4.5455,7.3885],[4.5118,7.335],[4.5024,7.3147],[4.4995,7.2808],[4.4919,7.2634],[4.4882,7.2436],[4.4694,7.2195],[4.4633,7.2039],[4.4595,7.1802],[4.4462,7.1535],[4.4542,7.1402],[4.4896,7.1116],[4.5106,7.1085],[4.5342,7.1116],[4.5438,7.1005],[4.5632,7.0575],[4.5846,7.0472],[4.5906,7.0399],[4.6107,7.0352],[4.6139,7.08],[4.6167,7.0847],[4.6268,7.1041],[4.6351,7.1134],[4.673,7.1404],[4.6682,7.1588],[4.6719,7.1662],[4.6839,7.1681],[4.7034,7.1618],[4.7154,7.172],[4.7209,7.1951],[4.7366,7.2072],[4.7494,7.2313],[4.7367,7.2446],[4.7157,7.2526],[4.6917,7.269],[4.6852,7.2873],[4.686,7.2995],[4.6959,7.3556],[4.6917,7.3784],[4.6829,7.399],[4.6671,7.4169]]]},"properties":{"lga_pcode":"NG030014","lga_name":"Ife South","state_pcode":"NG030","state_name":"Osun"}},
{"type":"Feature","geometry":{"type":"Polygon","coordinates":[[[4.9414,7.8976],[4.9905,7.9312],[5.0012,7.9461],[5.0165,7.9552],[5.0332,7.9823],[5.0355,8.0052],[5.0531,8.0235],[5.0576,8.0395],[5.0549,8.0492],[5.0496,8.0646],[5.0397,8.0719],[5.01,8.0501],[5.002,8.0341],[4.9893,8.034],[4.9734,8.0181],[4.9669,8.0467],[4.9567,8.0535],[4.9591,8.0374],[4.948,8.0237],[4.9518,7.9965],[4.9528,7.9714],[4.9456,7.9522],[4.9337,7.9384],[4.9322,7.916],[4.9238,7.8916],[4.909,7.8721],[4.9063,7.8641],[4.9111,7.8501],[4.9238,7.8635],[4.9273,7.8804],[4.9414,7.8976]]]},"properties":{"lga_pcode":"NG030015","lga_name":"Ifedayo","state_pcode":"NG030","state_name":"Osun"}},
{"type":"Feature","geometry":{"type":"Polygon","coordinates":[[[5.1924,7.4369],[5.1877,7.4406],[5.1673,7.4404],[5.1024,7.4502],[5.0847,7.457],[5.0652,7.4602],[5.0486,7.4573],[5.0181,7.4313],[5.0062,7.4137],[5.0063,7.392],[4.9898,7.3777],[5.0128,7.3603],[5.0331,7.3361],[5.0409,7.3216],[5.0421,7.2883],[5.0367,7.256],[5.0636,7.2497],[5.0831,7.2507],[5.0839,7.2793],[5.1125,7.3063],[5.1356,7.3184],[5.1589,7.3342],[5.1733,7.3336],[5.1914,7.3271],[5.2015,7.3339],[5.1995,7.3434],[5.1883,7.3586],[5.1817,7.4009],[5.1944,7.4139],[5.1924,7.4369]]]},"properties":{"lga_pcode":"NG029009","lga_name":"Ifedore","state_pcode":"NG029","state_name":"Ondo"}},
{"type":"Feature","geometry":{"type":"Polygon","coordinates":[[[4.6641,8.3564],[4.6912,8.3153],[4.7028,8.2947],[4.7195,8.2561],[4.7341,8.238],[4.7461,8.2123],[4.7672,8.216],[4.7893,8.2338],[4.798,8.2481],[4.8089,8.2777],[4.8033,8.3168],[4.8063,8.3473],[4.8202,8.359],[4.8567,8.3677],[4.885,8.3698],[4.9072,8.3699],[4.9415,8.3564],[4.9554,8.3555],[4.9854,8.3468],[5.0354,8.3499],[5.0871,8.3642],[5.1345,8.3642],[5.1524,8.346],[5.178,8.2925],[5.1758,8.2521],[5.1867,8.2473],[5.2206,8.2494],[5.2399,8.2551],[5.2558,8.2655],[5.281,8.2738],[5.3062,8.3007],[5.3245,8.3338],[5.3215,8.3411],[5.3419,8.3752],[5.3726,8.4092],[5.3966,8.4383],[5.4124,8.4524],[5.4331,8.4665],[5.4464,8.4797],[5.4356,8.4922],[5.4207,8.5336],[5.419,8.5693],[5.424,8.6132],[5.4207,8.6588],[5.4087,8.7003],[5.3805,8.716],[5.3556,8.7136],[5.3266,8.7053],[5.2901,8.6696],[5.2743,8.6563],[5.2577,8.6555],[5.237,8.6605],[5.1931,8.6895],[5.1624,8.6945],[5.14,8.7094],[5.1209,8.7169],[5.0985,8.7293],[5.0902,8.7376],[5.0786,8.7674],[5.0513,8.8172],[5.0297,8.8263],[4.9974,8.8288],[4.9849,8.8429],[4.9684,8.8479],[4.9252,8.8669],[4.9053,8.8827],[4.8946,8.9018],[4.897,8.9756],[4.9078,8.9938],[4.9078,9.0195],[4.8904,9.0568],[4.88,9.0427],[4.8776,9.0212],[4.8519,9.0137],[4.851,8.998],[4.8303,8.9905],[4.8129,8.9747],[4.8021,8.9515],[4.8071,8.9142],[4.8062,8.8951],[4.8154,8.8462],[4.8353,8.8139],[4.8626,8.7832],[4.8808,8.7464],[4.8892,8.7276],[4.9323,8.7086],[4.9439,8.6986],[4.9729,8.6878],[4.9837,8.6762],[4.9812,8.6563],[4.919,8.6248],[4.8776,8.6024],[4.8552,8.5801],[4.8062,8.5726],[4.7822,8.566],[4.7698,8.566],[4.7233,8.5494],[4.6926,8.5303],[4.6768,8.5068],[4.6921,8.4885],[4.7131,8.4815],[4.7602,8.4723],[4.7633,8.462],[4.7533,8.3955],[4.7325,8.3868],[4.7081,8.3883],[4.6967,8.3955],[4.6824,8.4145],[4.6012,8.4327],[4.591,8.4304],[4.5857,8.4237],[4.601,8.4131],[4.6382,8.3807],[4.6494,8.3731],[4.6641,8.3564]]]},"properties":{"lga_pcode":"NG024005","lga_name":"Ifelodun","state_pcode":"NG024","state_name":"Kwara"}},
{"type":"Feature","geometry":{"type":"Polygon","coordinates":[[[4.722,7.959],[4.7032,7.9735],[4.6789,7.9689],[4.6671,7.9594],[4.6442,7.9548],[4.5962,7.9609],[4.5565,7.948],[4.5683,7.9262],[4.6029,7.9061],[4.6063,7.8968],[4.5976,7.8633],[4.613,7.8434],[4.6366,7.8633],[4.6408,7.8633],[4.6694,7.8889],[4.6784,7.9168],[4.722,7.959]]]},"properties":{"lga_pcode":"NG030016","lga_name":"Ifelodun","state_pcode":"NG030","state_name":"Osun"}},
{"type":"Feature","geometry":{"type":"Polygon","coordinates":[[[3.2879,6.687],[3.3147,6.6755],[3.3428,6.6737],[3.3527,6.6587],[3.3701,6.6412],[3.3873,6.6386],[3.4347,6.6391],[3.4483,6.6406],[3.4526,6.6523],[3.4422,6.6701],[3.4383,6.6898],[3.4153,6.6885],[3.3957,6.6984],[3.3883,6.7232],[3.3878,6.7381],[3.3964,6.7826],[3.396,6.8018],[3.3873,6.8174],[3.3648,6.8305],[3.3357,6.8551],[3.3197,6.882],[3.2928,6.8791],[3.2767,6.874],[3.2514,6.8606],[3.2328,6.8392],[3.2126,6.8374],[3.1737,6.8475],[3.1278,6.844],[3.1083,6.847],[3.0775,6.8416],[3.0669,6.8328],[3.0618,6.8213],[3.0732,6.8067],[3.0915,6.7599],[3.0911,6.7432],[3.163,6.7451],[3.2016,6.7475],[3.2253,6.7536],[3.2407,6.761],[3.2541,6.7561],[3.2673,6.7439],[3.2852,6.7059],[3.2879,6.687]]]},"properties":{"lga_pcode":"NG028007","lga_name":"Ifo","state_pcode":"NG028","state_name":"Ogun"}},
{"type":"Feature","geometry":{"type":"Polygon","coordinates":[[[7.1537,10.6478],[7.1697,10.655],[7.2315,10.6456],[7.2536,10.6334],[7.2775,10.6155],[7.2818,10.5914],[7.2918,10.5505],[7.3017,10.5382],[7.3126,10.5321],[7.383,10.5025],[7.3771,10.5075],[7.3831,10.5202],[7.3943,10.5236],[7.4007,10.5416],[7.397,10.5554],[7.3995,10.565],[7.4114,10.5792],[7.415,10.5924],[7.4236,10.5978],[7.4611,10.5985],[7.4722,10.5876],[7.47,10.5735],[7.483,10.5559],[7.4715,10.5324],[7.4886,10.5353],[7.5189,10.5605],[7.5404,10.5706],[7.5784,10.5695],[7.6138,10.5659],[7.6366,10.5572],[7.6633,10.5398],[7.6836,10.521],[7.7053,10.4873],[7.7294,10.4615],[7.7621,10.4777],[7.7713,10.4976],[7.7921,10.5124],[7.8097,10.505],[7.8183,10.494],[7.8322,10.4904],[7.8565,10.4941],[7.8818,10.5241],[7.8756,10.5337],[7.9027,10.5653],[7.9308,10.5765],[7.9449,10.559],[7.9655,10.5553],[7.986,10.5637],[7.9935,10.5767],[7.9959,10.5941],[7.9737,10.6206],[7.9656,10.6354],[7.9455,10.6432],[7.9353,10.6395],[7.9127,10.6487],[7.8762,10.6671],[7.8761,10.6736],[7.8908,10.6832],[7.8649,10.6853],[7.8511,10.6926],[7.8402,10.7122],[7.8346,10.7355],[7.8263,10.7551],[7.8054,10.782],[7.7881,10.7991],[7.7797,10.815],[7.7743,10.8481],[7.8008,10.8812],[7.8136,10.9045],[7.7858,10.9214],[7.7727,10.9363],[7.7612,10.9605],[7.7538,10.9656],[7.7252,10.9696],[7.6798,10.9849],[7.657,10.9719],[7.6317,10.9752],[7.6131,10.9911],[7.6086,11.0119],[7.5935,11.0155],[7.5729,11.0117],[7.5449,10.9859],[7.5235,10.9915],[7.5072,11.0068],[7.4899,11.0043],[7.4279,11.0176],[7.4078,11.0249],[7.3836,11.0261],[7.3733,11.0224],[7.3561,11.0027],[7.343,10.9475],[7.3333,10.9218],[7.2923,10.8726],[7.2802,10.853],[7.2578,10.8297],[7.2347,10.8235],[7.1776,10.8307],[7.152,10.8257],[7.1137,10.822],[7.1287,10.7718],[7.1318,10.7485],[7.1463,10.7228],[7.1591,10.7071],[7.1607,10.6992],[7.1561,10.6789],[7.1498,10.6663],[7.1537,10.6478]]]},"properties":{"lga_pcode":"NG019004","lga_name":"Igabi","state_pcode":"NG019","state_name":"Kaduna"}},
{"type":"Feature","geometry":{"type":"Polygon","coordinates":[[[6.7153,7.137],[6.7217,7.1573],[6.7412,7.1522],[6.7594,7.1333],[6.7609,7.1152],[6.7755,7.1034],[6.7784,7.0664],[6.7768,7.0443],[6.7893,7.0252],[6.8166,7.021],[6.8469,7.0134],[6.864,7.0115],[6.8692,7.0217],[6.8834,7.0151],[6.9012,7.0161],[6.9058,7.0062],[6.8926,6.9944],[6.8946,6.9878],[6.919,6.9715],[6.9406,6.9601],[6.9584,6.9417],[6.962,6.9285],[6.9608,6.891],[6.9631,6.8597],[6.9608,6.8409],[6.9782,6.85],[6.9868,6.8445],[6.99,6.8232],[6.9853,6.7988],[6.9908,6.7854],[7.0207,6.7893],[7.042,6.783],[7.0554,6.7862],[7.0601,6.7949],[7.0814,6.8004],[7.1011,6.8287],[7.1129,6.8374],[7.12,6.8484],[7.1468,6.8642],[7.1562,6.8831],[7.1704,6.8839],[7.1759,6.8965],[7.1877,6.9012],[7.2099,6.9028],[7.235,6.9107],[7.2429,6.928],[7.2381,6.9579],[7.2413,6.9713],[7.2578,6.9808],[7.2933,6.9942],[7.313,6.9997],[7.3298,7.0003],[7.3281,7.0245],[7.3668,7.0399],[7.3671,7.0648],[7.3594,7.0893],[7.3272,7.1004],[7.2929,7.1056],[7.2837,7.1162],[7.2982,7.1652],[7.3074,7.1833],[7.2867,7.182],[7.264,7.184],[7.2511,7.1912],[7.238,7.2097],[7.2139,7.235],[7.1963,7.2401],[7.1648,7.2273],[7.1237,7.2377],[7.0767,7.2523],[7.0647,7.2528],[7.0479,7.2638],[7.0441,7.2599],[7.0456,7.2413],[7.0412,7.2173],[7.0317,7.2058],[6.9981,7.1991],[6.99,7.1948],[6.9493,7.1924],[6.9182,7.1996],[6.8998,7.2179],[6.8904,7.2178],[6.8641,7.2298],[6.8392,7.235],[6.8277,7.2422],[6.8076,7.247],[6.7765,7.2733],[6.765,7.2882],[6.7468,7.2887],[6.7391,7.259],[6.7362,7.2346],[6.7241,7.2059],[6.7238,7.1873],[6.7034,7.1706],[6.7153,7.137]]]},"properties":{"lga_pcode":"NG023008","lga_name":"Igalamela-Odolu","state_pcode":"NG023","state_name":"Kogi"}},
{"type":"Feature","geometry":{"type":"Polygon","coordinates":[[[7.5438,6.6311],[7.5398,6.6448],[7.5383,6.6742],[7.5315,6.6931],[7.5199,6.7059],[7.5105,6.7292],[7.5081,6.7409],[7.499,6.7491],[7.4776,6.7535],[7.4644,6.7609],[7.4518,6.7491],[7.4325,6.7381],[7.4245,6.7439],[7.427,6.7586],[7.4223,6.7645],[7.3929,6.7581],[7.3787,6.7458],[7.3674,6.7307],[7.3484,6.7212],[7.3324,6.7248],[7.3174,6.7234],[7.2811,6.7009],[7.2579,6.6935],[7.2368,6.6777],[7.244,6.678],[7.2728,6.6697],[7.2995,6.6658],[7.3243,6.6535],[7.3392,6.6426],[7.3497,6.6413],[7.3763,6.6308],[7.3831,6.6251],[7.3998,6.6317],[7.4159,6.6112],[7.4287,6.6112],[7.4592,6.6169],[7.4828,6.626],[7.5409,6.6287],[7.5438,6.6311]]]},"properties":{"lga_pcode":"NG014007","lga_name":"Igbo-Etiti","state_pcode":"NG014","state_name":"Enugu"}},
{"type":"Feature","geometry":{"type":"Polygon","coordinates":[[[7.3668,7.0399],[7.3709,7.0307],[7.3962,7.0283],[7.3987,7.0204],[7.3772,6.9996],[7.3846,6.9792],[7.4082,6.9704],[7.4175,6.9612],[7.4365,6.9312],[7.4718,6.9216],[7.4899,6.9206],[7.5231,6.9488],[7.5269,6.9566],[7.5407,6.9634],[7.5564,6.9788],[7.5493,6.991],[7.5383,7.0202],[7.5305,7.0323],[7.5263,7.0575],[7.504,7.0704],[7.4866,7.094],[7.4657,7.1118],[7.442,7.1182],[7.4176,7.1138],[7.3982,7.1137],[7.386,7.1093],[7.3753,7.0921],[7.3671,7.0648],[7.3668,7.0399]]]},"properties":{"lga_pcode":"NG014008","lga_name":"Igbo-Eze North","state_pcode":"NG014","state_name":"Enugu"}},
{"type":"Feature","geometry":{"type":"Polygon","coordinates":[[[7.313,6.9997],[7.3148,6.9888],[7.3232,6.9792],[7.3203,6.97],[7.3071,6.9672],[7.303,6.9486],[7.313,6.9238],[7.3278,6.912],[7.3741,6.9032],[7.3946,6.9144],[7.4063,6.9],[7.4274,6.8915],[7.4417,6.8797],[7.4532,6.8658],[7.4695,6.8845],[7.4767,6.8858],[7.4858,6.9014],[7.4829,6.9114],[7.4899,6.9206],[7.4718,6.9216],[7.4365,6.9312],[7.4175,6.9612],[7.4082,6.9704],[7.3846,6.9792],[7.3772,6.9996],[7.3987,7.0204],[7.3962,7.0283],[7.3709,7.0307],[7.3668,7.0399],[7.3281,7.0245],[7.3298,7.0003],[7.313,6.9997]]]},"properties":{"lga_pcode":"NG014009","lga_name":"Igbo-Eze South","state_pcode":"NG014","state_name":"Enugu"}},
{"type":"Feature","geometry":{"type":"Polygon","coordinates":[[[6.2079,6.5929],[6.2089,6.5726],[6.216,6.5342],[6.2232,6.5055],[6.2154,6.4985],[6.192,6.4914],[6.1676,6.4886],[6.1277,6.4743],[6.1095,6.4622],[6.1259,6.4286],[6.1317,6.4045],[6.1522,6.4169],[6.1958,6.4182],[6.2157,6.4212],[6.2266,6.4139],[6.2694,6.3616],[6.2816,6.3603],[6.2884,6.3784],[6.2983,6.3933],[6.3064,6.4137],[6.2855,6.4255],[6.281,6.432],[6.2945,6.4626],[6.2971,6.4792],[6.2844,6.4902],[6.2735,6.5049],[6.2616,6.5269],[6.2788,6.5446],[6.2851,6.5595],[6.2959,6.5725],[6.3249,6.5802],[6.3349,6.5904],[6.3385,6.6034],[6.3502,6.6266],[6.3483,6.6404],[6.3407,6.657],[6.3065,6.6524],[6.2813,6.6391],[6.2642,6.6364],[6.2466,6.6336],[6.2241,6.6254],[6.2106,6.605],[6.2079,6.5929]]]},"properties":{"lga_pcode":"NG012010","lga_name":"Igueben","state_pcode":"NG012","state_name":"Edo"}},
{"type":"Feature","geometry":{"type":"Polygon","coordinates":[[[6.825,5.9455],[6.8029,5.9064],[6.8112,5.8951],[6.7977,5.882],[6.7872,5.8659],[6.7937,5.852],[6.7889,5.8145],[6.7949,5.7897],[6.8096,5.7803],[6.8281,5.7662],[6.8361,5.7549],[6.8499,5.7631],[6.8723,5.7444],[6.8848,5.7454],[6.8837,5.761],[6.8864,5.7923],[6.8901,5.8068],[6.8856,5.8274],[6.9071,5.8196],[6.9156,5.8238],[6.9219,5.8433],[6.9328,5.8597],[6.9526,5.8655],[6.9777,5.9017],[6.9566,5.9074],[6.9316,5.9031],[6.8929,5.9073],[6.881,5.9124],[6.8589,5.9186],[6.8564,5.9384],[6.8421,5.9316],[6.825,5.9455]]]},"properties":{"lga_pcode":"NG004012","lga_name":"Ihiala","state_pcode":"NG004","state_name":"Anambra"}},
{"type":"Feature","geometry":{"type":"Polygon","coordinates":[[[7.3089,5.611],[7.325,5.6064],[7.3463,5.6083],[7.3747,5.5841],[7.397,5.5795],[7.4075,5.5931],[7.4228,5.5836],[7.4323,5.6094],[7.4285,5.6243],[7.4176,5.6485],[7.4163,5.6615],[7.4082,5.677],[7.3897,5.6915],[7.3816,5.7056],[7.3612,5.7143],[7.346,5.7041],[7.3429,5.6902],[7.3466,5.6562],[7.3451,5.6275],[7.3323,5.6288],[7.3089,5.6179],[7.3089,5.611]]]},"properties":{"lga_pcode":"NG017007","lga_name":"Ihitte/Uboma","state_pcode":"NG017","state_name":"Imo"}},
{"type":"Feature","geometry":{"type":"Polygon","coordinates":[[[4.2036,7.046],[4.1873,7.0268],[4.1713,6.9838],[4.1573,6.9697],[4.1267,6.9537],[4.1242,6.9355],[4.1398,6.8946],[4.1421,6.8713],[4.1065,6.8705],[4.0931,6.8659],[4.0646,6.8414],[4.0304,6.8493],[4.011,6.8466],[4.0009,6.839],[3.993,6.8159],[3.9697,6.7889],[3.9675,6.7748],[3.977,6.7611],[4.012,6.7614],[4.0215,6.7527],[4.001,6.7356],[4.0063,6.7298],[4.0242,6.7306],[4.0547,6.7249],[4.0619,6.71],[4.0588,6.6986],[4.0741,6.6929],[4.0785,6.6792],[4.0915,6.679],[4.0926,6.6565],[4.0815,6.6376],[4.0586,6.6299],[4.0514,6.616],[4.0649,6.5806],[4.0682,6.5636],[4.0829,6.5592],[4.0906,6.5618],[4.0944,6.5469],[4.1095,6.5484],[4.1106,6.5583],[4.1318,6.5732],[4.151,6.5813],[4.1663,6.5934],[4.1867,6.5849],[4.2015,6.5869],[4.2118,6.5817],[4.22,6.5675],[4.2299,6.5797],[4.2469,6.5834],[4.2676,6.5963],[4.2771,6.5979],[4.2962,6.6182],[4.3169,6.6257],[4.3459,6.6244],[4.3625,6.6298],[4.3771,6.6451],[4.3761,6.6632],[4.3872,6.6697],[4.3888,6.7131],[4.4137,6.7447],[4.4182,6.7604],[4.4395,6.7744],[4.4764,6.8023],[4.5023,6.8163],[4.5153,6.82],[4.5476,6.8405],[4.5483,6.8442],[4.552,6.8747],[4.5575,6.8895],[4.5562,6.9588],[4.5643,6.9957],[4.5848,7.014],[4.6096,7.0311],[4.5772,7.0234],[4.5425,7.0211],[4.5163,7.0226],[4.4889,6.9918],[4.4634,6.9933],[4.4542,7.0009],[4.4382,7.0047],[4.4245,7.0024],[4.4005,6.9807],[4.3904,6.9809],[4.376,6.9948],[4.371,7.018],[4.3787,7.0261],[4.3701,7.0365],[4.3703,7.0562],[4.3651,7.0597],[4.3344,7.0708],[4.2975,7.0906],[4.2685,7.0884],[4.2188,7.0471],[4.2036,7.046]]]},"properties":{"lga_pcode":"NG028008","lga_name":"Ijebu East","state_pcode":"NG028","state_name":"Ogun"}},
{"type":"Feature","geometry":{"type":"Polygon","coordinates":[[[4.169,7.174],[4.1567,7.165],[4.0884,7.1334],[4.0691,7.1323],[4.0459,7.1383],[4.0193,7.1246],[4.0055,7.1285],[3.9954,7.125],[3.9656,7.1098],[3.9602,7.0923],[3.9389,7.0839],[3.8428,7.0829],[3.8196,7.0732],[3.7931,7.0477],[3.7878,7.0167],[3.7698,6.96],[3.7683,6.9421],[3.7579,6.9305],[3.784,6.9054],[3.8015,6.8947],[3.819,6.8909],[3.8649,6.8924],[3.8851,6.8905],[3.9363,6.8916],[3.9555,6.8939],[3.977,6.9015],[3.9993,6.922],[4.0315,6.932],[4.0689,6.9396],[4.0948,6.9427],[4.1267,6.9537],[4.1573,6.9697],[4.1713,6.9838],[4.1873,7.0268],[4.2036,7.046],[4.1979,7.0492],[4.186,7.0854],[4.183,7.1113],[4.1712,7.1707],[4.169,7.174]]]},"properties":{"lga_pcode":"NG028009","lga_name":"Ijebu North","state_pcode":"NG028","state_name":"Ogun"}},
{"type":"Feature","geometry":{"type":"Polygon","coordinates":[[[4.1267,6.9537],[4.0948,6.9427],[4.0689,6.9396],[4.0315,6.932],[3.9993,6.922],[3.977,6.9015],[3.9555,6.8939],[3.9363,6.8916],[3.9391,6.8775],[3.9156,6.8529],[3.9176,6.8482],[3.9372,6.8418],[3.9513,6.8192],[3.9487,6.8021],[3.9697,6.7889],[3.993,6.8159],[4.0009,6.839],[4.011,6.8466],[4.0304,6.8493],[4.0646,6.8414],[4.0931,6.8659],[4.1065,6.8705],[4.1421,6.8713],[4.1398,6.8946],[4.1242,6.9355],[4.1267,6.9537]]]},"properties":{"lga_pcode":"NG028010","lga_name":"Ijebu North East","state_pcode":"NG028","state_name":"Ogun"}},
{"type":"Feature","geometry":{"type":"Polygon","coordinates":[[[4.0785,6.6792],[4.0741,6.6929],[4.0588,6.6986],[4.0619,6.71],[4.0547,6.7249],[4.0242,6.7306],[4.0063,6.7298],[4.001,6.7356],[4.0215,6.7527],[4.012,6.7614],[3.977,6.7611],[3.9675,6.7748],[3.9697,6.7889],[3.9487,6.8021],[3.9513,6.8192],[3.9372,6.8418],[3.9176,6.8482],[3.9156,6.8529],[3.9031,6.8352],[3.8986,6.8205],[3.9012,6.8102],[3.9305,6.7965],[3.945,6.7782],[3.9507,6.766],[3.9477,6.7481],[3.9364,6.7278],[3.9168,6.6807],[3.9472,6.6802],[3.9791,6.6824],[4.0197,6.6799],[4.0785,6.6792]]]},"properties":{"lga_pcode":"NG028011","lga_name":"Ijebu Ode","state_pcode":"NG028","state_name":"Ogun"}},
{"type":"Feature","geometry":{"type":"Polygon","coordinates":[[[5.1137,7.6934],[5.136,7.7582],[5.1393,7.7721],[5.1397,7.8477],[5.1382,7.8605],[5.1277,7.8797],[5.1085,7.9068],[5.0942,7.9224],[5.0686,7.9531],[5.0464,7.9734],[5.0332,7.9823],[5.0165,7.9552],[5.0012,7.9461],[4.9905,7.9312],[4.9414,7.8976],[4.9658,7.8763],[4.9738,7.8643],[4.979,7.8229],[4.9967,7.792],[5.0248,7.7627],[5.0628,7.7475],[5.0905,7.7275],[5.1137,7.6934]]]},"properties":{"lga_pcode":"NG013009","lga_name":"Ijero","state_pcode":"NG013","state_name":"Ekiti"}},
{"type":"Feature","geometry":{"type":"Polygon","coordinates":[[[6.0987,7.5882],[6.1048,7.6146],[6.1219,7.6472],[6.1227,7.6781],[6.1178,7.6862],[6.0983,7.7049],[6.0837,7.7448],[6.0706,7.7659],[6.0462,7.8001],[6.0414,7.8025],[6.0304,7.8281],[6.0221,7.8411],[6.0511,7.8993],[6.056,7.918],[6.0544,7.9302],[6.0698,7.988],[6.0796,8.0124],[6.0755,8.0416],[6.0666,8.0563],[6.0513,8.0964],[6.0274,8.12],[6.018,8.1298],[6.012,8.1463],[5.9909,8.1352],[5.9771,8.1067],[5.9576,8.0961],[5.9487,8.0847],[5.9438,8.0701],[5.9202,8.0319],[5.908,7.9993],[5.8909,7.9814],[5.886,7.9709],[5.86,7.9392],[5.8349,7.924],[5.8267,7.905],[5.8014,7.879],[5.7892,7.8619],[5.76,7.8342],[5.7381,7.8192],[5.746,7.805],[5.768,7.7876],[5.7916,7.7821],[5.773,7.7473],[5.8164,7.7278],[5.8277,7.734],[5.8426,7.7286],[5.8574,7.7305],[5.8898,7.7436],[5.9194,7.7502],[5.9306,7.7448],[5.9215,7.7161],[5.929,7.6958],[5.94,7.6451],[5.9639,7.6157],[6.004,7.5874],[6.0089,7.5797],[6.0041,7.5292],[6.013,7.5334],[6.0235,7.5473],[6.0254,7.559],[6.0359,7.5723],[6.0485,7.5801],[6.0987,7.5882]]]},"properties":{"lga_pcode":"NG023009","lga_name":"Ijumu","state_pcode":"NG023","state_name":"Kogi"}},
{"type":"Feature","geometry":{"type":"Polygon","coordinates":[[[7.5469,5.0881],[7.5402,5.069],[7.5251,5.0505],[7.5289,5.0386],[7.5154,5.0382],[7.5064,5.0133],[7.4919,5.0078],[7.4836,4.9963],[7.4711,4.9959],[7.4626,4.9733],[7.4821,4.9609],[7.4914,4.9595],[7.4915,4.9468],[7.5111,4.9446],[7.5322,4.954],[7.5574,4.9822],[7.5652,4.9869],[7.5751,5.011],[7.5842,5.0231],[7.6019,5.0325],[7.6178,5.0465],[7.6057,5.0533],[7.5908,5.0555],[7.5706,5.0657],[7.5469,5.0881]]]},"properties":{"lga_pcode":"NG003011","lga_name":"Ika","state_pcode":"NG003","state_name":"Akwa Ibom"}},
{"type":"Feature","geometry":{"type":"Polygon","coordinates":[[[6.3623,6.3844],[6.3496,6.3788],[6.3363,6.3782],[6.3128,6.3673],[6.2903,6.3619],[6.2817,6.3574],[6.2466,6.3127],[6.2806,6.2846],[6.2841,6.2728],[6.2814,6.2582],[6.2591,6.2289],[6.251,6.2226],[6.2461,6.2462],[6.2366,6.2596],[6.215,6.2529],[6.1914,6.2527],[6.1791,6.217],[6.1532,6.1809],[6.1621,6.1713],[6.173,6.1734],[6.1927,6.1694],[6.2017,6.1466],[6.2174,6.1294],[6.2201,6.1204],[6.244,6.097],[6.255,6.0909],[6.28,6.1057],[6.3421,6.1235],[6.337,6.1551],[6.3578,6.1574],[6.3872,6.1841],[6.3805,6.223],[6.3753,6.2396],[6.3693,6.2687],[6.3796,6.2767],[6.3894,6.2945],[6.3914,6.3098],[6.3783,6.3471],[6.3639,6.3761],[6.3623,6.3844]]]},"properties":{"lga_pcode":"NG010007","lga_name":"Ika North East","state_pcode":"NG010","state_name":"Delta"}},
{"type":"Feature","geometry":{"type":"Polygon","coordinates":[[[6.3421,6.1235],[6.28,6.1057],[6.255,6.0909],[6.244,6.097],[6.2201,6.1204],[6.2174,6.1294],[6.2017,6.1466],[6.1927,6.1694],[6.173,6.1734],[6.1621,6.1713],[6.1532,6.1809],[6.1791,6.217],[6.1914,6.2527],[6.215,6.2529],[6.2366,6.2596],[6.2461,6.2462],[6.251,6.2226],[6.2591,6.2289],[6.2814,6.2582],[6.2841,6.2728],[6.2806,6.2846],[6.2466,6.3127],[6.2126,6.2792],[6.1976,6.2827],[6.1887,6.3095],[6.1805,6.3212],[6.1675,6.3315],[6.1266,6.3561],[6.113,6.3491],[6.088,6.3183],[6.0861,6.2892],[6.0766,6.2787],[6.0849,6.2635],[6.1122,6.2409],[6.1064,6.202],[6.1108,6.1812],[6.1196,6.1577],[6.1481,6.1143],[6.1638,6.0943],[6.1693,6.0825],[6.2014,6.0495],[6.2239,6.0393],[6.2566,6.0167],[6.2934,6.0191],[6.2995,6.0108],[6.3097,6.0102],[6.3192,6.0186],[6.3359,6.0929],[6.348,6.1151],[6.3421,6.1235]]]},"properties":{"lga_pcode":"NG010008","lga_name":"Ika South","state_pcode":"NG010","state_name":"Delta"}},
{"type":"Feature","geometry":{"type":"Polygon","coordinates":[[[8.5009,11.1548],[8.4826,11.1638],[8.4701,11.189],[8.4594,11.1945],[8.434,11.2205],[8.415,11.2303],[8.3895,11.2272],[8.3734,11.2208],[8.3593,11.2227],[8.3456,11.2152],[8.3294,11.2124],[8.3211,11.2168],[8.3066,11.2326],[8.288,11.2623],[8.2658,11.2777],[8.2638,11.2868],[8.2744,11.3062],[8.2582,11.3161],[8.22,11.309],[8.2008,11.3236],[8.1874,11.3406],[8.1636,11.355],[8.136,11.3774],[8.1308,11.3924],[8.1427,11.4196],[8.1649,11.4518],[8.1695,11.4873],[8.159,11.5084],[8.1488,11.5136],[8.1205,11.5155],[8.1019,11.5091],[8.0817,11.4919],[8.0527,11.4806],[8.0373,11.4847],[8.0336,11.4849],[7.9836,11.468],[7.9694,11.4588],[7.9949,11.4266],[8.0017,11.4041],[8.025,11.3652],[8.0339,11.3623],[8.0512,11.3487],[8.0715,11.3283],[8.0862,11.3084],[8.1127,11.2856],[8.1297,11.262],[8.1356,11.2473],[8.1161,11.2337],[8.089,11.2251],[8.0649,11.2232],[8.0541,11.2189],[8.0559,11.2023],[8.0827,11.1846],[8.1466,11.1492],[8.1687,11.1291],[8.1932,11.1322],[8.2033,11.1298],[8.2365,11.1311],[8.2618,11.125],[8.3151,11.119],[8.3378,11.113],[8.3739,11.1137],[8.3812,11.1194],[8.384,11.1361],[8.4004,11.1598],[8.4111,11.1565],[8.4187,11.1436],[8.4487,11.1269],[8.4853,11.1233],[8.5252,11.1314],[8.5169,11.1509],[8.5009,11.1548]]]},"properties":{"lga_pcode":"NG019005","lga_name":"Ikara","state_pcode":"NG019","state_name":"Kaduna"}},
{"type":"Feature","geometry":{"type":"Polygon","coordinates":[[[7.2161,5.5109],[7.207,5.5432],[7.2289,5.5758],[7.2282,5.5907],[7.2091,5.6074],[7.1999,5.6031],[7.1735,5.6146],[7.1576,5.6397],[7.1486,5.639],[7.1225,5.6257],[7.1091,5.6188],[7.0881,5.6006],[7.0797,5.568],[7.078,5.5475],[7.0819,5.5406],[7.1078,5.5261],[7.1243,5.5099],[7.1476,5.4997],[7.1584,5.485],[7.1769,5.4989],[7.1933,5.5057],[7.2161,5.5109]]]},"properties":{"lga_pcode":"NG017008","lga_name":"Ikeduru","state_pcode":"NG017","state_name":"Imo"}},
{"type":"Feature","geometry":{"type":"Polygon","coordinates":[[[3.3155,6.6047],[3.3174,6.5889],[3.3135,6.5503],[3.3237,6.555],[3.3221,6.5645],[3.3347,6.5713],[3.3397,6.5872],[3.3526,6.5548],[3.3677,6.5572],[3.3684,6.5572],[3.3675,6.5676],[3.383,6.5938],[3.3658,6.6175],[3.3701,6.6412],[3.3527,6.6587],[3.3423,6.6503],[3.3434,6.6365],[3.3353,6.6242],[3.3369,6.6133],[3.3155,6.6047]]]},"properties":{"lga_pcode":"NG025011","lga_name":"Ikeja","state_pcode":"NG025","state_name":"Lagos"}},
{"type":"Feature","geometry":{"type":"Polygon","coordinates":[[[3.7538,6.9081],[3.7413,6.9099],[3.7232,6.9207],[3.7015,6.9373],[3.6835,6.9593],[3.6701,6.9682],[3.6638,6.9846],[3.6496,7.0009],[3.6401,6.9922],[3.6416,6.9735],[3.6044,6.9403],[3.6113,6.9274],[3.6353,6.9042],[3.6581,6.8962],[3.6772,6.8798],[3.6869,6.8592],[3.6886,6.8426],[3.6959,6.8265],[3.7169,6.7996],[3.737,6.8319],[3.7396,6.8513],[3.7522,6.8882],[3.7538,6.9081]]]},"properties":{"lga_pcode":"NG028012","lga_name":"Ikenne","state_pcode":"NG028","state_name":"Ogun"}},
{"type":"Feature","geometry":{"type":"Polygon","coordinates":[[[5.1672,7.5507],[5.1368,7.5096],[5.1185,7.491],[5.0987,7.4752],[5.0847,7.457],[5.1024,7.4502],[5.1673,7.4404],[5.1877,7.4406],[5.1924,7.4369],[5.2453,7.4335],[5.2684,7.4382],[5.2796,7.4355],[5.3063,7.4405],[5.301,7.4575],[5.3083,7.4724],[5.2964,7.4886],[5.2973,7.506],[5.313,7.543],[5.2922,7.5444],[5.2639,7.5423],[5.2279,7.5461],[5.207,7.5516],[5.1672,7.5507]]]},"properties":{"lga_pcode":"NG013010","lga_name":"Ikere","state_pcode":"NG013","state_name":"Ekiti"}},
{"type":"Feature","geometry":{"type":"Polygon","coordinates":[[[5.5546,7.6919],[5.5812,7.7302],[5.6027,7.7434],[5.6168,7.7553],[5.6327,7.7852],[5.6502,7.8092],[5.6588,7.8277],[5.6427,7.8287],[5.6232,7.843],[5.6142,7.8656],[5.6086,7.9108],[5.5988,7.9519],[5.6016,7.9637],[5.6096,7.9661],[5.627,7.9571],[5.6455,7.963],[5.6476,7.9862],[5.6681,8.0023],[5.6625,8.0152],[5.6507,8.0236],[5.6472,8.041],[5.6399,8.0538],[5.6597,8.0698],[5.6436,8.074],[5.5992,8.0737],[5.5766,8.0712],[5.5087,8.0176],[5.5038,8.0236],[5.5136,8.0838],[5.5139,8.1112],[5.498,8.1107],[5.4491,8.1059],[5.4212,8.1055],[5.3873,8.1021],[5.364,8.0905],[5.3587,8.0739],[5.3614,8.0434],[5.3592,8.0361],[5.3887,8.019],[5.4196,7.9978],[5.4447,7.9867],[5.451,7.9738],[5.4363,7.9512],[5.436,7.9324],[5.4266,7.915],[5.4179,7.8798],[5.4147,7.8382],[5.4075,7.8242],[5.3967,7.7845],[5.3967,7.7494],[5.3874,7.7238],[5.4169,7.7165],[5.4233,7.7107],[5.4396,7.6683],[5.4581,7.6571],[5.4786,7.6558],[5.4991,7.6592],[5.5162,7.6662],[5.5546,7.6919]]]},"properties":{"lga_pcode":"NG013011","lga_name":"Ikole","state_pcode":"NG013","state_name":"Ekiti"}},
{"type":"Feature","geometry":{"type":"Polygon","coordinates":[[[8.613,5.7314],[8.6143,5.7535],[8.6238,5.8051],[8.6342,5.8269],[8.6469,5.8417],[8.6697,5.8496],[8.6869,5.8506],[8.6995,5.8574],[8.7087,5.8688],[8.7147,5.909],[8.7216,5.917],[8.7422,5.9271],[8.7713,5.9557],[8.7894,5.9596],[8.7945,5.9813],[8.8101,6.0025],[8.8159,6.0173],[8.832,6.0345],[8.8447,6.0539],[8.8573,6.0595],[8.8402,6.0631],[8.8277,6.0758],[8.8154,6.1012],[8.7938,6.1208],[8.7495,6.1418],[8.7325,6.1534],[8.736,6.1763],[8.7442,6.1946],[8.7454,6.2096],[8.7524,6.2336],[8.7572,6.2611],[8.7562,6.2749],[8.7384,6.3348],[8.726,6.3589],[8.7125,6.3912],[8.7113,6.3832],[8.6953,6.3695],[8.6831,6.3637],[8.6694,6.3635],[8.6662,6.3564],[8.6095,6.3437],[8.597,6.3426],[8.573,6.3462],[8.5594,6.3544],[8.5309,6.3637],[8.5034,6.3628],[8.5112,6.3466],[8.4989,6.3358],[8.4923,6.3164],[8.493,6.3002],[8.4731,6.2844],[8.4603,6.2725],[8.4634,6.2632],[8.4747,6.2529],[8.4469,6.2512],[8.4467,6.2337],[8.4303,6.2238],[8.4264,6.2095],[8.4429,6.1876],[8.4484,6.1667],[8.4451,6.1486],[8.4583,6.1475],[8.4665,6.1381],[8.466,6.1288],[8.4538,6.1094],[8.4582,6.1002],[8.4736,6.0942],[8.4819,6.0794],[8.4852,6.0629],[8.5081,6.0482],[8.5376,6.0261],[8.5432,6.0181],[8.5408,6.0066],[8.5198,5.988],[8.5033,5.9828],[8.4845,5.9496],[8.5037,5.9208],[8.4991,5.9127],[8.467,5.8957],[8.4647,5.89],[8.4655,5.851],[8.4745,5.8326],[8.4857,5.7992],[8.4809,5.7616],[8.5006,5.7466],[8.5109,5.7443],[8.5348,5.7456],[8.5657,5.7388],[8.613,5.7314]]]},"properties":{"lga_pcode":"NG009012","lga_name":"Ikom","state_pcode":"NG009","state_name":"Cross River"}},
{"type":"Feature","geometry":{"type":"Polygon","coordinates":[[[7.8112,5.0945],[7.824,5.0912],[7.8264,5.0624],[7.8377,5.0346],[7.8455,5.0314],[7.8517,5.0599],[7.8423,5.076],[7.8507,5.0997],[7.8414,5.1078],[7.8435,5.128],[7.8349,5.1354],[7.8443,5.1661],[7.8349,5.1839],[7.8342,5.1995],[7.8466,5.2221],[7.8429,5.2532],[7.8226,5.2761],[7.8088,5.2789],[7.8073,5.2948],[7.7872,5.2944],[7.7712,5.2903],[7.7704,5.3076],[7.7631,5.3179],[7.7504,5.3238],[7.7389,5.3218],[7.7294,5.307],[7.7117,5.3117],[7.694,5.3031],[7.686,5.2877],[7.6792,5.2981],[7.6784,5.2737],[7.6881,5.2598],[7.7016,5.2711],[7.7074,5.2642],[7.7209,5.2337],[7.7308,5.2234],[7.744,5.2166],[7.7528,5.2023],[7.7461,5.1826],[7.7514,5.1636],[7.7642,5.1493],[7.7797,5.1409],[7.7871,5.1201],[7.801,5.1124],[7.8038,5.0982],[7.8112,5.0945]]]},"properties":{"lga_pcode":"NG003012","lga_name":"Ikono","state_pcode":"NG003","state_name":"Akwa Ibom"}},
{"type":"Feature","geometry":{"type":"Polygon","coordinates":[[[3.7,6.6824],[3.5964,6.6823],[3.5331,6.6897],[3.4591,6.6873],[3.468,6.6793],[3.4646,6.669],[3.4422,6.6701],[3.4526,6.6523],[3.4483,6.6406],[3.4347,6.6391],[3.4353,6.6205],[3.44,6.6108],[3.4576,6.5992],[3.4655,6.5855],[3.4798,6.5843],[3.4704,6.569],[3.4678,6.5507],[3.4844,6.5358],[3.5066,6.5317],[3.5227,6.525],[3.5382,6.5274],[3.5467,6.5333],[3.5633,6.5313],[3.5904,6.5587],[3.6174,6.5571],[3.6425,6.5502],[3.6503,6.5599],[3.6684,6.5686],[3.6799,6.5819],[3.7047,6.6049],[3.6966,6.6259],[3.6825,6.6377],[3.6917,6.668],[3.7,6.6824]]]},"properties":{"lga_pcode":"NG025012","lga_name":"Ikorodu","state_pcode":"NG025","state_name":"Lagos"}},
{"type":"Feature","geometry":{"type":"Polygon","coordinates":[[[7.6809,4.5439],[7.7052,4.5599],[7.7173,4.581],[7.7147,4.6117],[7.7171,4.6266],[7.7038,4.6448],[7.7167,4.6796],[7.7176,4.6981],[7.7124,4.7056],[7.6837,4.7094],[7.673,4.6908],[7.6559,4.6797],[7.6451,4.6791],[7.6314,4.6668],[7.6107,4.6725],[7.5895,4.663],[7.566,4.6663],[7.5494,4.661],[7.5389,4.6811],[7.5279,4.6931],[7.5207,4.6847],[7.5185,4.6697],[7.5232,4.6572],[7.5197,4.631],[7.5293,4.6048],[7.5451,4.5796],[7.5389,4.5657],[7.5273,4.5606],[7.5294,4.5437],[7.5524,4.5144],[7.5685,4.5074],[7.5928,4.521],[7.6159,4.5063],[7.6202,4.519],[7.6092,4.5282],[7.6276,4.5373],[7.6464,4.542],[7.6553,4.5377],[7.6776,4.55],[7.6809,4.5439]]]},"properties":{"lga_pcode":"NG003013","lga_name":"Ikot Abasi","state_pcode":"NG003","state_name":"Akwa Ibom"}},
{"type":"Feature","geometry":{"type":"Polygon","coordinates":[[[7.7642,5.1493],[7.7514,5.1636],[7.7461,5.1826],[7.7528,5.2023],[7.744,5.2166],[7.7308,5.2234],[7.7209,5.2337],[7.7074,5.2642],[7.7016,5.2711],[7.6881,5.2598],[7.684,5.2554],[7.66,5.2477],[7.6609,5.2154],[7.6571,5.1951],[7.6509,5.1818],[7.6545,5.1651],[7.6741,5.1526],[7.708,5.1482],[7.7357,5.1306],[7.7489,5.1312],[7.7642,5.1493]]]},"properties":{"lga_pcode":"NG003014","lga_name":"Ikot Ekpene","state_pcode":"NG003","state_name":"Akwa Ibom"}},
{"type":"Feature","geometry":{"type":"Polygon","coordinates":[[[5.6446,6.3742],[5.6482,6.3558],[5.639,6.3463],[5.6449,6.327],[5.6309,6.3189],[5.6276,6.29],[5.6326,6.2598],[5.6278,6.2373],[5.6178,6.2224],[5.5906,6.2185],[5.5761,6.2128],[5.568,6.2026],[5.5608,6.1831],[5.5473,6.1617],[5.5311,6.1209],[5.5203,6.0996],[5.5112,6.0912],[5.4922,6.0975],[5.4795,6.0946],[5.4622,6.1],[5.4425,6.0406],[5.4521,6.0343],[5.4562,6.0224],[5.4655,6.0278],[5.4897,6.03],[5.4914,6.0386],[5.513,6.0353],[5.5153,6.0219],[5.5235,6.0127],[5.5326,6.0117],[5.5366,5.9899],[5.5463,5.9854],[5.5713,5.9909],[5.5834,6.0111],[5.6051,6.0231],[5.6262,6.0288],[5.6575,6.0332],[5.6689,6.052],[5.6989,6.0336],[5.7642,5.9978],[5.7472,6.0481],[5.7389,6.0629],[5.7271,6.0951],[5.7433,6.1276],[5.745,6.146],[5.7558,6.1702],[5.7539,6.1951],[5.7684,6.2165],[5.7847,6.2259],[5.8191,6.2317],[5.8275,6.2528],[5.8067,6.2827],[5.7801,6.3046],[5.7632,6.3151],[5.7299,6.3233],[5.721,6.33],[5.701,6.3915],[5.6882,6.4061],[5.67,6.4087],[5.6453,6.4185],[5.64,6.4098],[5.6446,6.3742]]]},"properties":{"lga_pcode":"NG012011","lga_name":"Ikpoba-Okha","state_pcode":"NG012","state_name":"Edo"}},
{"type":"Feature","geometry":{"type":"Polygon","coordinates":[[[6.8988,4.9049],[6.9199,4.9056],[6.942,4.9008],[6.9636,4.9002],[6.9843,4.8902],[6.9949,4.8929],[6.9762,4.9113],[6.9809,4.9224],[7.015,4.9338],[7.0252,4.9398],[7.0394,4.9348],[7.0352,4.9677],[7.0178,4.9837],[6.9879,5.0338],[6.9633,5.1678],[6.9631,5.1878],[6.9664,5.2027],[6.9677,5.2347],[6.9251,5.2257],[6.8974,5.2357],[6.8765,5.2368],[6.849,5.2498],[6.8317,5.2215],[6.8322,5.1809],[6.8237,5.154],[6.8037,5.1369],[6.7819,5.1119],[6.7758,5.1007],[6.7761,5.0858],[6.7833,5.0699],[6.8025,5.0553],[6.8209,5.0468],[6.8369,5.0345],[6.8494,4.9971],[6.8477,4.9612],[6.8516,4.9351],[6.8611,4.9131],[6.8753,4.9027],[6.8988,4.9049]]]},"properties":{"lga_pcode":"NG033013","lga_name":"Ikwerre","state_pcode":"NG033","state_name":"Rivers"}},
{"type":"Feature","geometry":{"type":"Polygon","coordinates":[[[8.122,6.1842],[8.1205,6.1606],[8.1047,6.1392],[8.0865,6.124],[8.0707,6.1204],[8.0659,6.1081],[8.0538,6.1063],[8.0521,6.0958],[8.0609,6.0879],[8.0562,6.0752],[8.0463,6.0752],[8.0339,6.0569],[8.0348,6.0532],[8.0167,6.0287],[8.0183,6.0097],[8.0318,6.0005],[8.0554,5.9979],[8.0594,5.9714],[8.0511,5.9567],[8.0575,5.95],[8.0741,5.9476],[8.0907,5.9615],[8.1044,5.9612],[8.1138,5.9381],[8.1533,5.9673],[8.173,5.9738],[8.2148,6.0122],[8.2303,6.0127],[8.2448,6.018],[8.2527,6.0122],[8.2584,5.9981],[8.2743,5.999],[8.2866,6.0166],[8.2888,6.0457],[8.2982,6.0675],[8.2985,6.0909],[8.302,6.1081],[8.3154,6.1177],[8.3083,6.1392],[8.3194,6.1598],[8.3174,6.1717],[8.3303,6.1899],[8.328,6.2054],[8.3331,6.2185],[8.3192,6.226],[8.2954,6.2239],[8.2773,6.21],[8.267,6.2152],[8.2587,6.2267],[8.2294,6.2267],[8.2052,6.2163],[8.1966,6.1972],[8.1851,6.1857],[8.1673,6.178],[8.1519,6.1848],[8.1357,6.1792],[8.122,6.1842]]]},"properties":{"lga_pcode":"NG011007","lga_name":"Ikwo","state_pcode":"NG011","state_name":"Ebonyi"}},
{"type":"Feature","geometry":{"type":"Polygon","coordinates":[[[7.5776,5.5119],[7.552,5.5092],[7.5388,5.4983],[7.5309,5.4606],[7.525,5.4478],[7.5079,5.4346],[7.5123,5.4101],[7.5103,5.3801],[7.5176,5.3653],[7.5393,5.362],[7.5548,5.3532],[7.5512,5.3392],[7.5377,5.3439],[7.519,5.3359],[7.5211,5.3232],[7.5407,5.3091],[7.5562,5.3063],[7.5721,5.3243],[7.5916,5.3187],[7.603,5.3269],[7.622,5.3178],[7.6489,5.3249],[7.6585,5.336],[7.6653,5.3441],[7.676,5.3696],[7.6716,5.3843],[7.6444,5.3846],[7.6335,5.3785],[7.6242,5.3848],[7.631,5.3969],[7.6342,5.4189],[7.6393,5.4305],[7.6512,5.4404],[7.6282,5.4803],[7.6235,5.4962],[7.6068,5.5076],[7.5942,5.5067],[7.5776,5.5119]]]},"properties":{"lga_pcode":"NG001005","lga_name":"Ikwuano","state_pcode":"NG001","state_name":"Abia"}},
{"type":"Feature","geometry":{"type":"Polygon","coordinates":[[[4.8331,7.8759],[4.8682,7.863],[4.8899,7.8447],[4.91,7.8418],[4.9111,7.8501],[4.9063,7.8641],[4.909,7.8721],[4.9238,7.8916],[4.9322,7.916],[4.9337,7.9384],[4.9456,7.9522],[4.9528,7.9714],[4.9518,7.9965],[4.948,8.0237],[4.9591,8.0374],[4.9567,8.0535],[4.9497,8.0555],[4.9269,8.0799],[4.9132,8.0856],[4.8541,8.0955],[4.8575,8.0726],[4.8434,8.062],[4.8186,8.0536],[4.7995,8.065],[4.793,8.0665],[4.7891,8.0383],[4.7936,8.0287],[4.8106,8.0204],[4.8213,8.0101],[4.8251,7.9918],[4.847,7.9536],[4.8549,7.9446],[4.8876,7.9297],[4.887,7.9182],[4.8802,7.9035],[4.8708,7.8968],[4.8373,7.8801],[4.8331,7.8759]]]},"properties":{"lga_pcode":"NG030017","lga_name":"Ila","state_pcode":"NG030","state_name":"Osun"}},
{"type":"Feature","geometry":{"type":"Polygon","coordinates":[[[4.8047,6.4048],[4.79,6.397],[4.717,6.3918],[4.7003,6.3972],[4.6705,6.4165],[4.6584,6.4275],[4.6387,6.4597],[4.6326,6.4645],[4.6131,6.4686],[4.5998,6.4761],[4.5934,6.4929],[4.5643,6.499],[4.5663,6.4768],[4.5563,6.4426],[4.5388,6.4147],[4.526,6.421],[4.4798,6.4091],[4.4731,6.3932],[4.4871,6.3877],[4.5148,6.3971],[4.5608,6.3826],[4.5758,6.381],[4.5984,6.3662],[4.5958,6.3357],[4.5876,6.319],[4.5756,6.3042],[4.5515,6.3096],[4.5133,6.3473],[4.4974,6.3592],[4.4789,6.3545],[4.4605,6.3433],[4.4987,6.3239],[4.5274,6.3051],[4.553,6.2843],[4.6103,6.2427],[4.6576,6.2059],[4.6774,6.187],[4.6954,6.1738],[4.7148,6.1549],[4.7612,6.1187],[4.8217,6.0632],[4.8399,6.0446],[4.8947,5.9954],[4.9015,5.9858],[4.9518,5.9414],[4.9577,5.9429],[4.9666,5.9259],[4.9762,5.9235],[4.9751,5.9123],[4.9839,5.8985],[4.9992,5.9218],[4.9636,5.9603],[4.8844,6.0238],[4.8325,6.0853],[4.8321,6.1151],[4.8367,6.1342],[4.8506,6.1654],[4.8407,6.2034],[4.8373,6.2369],[4.8327,6.2613],[4.8409,6.2835],[4.8649,6.3132],[4.8703,6.3298],[4.861,6.3464],[4.8489,6.3475],[4.8293,6.3576],[4.8047,6.4048]]]},"properties":{"lga_pcode":"NG029010","lga_name":"Ilaje","state_pcode":"NG029","state_name":"Ondo"}},
{"type":"Feature","geometry":{"type":"Polygon","coordinates":[[[4.7494,7.2313],[4.7366,7.2072],[4.7209,7.1951],[4.7154,7.172],[4.7034,7.1618],[4.6839,7.1681],[4.6719,7.1662],[4.6682,7.1588],[4.673,7.1404],[4.6351,7.1134],[4.6268,7.1041],[4.6167,7.0847],[4.651,7.0867],[4.6796,7.1044],[4.7111,7.1138],[4.7297,7.1158],[4.7546,7.1251],[4.762,7.1353],[4.7553,7.1796],[4.7679,7.2126],[4.7744,7.2214],[4.8076,7.2212],[4.8218,7.2132],[4.8405,7.1939],[4.8566,7.1839],[4.8889,7.1878],[4.8962,7.1837],[4.9171,7.1826],[4.933,7.185],[4.9479,7.1916],[4.979,7.2201],[4.9939,7.2288],[5.0144,7.225],[5.0186,7.2364],[5.0121,7.2458],[4.9966,7.2525],[4.9904,7.2814],[4.9918,7.2992],[4.986,7.3241],[4.9841,7.3555],[4.9856,7.3768],[4.9434,7.37],[4.909,7.3735],[4.8784,7.3788],[4.8343,7.3742],[4.8061,7.3701],[4.7784,7.357],[4.7683,7.3441],[4.7674,7.3274],[4.7613,7.321],[4.7475,7.3211],[4.7486,7.2977],[4.7455,7.2817],[4.7503,7.2461],[4.7494,7.2313]]]},"properties":{"lga_pcode":"NG029011","lga_name":"Ile-Oluji-Okeigbo","state_pcode":"NG029","state_name":"Ondo"}},
{"type":"Feature","geometry":{"type":"Polygon","coordinates":[[[5.2445,8.0205],[5.221,7.9794],[5.1807,7.9561],[5.1647,7.9382],[5.1792,7.9215],[5.1977,7.9125],[5.2248,7.9064],[5.2585,7.9043],[5.2609,7.9268],[5.2733,7.9542],[5.2829,8.0085],[5.2624,8.0129],[5.2445,8.0205]]]},"properties":{"lga_pcode":"NG013012","lga_name":"Ilejemeji","state_pcode":"NG013","state_name":"Ekiti"}},
{"type":"Feature","geometry":{"type":"Polygon","coordinates":[[[4.8093,7.5915],[4.8089,7.6068],[4.7908,7.6541],[4.7791,7.6572],[4.7586,7.6435],[4.7433,7.6248],[4.7234,7.6178],[4.705,7.6015],[4.708,7.5884],[4.7236,7.5588],[4.7532,7.5742],[4.7829,7.5856],[4.7943,7.5854],[4.8093,7.5915]]]},"properties":{"lga_pcode":"NG030018","lga_name":"Ilesha East","state_pcode":"NG030","state_name":"Osun"}},
{"type":"Feature","geometry":{"type":"Polygon","coordinates":[[[4.705,7.6015],[4.7234,7.6178],[4.7433,7.6248],[4.7586,7.6435],[4.7791,7.6572],[4.7726,7.6662],[4.7562,7.6758],[4.7372,7.6682],[4.706,7.667],[4.6791,7.6718],[4.6856,7.6621],[4.6977,7.6552],[4.6944,7.6397],[4.705,7.6015]]]},"properties":{"lga_pcode":"NG030019","lga_name":"Ilesha West","state_pcode":"NG030","state_name":"Osun"}},
{"type":"Feature","geometry":{"type":"Polygon","coordinates":[[[5.4317,13.8784],[5.3822,13.8618],[5.3517,13.8482],[5.3275,13.8282],[5.3144,13.8061],[5.2887,13.7704],[5.2676,13.7578],[5.2403,13.7478],[5.214,13.7436],[5.1559,13.7458],[5.1538,13.7106],[5.1497,13.6951],[5.1514,13.6713],[5.167,13.6085],[5.1673,13.5877],[5.1717,13.5554],[5.1799,13.5348],[5.2213,13.512],[5.2514,13.512],[5.2716,13.5145],[5.2821,13.528],[5.2969,13.5371],[5.3025,13.5518],[5.2973,13.5679],[5.2853,13.5794],[5.2861,13.5907],[5.3176,13.6059],[5.3569,13.6052],[5.3805,13.5853],[5.3855,13.5537],[5.3839,13.5393],[5.377,13.5254],[5.3654,13.5184],[5.3408,13.5153],[5.3297,13.5089],[5.3339,13.498],[5.3504,13.4918],[5.3809,13.495],[5.3966,13.5009],[5.4248,13.4866],[5.4341,13.4847],[5.4749,13.5051],[5.4925,13.5204],[5.5191,13.5596],[5.5285,13.5573],[5.536,13.5706],[5.5291,13.6171],[5.5276,13.6516],[5.5136,13.6678],[5.5078,13.6664],[5.4677,13.6758],[5.4503,13.6967],[5.4686,13.7221],[5.4667,13.7698],[5.4752,13.7812],[5.4508,13.7865],[5.4419,13.8243],[5.4386,13.8594],[5.4317,13.8784]]]},"properties":{"lga_pcode":"NG034008","lga_name":"Illela","state_pcode":"NG034","state_name":"Sokoto"}},
{"type":"Feature","geometry":{"type":"MultiPolygon","coordinates":[[[[4.8808,8.7464],[4.861,8.7373],[4.8454,8.7244],[4.8406,8.7135],[4.825,8.6932],[4.806,8.6899],[4.788,8.6906],[4.7433,8.6965],[4.7318,8.6955],[4.7194,8.6855],[4.7201,8.6323],[4.7155,8.6173],[4.6779,8.5898],[4.6644,8.5779],[4.6469,8.5698],[4.6334,8.5557],[4.6314,8.5396],[4.6138,8.5394],[4.5945,8.5278],[4.615,8.5091],[4.6768,8.5068],[4.6926,8.5303],[4.7233,8.5494],[4.7698,8.566],[4.7822,8.566],[4.8062,8.5726],[4.8552,8.5801],[4.8776,8.6024],[4.919,8.6248],[4.9812,8.6563],[4.9837,8.6762],[4.9729,8.6878],[4.9439,8.6986],[4.9323,8.7086],[4.8892,8.7276],[4.8808,8.7464]]],[[[4.5625,8.473],[4.5803,8.4726],[4.5875,8.4805],[4.5733,8.488],[4.5745,8.5007],[4.546,8.5203],[4.5334,8.5189],[4.5411,8.5094],[4.5418,8.4975],[4.5528,8.4946],[4.5648,8.4957],[4.5619,8.4796],[4.5625,8.473]]]]},"properties":{"lga_pcode":"NG024006","lga_name":"Ilorin East","state_pcode":"NG024","state_name":"Kwara"}},
{"type":"Feature","geometry":{"type":"MultiPolygon","coordinates":[[[[4.6768,8.5068],[4.615,8.5091],[4.5945,8.5278],[4.5799,8.5637],[4.5408,8.5726],[4.5138,8.5703],[4.5136,8.5527],[4.5092,8.5331],[4.4966,8.5209],[4.5102,8.5139],[4.5334,8.5189],[4.546,8.5203],[4.5745,8.5007],[4.5733,8.488],[4.5875,8.4805],[4.5803,8.4726],[4.5625,8.473],[4.5937,8.4372],[4.591,8.4304],[4.6012,8.4327],[4.6824,8.4145],[4.6967,8.3955],[4.7081,8.3883],[4.7325,8.3868],[4.7533,8.3955],[4.7633,8.462],[4.7602,8.4723],[4.7131,8.4815],[4.6921,8.4885],[4.6768,8.5068]]],[[[4.5528,8.4946],[4.553,8.4842],[4.5619,8.4796],[4.5648,8.4957],[4.5528,8.4946]]]]},"properties":{"lga_pcode":"NG024007","lga_name":"Ilorin South","state_pcode":"NG024","state_name":"Kwara"}},
{"type":"Feature","geometry":{"type":"Polygon","coordinates":[[[4.5857,8.4237],[4.591,8.4304],[4.5937,8.4372],[4.5625,8.473],[4.5619,8.4796],[4.553,8.4842],[4.5528,8.4946],[4.5418,8.4975],[4.5411,8.5094],[4.5334,8.5189],[4.5102,8.5139],[4.4966,8.5209],[4.5092,8.5331],[4.5136,8.5527],[4.5138,8.5703],[4.4985,8.5667],[4.4929,8.5606],[4.4791,8.5614],[4.4761,8.55],[4.4798,8.5317],[4.4648,8.5093],[4.453,8.5025],[4.4459,8.4917],[4.4455,8.4798],[4.4592,8.4584],[4.4792,8.4325],[4.5145,8.4098],[4.5437,8.414],[4.5682,8.4102],[4.5857,8.4237]]]},"properties":{"lga_pcode":"NG024008","lga_name":"Ilorin West","state_pcode":"NG024","state_name":"Kwara"}},
{"type":"Feature","geometry":{"type":"Polygon","coordinates":[[[3.0985,7.4294],[3.0822,7.4386],[3.0754,7.4514],[3.0692,7.4757],[3.0769,7.4913],[3.0645,7.5198],[3.0443,7.5343],[3.0335,7.55],[3.0259,7.5522],[3.0068,7.5558],[2.9954,7.5727],[2.9805,7.5872],[2.9726,7.6104],[2.9773,7.6231],[2.989,7.6306],[2.9979,7.6519],[2.9933,7.6612],[3.0003,7.6676],[2.9945,7.6861],[2.9969,7.6988],[3.012,7.7006],[3.0062,7.7139],[3.0255,7.7557],[3.0203,7.7667],[3.0192,7.7899],[3.026,7.7918],[3.0089,7.8257],[2.9829,7.8581],[2.9729,7.8163],[2.9472,7.7733],[2.9268,7.7565],[2.9117,7.7529],[2.9153,7.7854],[2.9113,7.7958],[2.8841,7.8101],[2.8795,7.8229],[2.883,7.8461],[2.8813,7.8628],[2.8913,7.9],[2.9175,7.9261],[2.8786,7.9248],[2.8386,7.931],[2.8229,7.9367],[2.8177,7.9454],[2.8003,7.9529],[2.7771,7.9447],[2.7677,7.9116],[2.7566,7.9],[2.7258,7.8807],[2.7136,7.8789],[2.6933,7.8684],[2.7083,7.85],[2.7135,7.8367],[2.714,7.8204],[2.7308,7.8124],[2.7383,7.7788],[2.7318,7.7487],[2.734,7.7279],[2.7404,7.707],[2.7316,7.6786],[2.7268,7.6317],[2.729,7.616],[2.7295,7.5755],[2.7469,7.5526],[2.7485,7.5356],[2.7653,7.5224],[2.7839,7.5143],[2.7937,7.4929],[2.7965,7.4686],[2.7952,7.4263],[2.7836,7.4217],[2.7667,7.4251],[2.7434,7.4234],[2.7459,7.399],[2.7467,7.3386],[2.7861,7.3525],[2.8082,7.3529],[2.8259,7.3433],[2.8401,7.3304],[2.8602,7.3191],[2.8819,7.3118],[2.8909,7.3137],[2.9216,7.339],[2.9492,7.3647],[2.984,7.3837],[3.0136,7.3879],[3.0164,7.3928],[3.0591,7.3892],[3.0786,7.392],[3.0902,7.4007],[3.0985,7.4294]]]},"properties":{"lga_pcode":"NG028013","lga_name":"Imeko-Afon","state_pcode":"NG028","state_name":"Ogun"}},
{"type":"Feature","geometry":{"type":"Polygon","coordinates":[[[8.1454,12.4235],[8.1609,12.4401],[8.1679,12.4597],[8.189,12.4898],[8.1973,12.5239],[8.2099,12.5405],[8.2088,12.5648],[8.2146,12.5752],[8.2334,12.5857],[8.2734,12.5834],[8.285,12.5907],[8.29,12.6],[8.292,12.6207],[8.2861,12.6402],[8.2673,12.6355],[8.252,12.6365],[8.245,12.648],[8.2062,12.6385],[8.1933,12.6523],[8.1616,12.6624],[8.1464,12.6632],[8.1424,12.6701],[8.15,12.7013],[8.1509,12.7169],[8.1661,12.7431],[8.1671,12.755],[8.1746,12.7661],[8.173,12.795],[8.1679,12.8041],[8.1275,12.8015],[8.1011,12.8072],[8.0945,12.7847],[8.0813,12.7812],[8.0552,12.7611],[8.0365,12.7357],[8.0143,12.7217],[7.999,12.7159],[7.9778,12.724],[7.9708,12.7429],[7.9553,12.747],[7.935,12.7599],[7.9289,12.7469],[7.9383,12.7254],[7.9589,12.7224],[7.9615,12.7034],[7.9547,12.669],[7.956,12.6469],[7.9642,12.6316],[7.9811,12.6193],[7.9942,12.6157],[7.9955,12.5991],[7.9843,12.5886],[7.9869,12.5787],[8.0008,12.582],[8.0185,12.5705],[8.0326,12.5671],[8.048,12.5474],[8.0469,12.5255],[8.0564,12.5094],[8.053,12.4886],[8.0684,12.4736],[8.0767,12.4609],[8.0756,12.4367],[8.0882,12.4065],[8.1058,12.4036],[8.1314,12.4108],[8.1454,12.4235]]]},"properties":{"lga_pcode":"NG021015","lga_name":"Ingawa","state_pcode":"NG021","state_name":"Katsina"}},
{"type":"Feature","geometry":{"type":"Polygon","coordinates":[[[7.6959,5.5183],[7.6913,5.5019],[7.7041,5.4864],[7.7006,5.4356],[7.6782,5.44],[7.6678,5.4474],[7.6512,5.4404],[7.6393,5.4305],[7.6342,5.4189],[7.631,5.3969],[7.6242,5.3848],[7.6335,5.3785],[7.6444,5.3846],[7.6716,5.3843],[7.676,5.3696],[7.6653,5.3441],[7.6585,5.336],[7.6797,5.3033],[7.6792,5.2981],[7.686,5.2877],[7.694,5.3031],[7.7117,5.3117],[7.7294,5.307],[7.7389,5.3218],[7.7504,5.3238],[7.7631,5.3179],[7.7704,5.3076],[7.7712,5.2903],[7.7872,5.2944],[7.8073,5.2948],[7.8091,5.3026],[7.8255,5.3269],[7.8379,5.353],[7.8699,5.3637],[7.8761,5.3689],[7.8827,5.382],[7.875,5.3906],[7.8653,5.4184],[7.8561,5.4224],[7.8211,5.4233],[7.809,5.4278],[7.7888,5.4444],[7.7799,5.4703],[7.7655,5.4829],[7.7596,5.4926],[7.7601,5.5053],[7.7485,5.5162],[7.7341,5.5178],[7.7107,5.5124],[7.6959,5.5183]]]},"properties":{"lga_pcode":"NG003015","lga_name":"Ini","state_pcode":"NG003","state_name":"Akwa Ibom"}},
{"type":"Feature","geometry":{"type":"Polygon","coordinates":[[[2.9242,6.5867],[2.8963,6.5834],[2.8859,6.5897],[2.8688,6.6094],[2.8484,6.6175],[2.8368,6.6335],[2.8361,6.6416],[2.8483,6.6575],[2.8678,6.6892],[2.8565,6.7144],[2.8429,6.7531],[2.8134,6.7726],[2.8137,6.7818],[2.8264,6.8031],[2.8192,6.8357],[2.8084,6.8351],[2.741,6.8593],[2.7421,6.846],[2.7241,6.7944],[2.7291,6.7723],[2.7481,6.7595],[2.7591,6.756],[2.7823,6.756],[2.7869,6.7502],[2.7802,6.7235],[2.78,6.6952],[2.7723,6.6836],[2.7454,6.6582],[2.7282,6.6241],[2.7336,6.591],[2.7432,6.5655],[2.7232,6.5326],[2.7068,6.5204],[2.7003,6.5083],[2.7112,6.4944],[2.714,6.4799],[2.7045,6.4637],[2.7026,6.4524],[2.7138,6.459],[2.7354,6.4579],[2.7444,6.4491],[2.7841,6.4527],[2.7992,6.4601],[2.8237,6.4515],[2.833,6.4431],[2.8526,6.45],[2.8596,6.4677],[2.8799,6.4699],[2.8894,6.4761],[2.8963,6.495],[2.8869,6.511],[2.8787,6.5327],[2.8811,6.5437],[2.8958,6.5622],[2.9242,6.5867]]]},"properties":{"lga_pcode":"NG028014","lga_name":"Ipokia","state_pcode":"NG028","state_name":"Ogun"}},
{"type":"Feature","geometry":{"type":"Polygon","coordinates":[[[5.0156,6.2924],[5.0129,6.3021],[5.0215,6.3187],[5.0349,6.3329],[5.0278,6.3452],[5.0292,6.3636],[5.0392,6.3641],[5.0528,6.3842],[5.0661,6.3766],[5.0757,6.3773],[5.086,6.3892],[5.1037,6.4022],[5.1097,6.4147],[5.1039,6.4222],[5.1078,6.4359],[5.103,6.4423],[5.1174,6.459],[5.1336,6.4726],[5.1537,6.5011],[5.1504,6.5117],[5.1552,6.5331],[5.1642,6.5545],[5.1606,6.5631],[5.1422,6.5621],[5.1314,6.5666],[5.1136,6.5814],[5.1001,6.5885],[5.0415,6.6095],[5.0175,6.621],[4.9971,6.6463],[4.9747,6.6588],[4.9269,6.6626],[4.8973,6.6532],[4.8815,6.6457],[4.8724,6.629],[4.864,6.5964],[4.842,6.5933],[4.8421,6.5886],[4.84,6.5703],[4.8283,6.5382],[4.833,6.512],[4.8278,6.4672],[4.8316,6.458],[4.8549,6.4313],[4.8808,6.4472],[4.8968,6.4515],[4.9092,6.4434],[4.9093,6.4301],[4.9043,6.4167],[4.9056,6.3953],[4.8956,6.3788],[4.8999,6.3614],[4.9551,6.362],[4.9767,6.349],[4.9912,6.3317],[4.9959,6.2998],[5.0156,6.2924]]]},"properties":{"lga_pcode":"NG029012","lga_name":"Irele","state_pcode":"NG029","state_name":"Ondo"}},
{"type":"Feature","geometry":{"type":"Polygon","coordinates":[[[3.6822,8.9942],[3.7047,8.9747],[3.7382,8.9609],[3.8307,8.9491],[3.8779,8.9294],[3.9143,8.9127],[3.9664,8.8782],[3.9772,8.8755],[4.0569,8.8861],[4.1268,8.9058],[4.173,8.9264],[4.2105,8.97],[4.072,9.0146],[4.0121,9.0346],[3.9905,9.0484],[3.9721,9.0776],[3.9444,9.1483],[3.9214,9.1729],[3.863,9.1883],[3.8261,9.1822],[3.8103,9.1735],[3.7953,9.1653],[3.7707,9.1468],[3.7538,9.1207],[3.7523,9.0869],[3.7431,9.0469],[3.72,9.0131],[3.6822,8.9942]]]},"properties":{"lga_pcode":"NG031015","lga_name":"Irepo","state_pcode":"NG031","state_name":"Oyo"}},
{"type":"Feature","geometry":{"type":"Polygon","coordinates":[[[5.0549,8.0492],[5.0698,8.0569],[5.1276,8.1112],[5.1515,8.1355],[5.1765,8.1491],[5.1753,8.159],[5.1819,8.1925],[5.1606,8.1999],[5.1467,8.1999],[5.128,8.1868],[5.1128,8.1634],[5.0963,8.1586],[5.0732,8.1451],[5.0441,8.1442],[5.0119,8.1503],[4.978,8.1764],[4.9641,8.1842],[4.9337,8.2212],[4.9198,8.2312],[4.8998,8.2607],[4.8972,8.2703],[4.8828,8.2955],[4.8806,8.3147],[4.885,8.3698],[4.8567,8.3677],[4.8202,8.359],[4.8063,8.3473],[4.8033,8.3168],[4.8089,8.2777],[4.798,8.2481],[4.7893,8.2338],[4.7672,8.216],[4.7461,8.2123],[4.7424,8.1977],[4.759,8.1937],[4.7953,8.1655],[4.7985,8.1568],[4.7979,8.1129],[4.8055,8.0786],[4.7995,8.065],[4.8186,8.0536],[4.8434,8.062],[4.8575,8.0726],[4.8541,8.0955],[4.9132,8.0856],[4.9269,8.0799],[4.9497,8.0555],[4.9567,8.0535],[4.9669,8.0467],[4.9734,8.0181],[4.9893,8.034],[5.002,8.0341],[5.01,8.0501],[5.0397,8.0719],[5.0496,8.0646],[5.0549,8.0492]]]},"properties":{"lga_pcode":"NG024009","lga_name":"Irepodun","state_pcode":"NG024","state_name":"Kwara"}},
{"type":"Feature","geometry":{"type":"Polygon","coordinates":[[[4.5433,7.8712],[4.543,7.885],[4.5277,7.8753],[4.5031,7.8787],[4.4948,7.8705],[4.4824,7.8434],[4.4648,7.8426],[4.462,7.818],[4.473,7.8062],[4.4814,7.8104],[4.5013,7.8389],[4.5379,7.8618],[4.5433,7.8712]]]},"properties":{"lga_pcode":"NG030020","lga_name":"Irepodun","state_pcode":"NG030","state_name":"Osun"}},
{"type":"Feature","geometry":{"type":"Polygon","coordinates":[[[5.3783,7.666],[5.396,7.6806],[5.4169,7.7165],[5.3874,7.7238],[5.3727,7.7247],[5.3207,7.7454],[5.3027,7.7559],[5.2733,7.7785],[5.2657,7.7899],[5.2598,7.7838],[5.2364,7.78],[5.1766,7.7781],[5.1393,7.7721],[5.136,7.7582],[5.1137,7.6934],[5.1092,7.6825],[5.0998,7.6397],[5.1064,7.6225],[5.1341,7.6234],[5.1454,7.6298],[5.1811,7.6362],[5.196,7.6554],[5.2227,7.6788],[5.2414,7.7092],[5.2555,7.7146],[5.309,7.675],[5.3143,7.6727],[5.3659,7.6716],[5.3783,7.666]]]},"properties":{"lga_pcode":"NG013013","lga_name":"Irepodun/Ifelodun","state_pcode":"NG013","state_name":"Ekiti"}},
{"type":"Feature","geometry":{"type":"Polygon","coordinates":[[[4.2522,7.4724],[4.234,7.4657],[4.2249,7.4871],[4.2131,7.4993],[4.1937,7.5038],[4.1682,7.4866],[4.1612,7.4882],[4.1483,7.4588],[4.1414,7.4397],[4.1353,7.4057],[4.135,7.3637],[4.2058,7.3579],[4.2489,7.3506],[4.279,7.3349],[4.2847,7.3388],[4.3137,7.343],[4.3324,7.3506],[4.3316,7.3556],[4.3126,7.391],[4.3011,7.4067],[4.295,7.4372],[4.2954,7.4547],[4.2828,7.4638],[4.2522,7.4724]]]},"properties":{"lga_pcode":"NG030021","lga_name":"Irewole","state_pcode":"NG030","state_name":"Osun"}},
{"type":"Feature","geometry":{"type":"Polygon","coordinates":[[[6.028,13.093],[6.0136,13.0415],[6.0203,13.0085],[6.0279,13.0213],[6.0723,13.0398],[6.102,13.0598],[6.1316,13.0722],[6.1516,13.0749],[6.1661,13.0687],[6.1888,13.066],[6.2053,13.0553],[6.2198,13.0425],[6.2453,13.0281],[6.2543,13.0315],[6.2618,13.0901],[6.2577,13.1011],[6.2603,13.1315],[6.2702,13.1562],[6.2896,13.1589],[6.3174,13.1582],[6.3459,13.1528],[6.3551,13.1536],[6.3836,13.1452],[6.4061,13.1254],[6.4213,13.1235],[6.4426,13.1127],[6.5039,13.0951],[6.5285,13.0848],[6.5662,13.0759],[6.5848,13.0751],[6.6073,13.0668],[6.64,13.0702],[6.6553,13.0774],[6.6827,13.0839],[6.6975,13.0991],[6.7257,13.1121],[6.7421,13.117],[6.7516,13.1269],[6.768,13.1361],[6.776,13.1475],[6.7925,13.161],[6.7731,13.1914],[6.7352,13.2589],[6.7206,13.2801],[6.7092,13.3045],[6.6946,13.3256],[6.6832,13.3468],[6.6669,13.3627],[6.6437,13.3469],[6.5949,13.3323],[6.5606,13.308],[6.4788,13.294],[6.4306,13.2974],[6.4061,13.2927],[6.3629,13.2892],[6.3431,13.2963],[6.3249,13.309],[6.3075,13.3146],[6.2813,13.3106],[6.2631,13.3114],[6.2299,13.309],[6.1974,13.3146],[6.1823,13.3241],[6.1563,13.3197],[6.1234,13.3262],[6.0817,13.3415],[6.065,13.3452],[6.0455,13.3656],[6.0059,13.3976],[6.004,13.4036],[5.9954,13.3795],[5.9774,13.3549],[5.9713,13.3354],[5.9495,13.29],[5.9446,13.2846],[5.9285,13.2454],[5.9343,13.2233],[5.959,13.194],[5.9859,13.1754],[6.0214,13.1366],[6.0353,13.1172],[6.028,13.093]]]},"properties":{"lga_pcode":"NG034009","lga_name":"Isa","state_pcode":"NG034","state_name":"Sokoto"}},
{"type":"Feature","geometry":{"type":"Polygon","coordinates":[[[5.313,7.543],[5.2973,7.506],[5.2964,7.4886],[5.3083,7.4724],[5.301,7.4575],[5.3063,7.4405],[5.3203,7.4413],[5.3288,7.4173],[5.3466,7.3814],[5.3542,7.3445],[5.3544,7.3104],[5.3582,7.2956],[5.3882,7.2832],[5.3981,7.2884],[5.4269,7.2932],[5.454,7.3006],[5.4505,7.3189],[5.4504,7.3457],[5.457,7.3565],[5.4581,7.369],[5.4508,7.4003],[5.4438,7.4132],[5.4393,7.4369],[5.4466,7.463],[5.4699,7.4779],[5.4995,7.4905],[5.5274,7.5104],[5.5138,7.5196],[5.4951,7.5432],[5.481,7.5464],[5.3819,7.5357],[5.3618,7.5373],[5.3467,7.5406],[5.313,7.543]]]},"properties":{"lga_pcode":"NG013014","lga_name":"Ise/Orun","state_pcode":"NG013","state_name":"Ekiti"}},
{"type":"Feature","geometry":{"type":"Polygon","coordinates":[[[3.7634,8.2066],[3.7573,8.2151],[3.7384,8.2667],[3.7239,8.2913],[3.7078,8.3013],[3.6949,8.3154],[3.6808,8.3138],[3.6479,8.3368],[3.6371,8.2954],[3.6378,8.2506],[3.6305,8.203],[3.614,8.154],[3.5945,8.13],[3.5766,8.0888],[3.5293,8.0697],[3.4752,8.0583],[3.4571,8.0478],[3.4533,8.0341],[3.4599,8.0157],[3.4474,7.9669],[3.4494,7.9346],[3.4434,7.9195],[3.4316,7.9024],[3.3999,7.8813],[3.3894,7.8668],[3.3835,7.847],[3.3743,7.8229],[3.3305,7.8088],[3.2693,7.8063],[3.247,7.8096],[3.2586,7.7824],[3.2743,7.7642],[3.2784,7.7543],[3.2834,7.7229],[3.2834,7.7047],[3.3016,7.6791],[3.3309,7.666],[3.3424,7.6739],[3.4054,7.679],[3.4139,7.6847],[3.4489,7.694],[3.478,7.6971],[3.5057,7.6975],[3.5243,7.6912],[3.5321,7.7045],[3.5448,7.7447],[3.5494,7.7518],[3.5494,7.7791],[3.5602,7.7807],[3.5971,7.7669],[3.6094,7.7518],[3.6214,7.7428],[3.6645,7.7411],[3.6806,7.7646],[3.7136,7.8059],[3.7232,7.8408],[3.7195,7.8477],[3.7268,7.8602],[3.7248,7.88],[3.7202,7.8832],[3.7142,7.9103],[3.7162,7.9399],[3.7221,7.9445],[3.7149,7.9597],[3.734,7.9656],[3.7412,7.9768],[3.7386,8.0005],[3.7406,8.0137],[3.7269,8.039],[3.7318,8.0508],[3.7333,8.0559],[3.7344,8.1287],[3.7399,8.1565],[3.7541,8.1742],[3.7634,8.2066]]]},"properties":{"lga_pcode":"NG031016","lga_name":"Iseyin","state_pcode":"NG031","state_name":"Oyo"}},
{"type":"Feature","geometry":{"type":"Polygon","coordinates":[[[7.8083,6.6342],[7.7917,6.5881],[7.7839,6.5859],[7.7682,6.5937],[7.7533,6.6092],[7.737,6.6341],[7.7058,6.6362],[7.6989,6.6307],[7.7039,6.6071],[7.7307,6.5599],[7.7469,6.4727],[7.7491,6.4473],[7.7514,6.3855],[7.7387,6.3538],[7.721,6.331],[7.708,6.2984],[7.7089,6.2779],[7.725,6.2426],[7.7596,6.2507],[7.7777,6.2611],[7.7939,6.2511],[7.8059,6.2295],[7.8175,6.2176],[7.8215,6.2069],[7.8381,6.2125],[7.8626,6.2094],[7.871,6.1873],[7.8823,6.1844],[7.8876,6.2075],[7.8829,6.2186],[7.8968,6.2323],[7.8964,6.2476],[7.88,6.2745],[7.8895,6.2797],[7.8835,6.2947],[7.8581,6.3228],[7.8632,6.3296],[7.885,6.3368],[7.9158,6.3634],[7.9312,6.3533],[7.9334,6.3619],[7.933,6.3837],[7.9382,6.4239],[7.873,6.4415],[7.8622,6.4677],[7.8345,6.4903],[7.8224,6.5073],[7.8316,6.53],[7.852,6.5556],[7.8719,6.5667],[7.8558,6.5808],[7.8468,6.6044],[7.8336,6.6194],[7.8318,6.6385],[7.8083,6.6342]]]},"properties":{"lga_pcode":"NG011008","lga_name":"Ishielu","state_pcode":"NG011","state_name":"Ebonyi"}},
{"type":"Feature","geometry":{"type":"Polygon","coordinates":[[[7.8967,6.8639],[7.8826,6.8583],[7.8638,6.88],[7.8268,6.8917],[7.8007,6.8882],[7.7852,6.873],[7.776,6.8759],[7.7628,6.8799],[7.7502,6.8784],[7.7344,6.8634],[7.7202,6.8626],[7.6923,6.8518],[7.6867,6.8404],[7.6692,6.8212],[7.6548,6.8155],[7.628,6.8158],[7.6312,6.8305],[7.6209,6.8378],[7.6119,6.8157],[7.5898,6.812],[7.5829,6.7966],[7.5824,6.7807],[7.5645,6.7495],[7.5612,6.7382],[7.5519,6.7365],[7.5756,6.7088],[7.5903,6.6958],[7.5828,6.6895],[7.56,6.7037],[7.5457,6.7175],[7.5105,6.7292],[7.5199,6.7059],[7.5315,6.6931],[7.5383,6.6742],[7.5398,6.6448],[7.5438,6.6311],[7.5623,6.66],[7.5749,6.6668],[7.5823,6.6519],[7.6002,6.6435],[7.6273,6.6182],[7.6535,6.6016],[7.6819,6.6033],[7.7039,6.6071],[7.6989,6.6307],[7.7058,6.6362],[7.737,6.6341],[7.7533,6.6092],[7.7682,6.5937],[7.7839,6.5859],[7.7917,6.5881],[7.8083,6.6342],[7.8049,6.6405],[7.8301,6.6893],[7.8553,6.7429],[7.8884,6.7665],[7.9034,6.7815],[7.89,6.7854],[7.8865,6.7941],[7.8904,6.8437],[7.8881,6.8535],[7.8967,6.8639]]]},"properties":{"lga_pcode":"NG014010","lga_name":"Isi-Uzo","state_pcode":"NG014","state_name":"Enugu"}},
{"type":"Feature","geometry":{"type":"Polygon","coordinates":[[[7.2916,5.3196],[7.2886,5.2983],[7.2778,5.2729],[7.2761,5.2557],[7.2669,5.2394],[7.2776,5.2348],[7.2851,5.2203],[7.2951,5.2346],[7.3074,5.2418],[7.3375,5.2733],[7.354,5.2712],[7.3743,5.2462],[7.3839,5.2265],[7.3848,5.2008],[7.4059,5.1977],[7.409,5.2068],[7.4537,5.241],[7.4688,5.2316],[7.492,5.2586],[7.4947,5.2719],[7.5097,5.2842],[7.4973,5.2958],[7.4982,5.3298],[7.5069,5.3463],[7.502,5.3536],[7.4858,5.3576],[7.4411,5.3581],[7.4352,5.3616],[7.4117,5.3593],[7.3943,5.3531],[7.3872,5.3289],[7.3728,5.3377],[7.3625,5.3336],[7.3674,5.3163],[7.3453,5.3243],[7.3298,5.3242],[7.3177,5.3194],[7.3242,5.3408],[7.3035,5.3482],[7.2943,5.3322],[7.2916,5.3196]]]},"properties":{"lga_pcode":"NG001006","lga_name":"Isiala-Ngwa North","state_pcode":"NG001","state_name":"Abia"}},
{"type":"Feature","geometry":{"type":"Polygon","coordinates":[[[7.3035,5.3482],[7.3242,5.3408],[7.3177,5.3194],[7.3298,5.3242],[7.3453,5.3243],[7.3674,5.3163],[7.3625,5.3336],[7.3728,5.3377],[7.3872,5.3289],[7.3943,5.3531],[7.4117,5.3593],[7.4352,5.3616],[7.4411,5.3581],[7.4858,5.3576],[7.502,5.3536],[7.5069,5.3463],[7.4982,5.3298],[7.4973,5.2958],[7.5097,5.2842],[7.5176,5.3036],[7.535,5.3038],[7.5407,5.3091],[7.5211,5.3232],[7.519,5.3359],[7.5377,5.3439],[7.5512,5.3392],[7.5548,5.3532],[7.5393,5.362],[7.5176,5.3653],[7.5103,5.3801],[7.5123,5.4101],[7.5079,5.4346],[7.4779,5.4518],[7.4554,5.4567],[7.3822,5.4647],[7.3735,5.4752],[7.3642,5.4658],[7.356,5.4463],[7.3436,5.4395],[7.3313,5.4244],[7.3219,5.4049],[7.3225,5.3866],[7.3119,5.3614],[7.3035,5.3482]]]},"properties":{"lga_pcode":"NG001007","lga_name":"Isiala-Ngwa South","state_pcode":"NG001","state_name":"Abia"}},
{"type":"Feature","geometry":{"type":"Polygon","coordinates":[[[7.2231,5.6125],[7.2209,5.6235],[7.2233,5.6562],[7.2275,5.6676],[7.2481,5.6832],[7.2495,5.7034],[7.2453,5.7246],[7.265,5.7356],[7.266,5.7442],[7.2477,5.7581],[7.2157,5.7389],[7.1758,5.736],[7.1639,5.7074],[7.1467,5.6854],[7.1512,5.671],[7.1402,5.6608],[7.1231,5.6793],[7.1127,5.6851],[7.095,5.6753],[7.0951,5.6593],[7.1158,5.6308],[7.1225,5.6257],[7.1486,5.639],[7.1576,5.6397],[7.1735,5.6146],[7.1999,5.6031],[7.2091,5.6074],[7.2231,5.6125]]]},"properties":{"lga_pcode":"NG017009","lga_name":"Isiala Mbano","state_pcode":"NG017","state_name":"Imo"}},
{"type":"Feature","geometry":{"type":"Polygon","coordinates":[[[4.885,8.3698],[4.8806,8.3147],[4.8828,8.2955],[4.8972,8.2703],[4.8998,8.2607],[4.9198,8.2312],[4.9337,8.2212],[4.9641,8.1842],[4.978,8.1764],[5.0119,8.1503],[5.0441,8.1442],[5.0732,8.1451],[5.0963,8.1586],[5.1128,8.1634],[5.128,8.1868],[5.1467,8.1999],[5.1606,8.1999],[5.1819,8.1925],[5.1915,8.1908],[5.198,8.2142],[5.2176,8.236],[5.2276,8.2403],[5.2399,8.2551],[5.2206,8.2494],[5.1867,8.2473],[5.1758,8.2521],[5.178,8.2925],[5.1524,8.346],[5.1345,8.3642],[5.0871,8.3642],[5.0354,8.3499],[4.9854,8.3468],[4.9554,8.3555],[4.9415,8.3564],[4.9072,8.3699],[4.885,8.3698]]]},"properties":{"lga_pcode":"NG024010","lga_name":"Isin","state_pcode":"NG024","state_name":"Kwara"}},
{"type":"Feature","geometry":{"type":"Polygon","coordinates":[[[7.5519,5.8435],[7.533,5.8378],[7.5226,5.8581],[7.5262,5.8799],[7.5004,5.8916],[7.4976,5.9077],[7.4676,5.9046],[7.4294,5.9149],[7.4122,5.9161],[7.3942,5.9102],[7.3964,5.9007],[7.3864,5.8609],[7.3924,5.8338],[7.3943,5.7558],[7.4003,5.7127],[7.4194,5.6989],[7.4401,5.6887],[7.4629,5.6855],[7.4662,5.6995],[7.5285,5.7142],[7.5494,5.7131],[7.5622,5.704],[7.5687,5.7388],[7.5682,5.7613],[7.5643,5.7751],[7.5515,5.7893],[7.5456,5.8124],[7.5519,5.8435]]]},"properties":{"lga_pcode":"NG001008","lga_name":"Isiukwuato","state_pcode":"NG001","state_name":"Abia"}},
{"type":"Feature","geometry":{"type":"Polygon","coordinates":[[[4.279,7.3349],[4.2489,7.3506],[4.2058,7.3579],[4.135,7.3637],[4.138,7.352],[4.1367,7.3303],[4.1289,7.3106],[4.1313,7.2995],[4.1297,7.2768],[4.1254,7.2578],[4.1113,7.2513],[4.1026,7.2331],[4.0942,7.2282],[4.0814,7.201],[4.0776,7.1778],[4.072,7.1628],[4.0855,7.1512],[4.0726,7.1468],[4.0884,7.1334],[4.1567,7.165],[4.169,7.174],[4.1957,7.1788],[4.2459,7.1721],[4.2716,7.1634],[4.2969,7.1481],[4.312,7.1518],[4.3151,7.1821],[4.3112,7.2123],[4.2901,7.238],[4.2915,7.2614],[4.2894,7.2908],[4.279,7.3349]]]},"properties":{"lga_pcode":"NG030022","lga_name":"Isokan","state_pcode":"NG030","state_name":"Osun"}},
{"type":"Feature","geometry":{"type":"MultiPolygon","coordinates":[[[[6.347,5.4485],[6.3667,5.4365],[6.3734,5.4442],[6.4102,5.4292],[6.432,5.428],[6.4454,5.4308],[6.4544,5.4417],[6.4472,5.4523],[6.4247,5.458],[6.3847,5.4577],[6.3799,5.4625],[6.3744,5.4865],[6.3774,5.5096],[6.3663,5.5507],[6.3685,5.5694],[6.3821,5.6097],[6.3569,5.6159],[6.3277,5.6269],[6.3256,5.6379],[6.3121,5.6323],[6.2774,5.623],[6.2366,5.6192],[6.2115,5.6217],[6.1945,5.6147],[6.1742,5.5985],[6.1633,5.5943],[6.1361,5.5954],[6.1239,5.5926],[6.1124,5.5751],[6.1166,5.5481],[6.1024,5.5314],[6.0868,5.5271],[6.0725,5.5131],[6.0577,5.4818],[6.0565,5.4533],[6.062,5.4388],[6.088,5.4043],[6.0891,5.3903],[6.0961,5.4047],[6.1126,5.4139],[6.1428,5.4734],[6.1719,5.5028],[6.18,5.5147],[6.1934,5.5446],[6.218,5.5219],[6.2364,5.5089],[6.246,5.509],[6.2758,5.5342],[6.2859,5.5509],[6.3302,5.5312],[6.3278,5.5092],[6.3191,5.4917],[6.3218,5.4829],[6.3352,5.4673],[6.347,5.4485]]],[[[6.3019,5.4154],[6.3082,5.424],[6.3091,5.4443],[6.2839,5.4645],[6.2706,5.4676],[6.2546,5.4605],[6.2526,5.4503],[6.2869,5.4174],[6.3019,5.4154]]]]},"properties":{"lga_pcode":"NG010009","lga_name":"Isoko North","state_pcode":"NG010","state_name":"Delta"}},
{"type":"Feature","geometry":{"type":"Polygon","coordinates":[[[6.0891,5.3903],[6.0963,5.3642],[6.0943,5.3531],[6.0945,5.3191],[6.1178,5.2811],[6.1513,5.2398],[6.1615,5.2357],[6.1874,5.2304],[6.1969,5.2465],[6.2036,5.2428],[6.2189,5.2484],[6.2343,5.2485],[6.2547,5.2395],[6.284,5.236],[6.2909,5.2403],[6.2876,5.2532],[6.2785,5.2622],[6.2784,5.2756],[6.2877,5.2837],[6.3064,5.303],[6.3254,5.3065],[6.3388,5.3199],[6.3283,5.3765],[6.3366,5.4044],[6.3545,5.4388],[6.347,5.4485],[6.3352,5.4673],[6.3218,5.4829],[6.3191,5.4917],[6.3278,5.5092],[6.3302,5.5312],[6.2859,5.5509],[6.2758,5.5342],[6.246,5.509],[6.2364,5.5089],[6.218,5.5219],[6.1934,5.5446],[6.18,5.5147],[6.1719,5.5028],[6.1428,5.4734],[6.1126,5.4139],[6.0961,5.4047],[6.0891,5.3903]],[[6.3019,5.4154],[6.2869,5.4174],[6.2526,5.4503],[6.2546,5.4605],[6.2706,5.4676],[6.2839,5.4645],[6.3091,5.4443],[6.3082,5.424],[6.3019,5.4154]]]},"properties":{"lga_pcode":"NG010010","lga_name":"Isoko South","state_pcode":"NG010","state_name":"Delta"}},
{"type":"Feature","geometry":{"type":"Polygon","coordinates":[[[7.0911,5.7223],[7.083,5.7312],[7.0734,5.7327],[7.0626,5.7271],[7.0327,5.7234],[7.0174,5.7023],[7.0285,5.6854],[7.0264,5.6581],[7.0209,5.6432],[7.0342,5.6434],[7.0756,5.6539],[7.0823,5.6635],[7.0749,5.6975],[7.0765,5.7145],[7.0911,5.7223]]]},"properties":{"lga_pcode":"NG017010","lga_name":"Isu","state_pcode":"NG017","state_name":"Imo"}},
{"type":"Feature","geometry":{"type":"Polygon","coordinates":[[[9.6644,11.7294],[9.714,11.7206],[9.7417,11.7276],[9.7537,11.7337],[9.7757,11.7383],[9.7976,11.735],[9.8114,11.7213],[9.8109,11.71],[9.8033,11.7006],[9.8206,11.6884],[9.8224,11.7123],[9.8172,11.7505],[9.8325,11.7504],[9.8719,11.7329],[9.8972,11.7395],[9.9402,11.7601],[9.9612,11.7643],[9.9816,11.7612],[10.0045,11.7919],[10.0187,11.8022],[10.048,11.8102],[10.0905,11.794],[10.1415,11.7595],[10.1591,11.759],[10.2218,11.7936],[10.2321,11.7955],[10.2468,11.7832],[10.2539,11.7446],[10.2634,11.7445],[10.2988,11.7665],[10.3322,11.7641],[10.3624,11.7738],[10.3729,11.7851],[10.3941,11.8184],[10.3958,11.8335],[10.4186,11.8567],[10.44,11.8746],[10.4624,11.8902],[10.4615,11.9053],[10.4508,11.9136],[10.4369,11.9147],[10.4235,11.9078],[10.4005,11.9026],[10.3856,11.903],[10.3642,11.8959],[10.3352,11.8942],[10.3249,11.8965],[10.2749,11.929],[10.2554,11.9374],[10.2146,11.9435],[10.2158,11.9586],[10.202,11.968],[10.196,11.9797],[10.1984,12.0208],[10.1973,12.0411],[10.2108,12.061],[10.2075,12.0652],[10.1746,12.0634],[10.1727,12.0533],[10.1545,12.0411],[10.1436,12.0368],[10.1261,12.0366],[10.1215,12.0285],[10.1027,12.0295],[10.0958,12.0236],[10.0947,12.0098],[10.0656,11.9979],[9.9886,11.974],[9.9769,11.9727],[9.9653,11.9633],[9.9512,11.9677],[9.9208,11.9616],[9.8941,11.9521],[9.882,11.9504],[9.8592,11.9321],[9.8487,11.9189],[9.8376,11.8935],[9.83,11.8903],[9.7592,11.8763],[9.7177,11.8566],[9.6981,11.8745],[9.6886,11.8727],[9.6795,11.8619],[9.6789,11.8374],[9.6713,11.8223],[9.6736,11.787],[9.6528,11.793],[9.6335,11.7808],[9.6267,11.76],[9.6398,11.736],[9.6609,11.7294],[9.6644,11.7294]]]},"properties":{"lga_pcode":"NG005010","lga_name":"Itas/Gadau","state_pcode":"NG005","state_name":"Bauchi"}},
{"type":"Feature","geometry":{"type":"Polygon","coordinates":[[[3.0256,8.2197],[3.0252,8.2072],[3.0732,8.1926],[3.0931,8.1761],[3.1525,8.1477],[3.1908,8.1245],[3.2067,8.0912],[3.2461,8.0891],[3.2774,8.0938],[3.2784,8.1178],[3.2736,8.1354],[3.2853,8.1488],[3.2932,8.1646],[3.2945,8.1811],[3.3103,8.2054],[3.3242,8.212],[3.3406,8.2074],[3.3479,8.1942],[3.4164,8.1534],[3.4329,8.1343],[3.4283,8.1237],[3.4184,8.1172],[3.4059,8.098],[3.4105,8.0868],[3.4395,8.0697],[3.4428,8.0592],[3.4571,8.0478],[3.4752,8.0583],[3.5293,8.0697],[3.5766,8.0888],[3.5945,8.13],[3.614,8.154],[3.6305,8.203],[3.6378,8.2506],[3.6371,8.2954],[3.6479,8.3368],[3.6171,8.3557],[3.5918,8.346],[3.5328,8.3437],[3.495,8.3403],[3.4627,8.3343],[3.4362,8.3255],[3.4012,8.3166],[3.3099,8.3152],[3.262,8.3298],[3.2052,8.3639],[3.1672,8.3689],[3.1196,8.3611],[3.0844,8.3647],[3.0719,8.3589],[3.0277,8.3107],[3.0256,8.2197]]]},"properties":{"lga_pcode":"NG031017","lga_name":"Itesiwaju","state_pcode":"NG031","state_name":"Oyo"}},
{"type":"Feature","geometry":{"type":"Polygon","coordinates":[[[7.8718,5.041],[7.8798,5.0413],[7.8901,5.031],[7.9114,5.0448],[7.9323,5.0791],[7.9658,5.1105],[7.9955,5.1228],[8.0086,5.1339],[8.0556,5.1331],[8.0697,5.136],[8.0648,5.1455],[8.0664,5.162],[8.0739,5.1768],[8.0726,5.1854],[8.0552,5.2173],[8.0348,5.2432],[8.0168,5.247],[8.0098,5.2382],[8.0033,5.2192],[7.9927,5.2067],[7.9761,5.2083],[7.9698,5.2203],[7.9575,5.2033],[7.9541,5.1923],[7.9635,5.1716],[7.9459,5.1553],[7.9272,5.1333],[7.9114,5.1043],[7.9161,5.0916],[7.9116,5.0835],[7.8768,5.058],[7.8718,5.041]]]},"properties":{"lga_pcode":"NG003016","lga_name":"Itu","state_pcode":"NG003","state_name":"Akwa Ibom"}},
{"type":"Feature","geometry":{"type":"Polygon","coordinates":[[[7.7381,5.9196],[7.7203,5.9319],[7.7108,5.9219],[7.6919,5.9246],[7.6644,5.9301],[7.6354,5.9433],[7.5891,5.9614],[7.5732,5.9691],[7.5472,5.9949],[7.5534,5.9815],[7.5529,5.9663],[7.5406,5.9593],[7.5476,5.9334],[7.5396,5.9072],[7.4976,5.9077],[7.5004,5.8916],[7.5262,5.8799],[7.5226,5.8581],[7.533,5.8378],[7.5519,5.8435],[7.5667,5.8439],[7.5955,5.8344],[7.6262,5.8341],[7.65,5.8245],[7.684,5.8223],[7.6989,5.8393],[7.7103,5.8756],[7.7239,5.8957],[7.7422,5.8979],[7.7381,5.9196]]]},"properties":{"lga_pcode":"NG011009","lga_name":"Ivo","state_pcode":"NG011","state_name":"Ebonyi"}},
{"type":"Feature","geometry":{"type":"Polygon","coordinates":[[[2.7515,8.2063],[2.7491,8.1655],[2.7319,8.1375],[2.731,8.1022],[2.7228,8.0859],[2.7292,8.0723],[2.7147,8.028],[2.7065,7.9927],[2.7074,7.98],[2.6939,7.9266],[2.6803,7.8986],[2.6685,7.8904],[2.6839,7.8678],[2.6933,7.8684],[2.7136,7.8789],[2.7258,7.8807],[2.7566,7.9],[2.7677,7.9116],[2.7771,7.9447],[2.8003,7.9529],[2.8177,7.9454],[2.8229,7.9367],[2.8386,7.931],[2.8786,7.9248],[2.9175,7.9261],[2.8913,7.9],[2.8813,7.8628],[2.883,7.8461],[2.8795,7.8229],[2.8841,7.8101],[2.9113,7.7958],[2.9153,7.7854],[2.9117,7.7529],[2.9268,7.7565],[2.9472,7.7733],[2.9729,7.8163],[2.9829,7.8581],[3.0089,7.8257],[3.026,7.7918],[3.058,7.8033],[3.0706,7.8318],[3.0916,7.8321],[3.1185,7.8214],[3.1312,7.8132],[3.1524,7.8119],[3.2198,7.7992],[3.2337,7.8126],[3.247,7.8096],[3.2693,7.8063],[3.3305,7.8088],[3.3743,7.8229],[3.3835,7.847],[3.3701,7.8509],[3.3189,7.8857],[3.2875,7.9146],[3.2834,7.9245],[3.2619,8.0063],[3.2619,8.0484],[3.2774,8.0938],[3.2461,8.0891],[3.2067,8.0912],[3.1908,8.1245],[3.1525,8.1477],[3.0931,8.1761],[3.0732,8.1926],[3.0252,8.2072],[3.0256,8.2197],[2.9859,8.2224],[2.944,8.2216],[2.9069,8.2115],[2.8426,8.2091],[2.8092,8.2119],[2.7515,8.2063]]]},"properties":{"lga_pcode":"NG031018","lga_name":"Iwajowa","state_pcode":"NG031","state_name":"Oyo"}},
{"type":"Feature","geometry":{"type":"Polygon","coordinates":[[[4.2519,7.6525],[4.2214,7.6674],[4.1974,7.6937],[4.1555,7.7341],[4.142,7.742],[4.0903,7.7486],[4.0708,7.7598],[4.0619,7.7488],[4.0742,7.7359],[4.0778,7.7105],[4.0563,7.6988],[4.039,7.685],[4.0247,7.6649],[4.0342,7.6557],[4.05,7.6508],[4.0767,7.6193],[4.0802,7.6189],[4.0923,7.6092],[4.0966,7.5947],[4.1031,7.5919],[4.1181,7.6032],[4.1299,7.5998],[4.1243,7.5817],[4.1086,7.5756],[4.1151,7.5646],[4.1282,7.5531],[4.1255,7.5315],[4.1343,7.5287],[4.1489,7.5341],[4.1589,7.5299],[4.153,7.5491],[4.1538,7.5687],[4.1444,7.5814],[4.1505,7.5908],[4.1646,7.6011],[4.2112,7.6243],[4.2481,7.6476],[4.2519,7.6525]]]},"properties":{"lga_pcode":"NG030023","lga_name":"Iwo","state_pcode":"NG030","state_name":"Osun"}},
{"type":"Feature","geometry":{"type":"Polygon","coordinates":[[[8.4109,6.2821],[8.3944,6.297],[8.3917,6.3065],[8.3992,6.3538],[8.4073,6.3746],[8.445,6.3855],[8.4441,6.4023],[8.4536,6.406],[8.4568,6.4282],[8.4323,6.4332],[8.4387,6.4468],[8.4237,6.4664],[8.4228,6.4777],[8.4087,6.4777],[8.406,6.485],[8.4191,6.5145],[8.391,6.5231],[8.4001,6.5363],[8.3914,6.5504],[8.3715,6.5481],[8.3742,6.5635],[8.3587,6.564],[8.3519,6.5744],[8.3401,6.5753],[8.3301,6.5917],[8.3248,6.5895],[8.3211,6.6139],[8.3224,6.6344],[8.3092,6.6394],[8.3065,6.6607],[8.2945,6.6787],[8.2788,6.698],[8.2856,6.7102],[8.2738,6.7166],[8.2688,6.7279],[8.2516,6.7356],[8.2661,6.7415],[8.2557,6.7661],[8.2494,6.7685],[8.2431,6.7539],[8.2191,6.7297],[8.1992,6.7233],[8.1758,6.7041],[8.1745,6.6842],[8.1795,6.658],[8.1754,6.6505],[8.1742,6.6226],[8.1769,6.6103],[8.1705,6.5657],[8.1599,6.5316],[8.1529,6.4756],[8.1438,6.4578],[8.1431,6.433],[8.1517,6.4117],[8.1482,6.3684],[8.1549,6.3501],[8.1438,6.3391],[8.1788,6.3209],[8.1947,6.3189],[8.2155,6.3106],[8.2373,6.3179],[8.263,6.3212],[8.2767,6.3009],[8.2949,6.3184],[8.3187,6.3188],[8.3765,6.2955],[8.3936,6.2852],[8.4109,6.2821]]]},"properties":{"lga_pcode":"NG011010","lga_name":"Izzi","state_pcode":"NG011","state_name":"Ebonyi"}},
{"type":"Feature","geometry":{"type":"Polygon","coordinates":[[[8.1281,9.6272],[8.1046,9.6087],[8.0768,9.5743],[8.0765,9.5645],[8.0563,9.5552],[8.0249,9.5636],[7.9938,9.5817],[7.9748,9.5862],[7.961,9.5959],[7.9528,9.6272],[7.9476,9.631],[7.9431,9.6147],[7.927,9.6009],[7.9265,9.5753],[7.945,9.5354],[7.9456,9.5269],[7.956,9.5024],[7.9584,9.4803],[7.9371,9.4625],[7.9171,9.4355],[7.9128,9.4171],[7.9148,9.4005],[7.9207,9.4051],[7.9383,9.4033],[7.9806,9.3707],[7.9991,9.354],[8.0017,9.3408],[7.9973,9.3178],[8.0198,9.334],[8.0477,9.3733],[8.0567,9.4174],[8.0757,9.4542],[8.0994,9.48],[8.1163,9.4911],[8.1679,9.5116],[8.1828,9.5205],[8.1722,9.5292],[8.1527,9.5574],[8.1305,9.5806],[8.1272,9.5965],[8.1281,9.6272]]]},"properties":{"lga_pcode":"NG019006","lga_name":"Jaba","state_pcode":"NG019","state_name":"Kaduna"}},
{"type":"Feature","geometry":{"type":"Polygon","coordinates":[[[12.2271,8.9568],[12.2255,8.9489],[12.1971,8.9151],[12.1757,8.8989],[12.1583,8.891],[12.1147,8.8535],[12.0895,8.8366],[12.0575,8.8223],[12.0462,8.8104],[12.0305,8.7831],[12.0005,8.7524],[11.9635,8.7232],[11.9449,8.7061],[11.9182,8.6752],[11.9159,8.6695],[11.8911,8.6496],[11.9217,8.6563],[11.9484,8.6578],[11.9802,8.6421],[11.999,8.624],[12.0067,8.6128],[12.0167,8.5764],[12.0013,8.5449],[11.9818,8.5277],[11.9817,8.5076],[11.985,8.4904],[11.996,8.4758],[12.0132,8.4714],[12.0572,8.4718],[12.0788,8.4879],[12.0943,8.4904],[12.123,8.5184],[12.1326,8.5329],[12.1433,8.5697],[12.1417,8.5911],[12.1472,8.6219],[12.1586,8.6518],[12.1733,8.6517],[12.1922,8.6464],[12.2034,8.6471],[12.2369,8.6434],[12.2498,8.6382],[12.2617,8.6141],[12.2857,8.6001],[12.2915,8.5821],[12.2871,8.5633],[12.28,8.5488],[12.2807,8.5256],[12.2691,8.4872],[12.2754,8.4577],[12.2742,8.4454],[12.3124,8.4674],[12.349,8.4609],[12.3641,8.4545],[12.3867,8.4506],[12.3968,8.4568],[12.4071,8.4805],[12.4334,8.5159],[12.4418,8.5533],[12.4487,8.5677],[12.4691,8.5906],[12.4677,8.6064],[12.4719,8.6159],[12.4898,8.6222],[12.5265,8.6127],[12.5339,8.6127],[12.5751,8.5966],[12.5851,8.5962],[12.614,8.6167],[12.6458,8.6428],[12.6678,8.6396],[12.6771,8.6428],[12.6885,8.6583],[12.6967,8.6758],[12.7124,8.6894],[12.7145,8.702],[12.7132,8.7311],[12.7224,8.7483],[12.7461,8.7577],[12.7839,8.7535],[12.8015,8.7732],[12.8087,8.7897],[12.8072,8.8079],[12.7894,8.8455],[12.7897,8.8606],[12.8016,8.8855],[12.7902,8.9012],[12.7903,8.9172],[12.8216,8.9473],[12.8136,8.9554],[12.7985,8.9565],[12.7846,8.9485],[12.7683,8.92],[12.7567,8.8949],[12.7439,8.8846],[12.6988,8.8652],[12.6784,8.8541],[12.6405,8.8381],[12.6231,8.8198],[12.5783,8.8071],[12.4949,8.7809],[12.4555,8.7638],[12.4393,8.7649],[12.378,8.7981],[12.3561,8.8187],[12.3446,8.8367],[12.2271,8.9568]]]},"properties":{"lga_pcode":"NG002008","lga_name":"Jada","state_pcode":"NG002","state_name":"Adamawa"}},
{"type":"Feature","geometry":{"type":"Polygon","coordinates":[[[9.4146,11.9169],[9.4368,11.9275],[9.5116,11.9422],[9.5229,11.9469],[9.5391,11.966],[9.5593,11.9724],[9.586,11.9731],[9.5965,11.9508],[9.6199,11.9309],[9.6392,11.9284],[9.6893,11.9331],[9.7136,11.9506],[9.7613,11.9696],[9.7815,11.972],[9.8098,11.9687],[9.8183,11.9744],[9.8211,11.9979],[9.8171,12.039],[9.8052,12.0571],[9.806,12.0762],[9.8028,12.0937],[9.804,12.1128],[9.7846,12.1097],[9.7658,12.1106],[9.7447,12.1172],[9.7447,12.1368],[9.735,12.1432],[9.714,12.1496],[9.6671,12.1473],[9.6566,12.1362],[9.6331,12.1331],[9.6251,12.1474],[9.6025,12.161],[9.5871,12.1562],[9.5672,12.183],[9.5659,12.1957],[9.5366,12.1976],[9.5213,12.2032],[9.5119,12.2145],[9.4951,12.2075],[9.4787,12.2124],[9.4486,12.2081],[9.4242,12.1928],[9.4019,12.1971],[9.3645,12.1909],[9.347,12.185],[9.3378,12.1676],[9.3368,12.1538],[9.3268,12.1311],[9.317,12.0682],[9.3186,12.0555],[9.334,12.0315],[9.3404,12.0268],[9.3695,12.022],[9.38,12.0116],[9.3816,11.9949],[9.3929,11.9598],[9.392,11.9296],[9.3952,11.9161],[9.4146,11.9169]]]},"properties":{"lga_pcode":"NG018014","lga_name":"Jahun","state_pcode":"NG018","state_name":"Jigawa"}},
{"type":"Feature","geometry":{"type":"Polygon","coordinates":[[[10.5957,12.6843],[10.5941,12.6607],[10.5986,12.6422],[10.5957,12.6188],[10.5993,12.5811],[10.5886,12.5539],[10.595,12.5425],[10.5905,12.5305],[10.5941,12.5201],[10.6105,12.5215],[10.6332,12.5143],[10.643,12.4982],[10.6781,12.4876],[10.7055,12.4733],[10.7513,12.4615],[10.7574,12.3752],[10.7598,12.3696],[10.7729,12.3403],[10.77,12.2798],[10.775,12.236],[10.7892,12.2012],[10.8008,12.165],[10.8031,12.1032],[10.8132,12.0195],[10.8039,12.0015],[10.7999,11.9783],[10.7998,11.9526],[10.8099,11.9228],[10.8147,11.9167],[10.8168,11.9236],[10.8352,11.9522],[10.8754,12.0003],[10.8788,12.0118],[10.908,12.0427],[10.9274,12.0836],[10.9341,12.0901],[10.9698,12.094],[10.9807,12.0978],[11.0314,12.1153],[11.0616,12.137],[11.1203,12.1942],[11.1517,12.2567],[11.1629,12.2664],[11.1978,12.3082],[11.2191,12.3268],[11.2263,12.3406],[11.246,12.3641],[11.2528,12.3826],[11.2515,12.3939],[11.2424,12.4052],[11.2103,12.4613],[11.1877,12.4967],[11.1877,12.5081],[11.1761,12.509],[11.1669,12.5009],[11.138,12.4938],[11.1094,12.495],[11.0896,12.4982],[11.0712,12.5093],[11.0615,12.5363],[11.0422,12.5765],[11.023,12.6109],[11.0081,12.6283],[11.0029,12.6533],[11.0071,12.6713],[11.0232,12.7073],[11.0442,12.7449],[11.0479,12.746],[11.037,12.766],[11.0417,12.7791],[11.039,12.7911],[11.0308,12.7994],[11.0262,12.814],[11.0269,12.8274],[10.9705,12.8216],[10.9306,12.8265],[10.8571,12.8253],[10.8187,12.8114],[10.7931,12.7989],[10.7626,12.7708],[10.7241,12.738],[10.6952,12.7099],[10.6792,12.7021],[10.6584,12.6833],[10.6344,12.6803],[10.5957,12.6843]]]},"properties":{"lga_pcode":"NG036009","lga_name":"Jakusko","state_pcode":"NG036","state_name":"Yobe"}},
{"type":"Feature","geometry":{"type":"Polygon","coordinates":[[[11.4585,8.7882],[11.4398,8.822],[11.4128,8.8485],[11.3871,8.8836],[11.3757,8.9074],[11.3436,8.9336],[11.3213,8.9851],[11.3012,8.9974],[11.2898,9.0211],[11.2725,9.0255],[11.2539,9.0195],[11.2183,9.0157],[11.2404,8.9791],[11.2445,8.9655],[11.2596,8.9367],[11.2724,8.92],[11.2899,8.9121],[11.3061,8.8956],[11.3118,8.8837],[11.3258,8.8774],[11.3437,8.8609],[11.3614,8.8496],[11.3723,8.8363],[11.3847,8.8282],[11.3921,8.8164],[11.406,8.8118],[11.4395,8.7926],[11.4585,8.7882]]]},"properties":{"lga_pcode":"NG035007","lga_name":"Jalingo","state_pcode":"NG035","state_name":"Taraba"}},
{"type":"Feature","geometry":{"type":"Polygon","coordinates":[[[9.8206,11.5762],[9.8619,11.5663],[9.8767,11.5668],[9.8982,11.5766],[9.9226,11.6142],[9.9237,11.6325],[9.9395,11.6542],[9.9755,11.663],[10.0065,11.6474],[10.059,11.6463],[10.0696,11.6745],[10.0752,11.6807],[10.0716,11.715],[10.0678,11.7263],[10.054,11.7348],[10.0264,11.7462],[9.9816,11.7612],[9.9612,11.7643],[9.9402,11.7601],[9.8972,11.7395],[9.8719,11.7329],[9.8325,11.7504],[9.8172,11.7505],[9.8224,11.7123],[9.8206,11.6884],[9.8209,11.6645],[9.8264,11.6447],[9.815,11.6262],[9.8247,11.6017],[9.8206,11.5762]]]},"properties":{"lga_pcode":"NG005011","lga_name":"Jama'are","state_pcode":"NG005","state_name":"Bauchi"}},
{"type":"Feature","geometry":{"type":"Polygon","coordinates":[[[4.3475,12.3462],[4.3373,12.3278],[4.3163,12.3197],[4.2869,12.3176],[4.2618,12.3269],[4.2477,12.3275],[4.2424,12.305],[4.2721,12.3038],[4.2765,12.3009],[4.2768,12.2764],[4.283,12.2483],[4.2729,12.2424],[4.2552,12.2451],[4.2384,12.2427],[4.2378,12.2297],[4.2577,12.2263],[4.2723,12.2301],[4.2653,12.2055],[4.2427,12.1958],[4.204,12.1859],[4.1916,12.1742],[4.1882,12.159],[4.191,12.1354],[4.2149,12.1312],[4.2365,12.1502],[4.272,12.1629],[4.3262,12.1689],[4.3799,12.1511],[4.3845,12.1398],[4.3816,12.0906],[4.3686,12.0606],[4.3688,12.0448],[4.3628,12.0324],[4.3512,12.0297],[4.3558,12.0166],[4.3756,12.0054],[4.4073,11.9601],[4.4353,11.935],[4.444,11.9068],[4.4807,11.8937],[4.5041,11.8773],[4.5351,11.8634],[4.5413,11.8765],[4.557,11.8984],[4.5612,11.9298],[4.5622,11.9776],[4.5659,11.9847],[4.5777,12.0548],[4.5707,12.0915],[4.5648,12.1062],[4.5436,12.1648],[4.534,12.1833],[4.535,12.2011],[4.5413,12.2315],[4.5267,12.2306],[4.5022,12.2232],[4.4737,12.2225],[4.4466,12.227],[4.4278,12.236],[4.4084,12.2524],[4.3936,12.2611],[4.3594,12.2973],[4.3601,12.3309],[4.3475,12.3462]]]},"properties":{"lga_pcode":"NG022011","lga_name":"Jega","state_pcode":"NG022","state_name":"Kebbi"}},
{"type":"Feature","geometry":{"type":"Polygon","coordinates":[[[7.9973,9.3178],[8.0008,9.3064],[8.0458,9.2774],[8.0636,9.2722],[8.0936,9.2415],[8.1149,9.2243],[8.1141,9.2025],[8.1075,9.1786],[8.1177,9.1771],[8.1264,9.184],[8.141,9.2041],[8.1529,9.2118],[8.2011,9.2316],[8.2512,9.259],[8.2654,9.265],[8.2982,9.2599],[8.3114,9.2759],[8.327,9.2896],[8.3417,9.2869],[8.3867,9.2733],[8.3949,9.2734],[8.4059,9.2916],[8.3958,9.3062],[8.3884,9.3326],[8.393,9.338],[8.4233,9.329],[8.4646,9.3545],[8.4719,9.3719],[8.469,9.4247],[8.4965,9.4475],[8.5039,9.4694],[8.5139,9.4858],[8.5405,9.494],[8.5703,9.4986],[8.5556,9.5473],[8.5318,9.5411],[8.4751,9.5177],[8.4378,9.5066],[8.412,9.4967],[8.3941,9.4955],[8.3808,9.5102],[8.3367,9.5895],[8.3261,9.5954],[8.316,9.6082],[8.3195,9.6191],[8.3043,9.6086],[8.2873,9.5912],[8.2781,9.5752],[8.2657,9.5716],[8.2482,9.572],[8.2428,9.5442],[8.235,9.5277],[8.2202,9.5207],[8.2012,9.517],[8.1828,9.5205],[8.1679,9.5116],[8.1163,9.4911],[8.0994,9.48],[8.0757,9.4542],[8.0567,9.4174],[8.0477,9.3733],[8.0198,9.334],[7.9973,9.3178]]]},"properties":{"lga_pcode":"NG019007","lga_name":"Jema'a","state_pcode":"NG019","state_name":"Kaduna"}},
{"type":"Feature","geometry":{"type":"Polygon","coordinates":[[[13.1495,12.1558],[13.1238,12.1636],[13.1042,12.1545],[13.09,12.1362],[13.0746,12.1012],[13.075,12.0473],[13.0687,12.0165],[13.0692,11.9906],[13.0809,11.9246],[13.1121,11.9195],[13.1325,11.91],[13.1518,11.8925],[13.1646,11.8651],[13.1748,11.8579],[13.173,11.8452],[13.1808,11.8121],[13.1647,11.8058],[13.1644,11.7947],[13.1477,11.7957],[13.1121,11.766],[13.1052,11.7571],[13.0746,11.744],[13.0648,11.754],[13.0728,11.7807],[13.0966,11.8162],[13.0916,11.8341],[13.0821,11.8518],[13.068,11.8297],[13.0528,11.7823],[13.0367,11.7592],[13.0206,11.7486],[13.0115,11.7197],[13.0219,11.7002],[13.0448,11.691],[13.0718,11.6927],[13.1196,11.7103],[13.1484,11.7309],[13.1695,11.7407],[13.1856,11.74],[13.1966,11.7325],[13.2045,11.7199],[13.205,11.7075],[13.2189,11.6942],[13.267,11.6885],[13.2859,11.699],[13.2898,11.7171],[13.2858,11.7286],[13.2693,11.7463],[13.2512,11.7551],[13.2308,11.7781],[13.2233,11.7917],[13.2259,11.8184],[13.2328,11.8346],[13.2496,11.8484],[13.2892,11.8361],[13.3032,11.8339],[13.3204,11.8448],[13.328,11.869],[13.3206,11.8899],[13.3069,11.9142],[13.2971,11.925],[13.2782,11.9315],[13.2649,11.9398],[13.2485,11.9565],[13.2411,11.9774],[13.2582,12.0069],[13.2575,12.0255],[13.2468,12.0403],[13.2424,12.0564],[13.2008,12.0831],[13.1781,12.1032],[13.1495,12.1558]]]},"properties":{"lga_pcode":"NG008013","lga_name":"Jere","state_pcode":"NG008","state_name":"Borno"}},
{"type":"Feature","geometry":{"type":"Polygon","coordinates":[[[7.5554,12.9738],[7.5577,12.9817],[7.5481,13.0186],[7.5634,13.0279],[7.5879,13.0649],[7.5944,13.0701],[7.5894,13.0871],[7.5936,13.0955],[7.6257,13.1177],[7.6342,13.1315],[7.6341,13.1536],[7.6212,13.1609],[7.6201,13.1703],[7.6415,13.1967],[7.6354,13.222],[7.611,13.2116],[7.5969,13.2],[7.5782,13.1918],[7.5536,13.172],[7.5266,13.1592],[7.5032,13.1429],[7.461,13.1219],[7.4211,13.0974],[7.3807,13.0902],[7.3202,13.0978],[7.2713,13.1099],[7.2615,13.1168],[7.2353,13.1239],[7.22,13.1208],[7.2005,13.1039],[7.1583,13.0518],[7.129,13.0274],[7.1027,13.0128],[7.0634,13.0008],[7.0477,12.9991],[7.05,12.9721],[7.0391,12.9292],[7.0342,12.8929],[7.0289,12.879],[7.0232,12.8319],[7.0289,12.8172],[7.0284,12.788],[7.0551,12.7969],[7.0844,12.8131],[7.0973,12.8339],[7.1194,12.8756],[7.1322,12.9091],[7.1545,12.9149],[7.1934,12.8942],[7.2055,12.8855],[7.212,12.8965],[7.211,12.9162],[7.2048,12.9325],[7.1804,12.9469],[7.168,12.9854],[7.1958,12.9983],[7.2105,13.009],[7.2187,13.0201],[7.2692,12.9994],[7.3256,12.9989],[7.3762,12.9915],[7.385,12.9778],[7.3894,12.9538],[7.3811,12.9042],[7.4054,12.8982],[7.4215,12.8989],[7.4473,12.9155],[7.4533,12.9341],[7.4842,12.9388],[7.5053,12.9554],[7.5554,12.9738]]]},"properties":{"lga_pcode":"NG021016","lga_name":"Jibia","state_pcode":"NG021","state_name":"Katsina"}},
{"type":"Feature","geometry":{"type":"Polygon","coordinates":[[[9.0871,9.6989],[9.1017,9.7169],[9.1132,9.7193],[9.1261,9.7315],[9.1522,9.7448],[9.1558,9.756],[9.2124,9.7816],[9.2536,9.8086],[9.2608,9.8185],[9.2713,9.8422],[9.2777,9.8695],[9.2869,9.8795],[9.2916,9.9034],[9.2797,9.9526],[9.265,9.977],[9.2598,10.0077],[9.2471,10.0322],[9.2214,10.0446],[9.202,10.0476],[9.1636,10.0459],[9.1499,10.0417],[9.1255,10.0394],[9.0855,10.025],[9.0474,10.0156],[9.0204,10.0163],[8.9976,10.0095],[8.9863,10.0104],[8.9688,9.9658],[8.9716,9.9466],[8.9865,9.9164],[8.9852,9.8929],[8.9643,9.8517],[8.9742,9.8427],[8.973,9.8304],[8.9708,9.7979],[8.9769,9.7905],[8.9779,9.7693],[8.9826,9.7521],[8.9932,9.7314],[9.0113,9.7148],[9.0348,9.7062],[9.0812,9.7024],[9.0871,9.6989]]]},"properties":{"lga_pcode":"NG032004","lga_name":"Jos East","state_pcode":"NG032","state_name":"Plateau"}},
{"type":"Feature","geometry":{"type":"Polygon","coordinates":[[[8.8015,9.9082],[8.8098,9.9047],[8.8315,9.8824],[8.8464,9.8816],[8.8753,9.8934],[8.8996,9.8945],[8.9283,9.8654],[8.949,9.8529],[8.9643,9.8517],[8.9852,9.8929],[8.9865,9.9164],[8.9716,9.9466],[8.9688,9.9658],[8.9863,10.0104],[8.9565,10.0232],[8.9564,10.0338],[8.9486,10.0286],[8.8992,10.0221],[8.8685,10.0131],[8.8511,9.995],[8.8295,9.967],[8.8139,9.9384],[8.7996,9.9177],[8.8015,9.9082]]]},"properties":{"lga_pcode":"NG032005","lga_name":"Jos North","state_pcode":"NG032","state_name":"Plateau"}},
{"type":"Feature","geometry":{"type":"Polygon","coordinates":[[[8.973,9.8304],[8.9742,9.8427],[8.9643,9.8517],[8.949,9.8529],[8.9283,9.8654],[8.8996,9.8945],[8.8753,9.8934],[8.8464,9.8816],[8.8315,9.8824],[8.8098,9.9047],[8.8015,9.9082],[8.8013,9.8823],[8.7823,9.8726],[8.7737,9.8518],[8.7724,9.8286],[8.762,9.7799],[8.7393,9.7567],[8.7202,9.756],[8.6956,9.7511],[8.6984,9.7337],[8.7109,9.7111],[8.6986,9.6835],[8.6977,9.6623],[8.7078,9.653],[8.7594,9.6434],[8.7709,9.6448],[8.7706,9.6148],[8.7847,9.614],[8.7951,9.6396],[8.8097,9.6453],[8.8303,9.6314],[8.8469,9.6297],[8.8718,9.6468],[8.8872,9.69],[8.9086,9.7257],[8.9421,9.7523],[8.9473,9.7641],[8.9518,9.7913],[8.951,9.8086],[8.958,9.8244],[8.973,9.8304]]]},"properties":{"lga_pcode":"NG032006","lga_name":"Jos South","state_pcode":"NG032","state_name":"Plateau"}},
{"type":"Feature","geometry":{"type":"Polygon","coordinates":[[[6.1227,7.6781],[6.133,7.6927],[6.1597,7.7056],[6.1726,7.7147],[6.2038,7.7203],[6.2342,7.7184],[6.259,7.7065],[6.2682,7.7065],[6.2719,7.7295],[6.2682,7.7534],[6.2682,7.7828],[6.2774,7.8012],[6.2948,7.814],[6.3153,7.8333],[6.3233,7.8434],[6.3243,7.8876],[6.3298,7.9032],[6.3197,7.9289],[6.3086,7.94],[6.2939,7.9436],[6.2875,7.9611],[6.27,7.9694],[6.2489,7.997],[6.2434,8.0107],[6.2415,8.0337],[6.2305,8.0457],[6.2204,8.0687],[6.2296,8.0953],[6.2388,8.0999],[6.2682,8.0999],[6.2866,8.0953],[6.3298,8.0613],[6.339,8.042],[6.3601,8.0273],[6.3656,8.019],[6.3877,8.0016],[6.4033,7.9767],[6.4189,7.9611],[6.4566,7.94],[6.4686,7.9473],[6.4667,7.9675],[6.4621,7.9758],[6.464,8.0062],[6.4456,8.0356],[6.4474,8.0631],[6.4575,8.0935],[6.4916,8.145],[6.4962,8.1633],[6.487,8.1882],[6.4732,8.2176],[6.4502,8.2424],[6.4438,8.2543],[6.4033,8.3132],[6.396,8.3288],[6.3785,8.3499],[6.3601,8.3647],[6.3463,8.3867],[6.3141,8.4125],[6.3004,8.4281],[6.2682,8.4492],[6.2415,8.4593],[6.2149,8.4639],[6.1928,8.4649],[6.1634,8.4511],[6.1376,8.4446],[6.1131,8.4415],[6.1113,8.4312],[6.0975,8.4141],[6.0827,8.4018],[6.078,8.3694],[6.087,8.354],[6.0894,8.3247],[6.0837,8.3011],[6.0772,8.2921],[6.0666,8.2645],[6.0731,8.2279],[6.0552,8.2108],[6.0584,8.1815],[6.0715,8.1628],[6.0834,8.1531],[6.0763,8.1424],[6.0486,8.1386],[6.0315,8.1307],[6.0274,8.12],[6.0513,8.0964],[6.0666,8.0563],[6.0755,8.0416],[6.0796,8.0124],[6.0698,7.988],[6.0544,7.9302],[6.056,7.918],[6.0511,7.8993],[6.0221,7.8411],[6.0304,7.8281],[6.0414,7.8025],[6.0462,7.8001],[6.0706,7.7659],[6.0837,7.7448],[6.0983,7.7049],[6.1178,7.6862],[6.1227,7.6781]]]},"properties":{"lga_pcode":"NG023010","lga_name":"Kabba/Bunu","state_pcode":"NG023","state_name":"Kogi"}},
{"type":"Feature","geometry":{"type":"Polygon","coordinates":[[[8.1226,12.0128],[8.0968,11.9921],[8.0907,11.9833],[8.0801,11.98],[8.0467,11.9837],[8.0193,11.9641],[8.0106,11.9636],[8.0144,11.9449],[8.0339,11.9442],[8.0484,11.9503],[8.0624,11.9373],[8.0722,11.9359],[8.0923,11.9261],[8.1121,11.9279],[8.124,11.9201],[8.1268,11.9062],[8.1155,11.8954],[8.0928,11.8906],[8.0827,11.874],[8.0822,11.8646],[8.1164,11.8536],[8.1318,11.8451],[8.1425,11.8235],[8.1438,11.7909],[8.1472,11.7865],[8.1795,11.8007],[8.2125,11.7878],[8.2233,11.7812],[8.2568,11.7881],[8.2765,11.7837],[8.2823,11.7924],[8.3029,11.8024],[8.3097,11.8096],[8.3211,11.8361],[8.2861,11.8277],[8.2645,11.855],[8.2603,11.8715],[8.2763,11.877],[8.2777,11.8934],[8.2623,11.9174],[8.2609,11.9324],[8.2539,11.9365],[8.2331,11.9159],[8.2269,11.9166],[8.2088,11.9316],[8.1906,11.9563],[8.1666,11.9693],[8.1617,11.9761],[8.1314,11.9969],[8.1226,12.0128]]]},"properties":{"lga_pcode":"NG020020","lga_name":"Kabo","state_pcode":"NG020","state_name":"Kano"}},
{"type":"Feature","geometry":{"type":"Polygon","coordinates":[[[7.2541,10.0392],[7.2702,10.0282],[7.2778,10.0164],[7.2811,9.9937],[7.2811,9.965],[7.2862,9.95],[7.2854,9.9332],[7.298,9.8987],[7.2955,9.8718],[7.3005,9.8625],[7.2887,9.8406],[7.2929,9.8112],[7.2854,9.7893],[7.2736,9.7834],[7.2601,9.7868],[7.2517,9.7944],[7.2315,9.791],[7.2105,9.7801],[7.2047,9.7583],[7.2248,9.7389],[7.245,9.7321],[7.2711,9.7321],[7.2803,9.7246],[7.2887,9.7061],[7.2828,9.6842],[7.3114,9.669],[7.3387,9.637],[7.3435,9.6226],[7.3337,9.6067],[7.2941,9.5941],[7.2842,9.5531],[7.3312,9.5652],[7.3451,9.5639],[7.3743,9.5766],[7.4101,9.5892],[7.4392,9.6032],[7.4465,9.6039],[7.4904,9.5889],[7.5452,9.5481],[7.56,9.5461],[7.5857,9.5535],[7.6074,9.556],[7.6572,9.5574],[7.6675,9.5623],[7.6838,9.5942],[7.7221,9.6384],[7.7378,9.6519],[7.7677,9.6716],[7.7806,9.6765],[7.8158,9.6719],[7.8636,9.6618],[7.8826,9.6424],[7.8976,9.6334],[7.9258,9.638],[7.9442,9.6375],[7.9476,9.631],[7.9528,9.6272],[7.961,9.5959],[7.9748,9.5862],[7.9938,9.5817],[8.0249,9.5636],[8.0563,9.5552],[8.0765,9.5645],[8.0768,9.5743],[8.1046,9.6087],[8.1281,9.6272],[8.1155,9.687],[8.1012,9.7021],[8.0869,9.7232],[8.0543,9.7595],[8.0379,9.7866],[8.0348,9.8119],[8.049,9.8553],[8.0692,9.8906],[8.0651,9.9128],[8.0447,9.9077],[8.006,9.9177],[7.9938,9.9288],[7.9897,9.9419],[7.9927,9.9509],[8.0211,10.0136],[8.0271,10.0398],[8.0352,10.061],[8.0484,10.0631],[8.054,10.0792],[8.0546,10.0976],[8.0216,10.1024],[7.9807,10.0974],[7.9652,10.09],[7.9434,10.0863],[7.9009,10.0727],[7.8787,10.0634],[7.8621,10.0646],[7.8285,10.0614],[7.8093,10.019],[7.791,9.9998],[7.7768,10.0007],[7.7584,10.0208],[7.7257,10.0308],[7.7064,10.0338],[7.684,10.0317],[7.6707,10.0397],[7.6604,10.0679],[7.6542,10.1012],[7.6471,10.1204],[7.6193,10.1516],[7.6093,10.1668],[7.5905,10.17],[7.5686,10.1613],[7.5343,10.1649],[7.5136,10.1538],[7.4937,10.128],[7.4693,10.1194],[7.44,10.1206],[7.4144,10.1181],[7.3731,10.0996],[7.3519,10.0713],[7.335,10.0603],[7.3005,10.0577],[7.2885,10.0405],[7.2734,10.0466],[7.2541,10.0392]]]},"properties":{"lga_pcode":"NG019008","lga_name":"Kachia","state_pcode":"NG019","state_name":"Kaduna"}},
{"type":"Feature","geometry":{"type":"Polygon","coordinates":[[[7.4715,10.5324],[7.483,10.5559],[7.47,10.5735],[7.4722,10.5876],[7.4611,10.5985],[7.4236,10.5978],[7.415,10.5924],[7.4114,10.5792],[7.4171,10.5789],[7.4346,10.5612],[7.4266,10.5488],[7.4233,10.5343],[7.4256,10.5213],[7.4228,10.5046],[7.4332,10.489],[7.4668,10.5024],[7.4662,10.5134],[7.4715,10.5324]]]},"properties":{"lga_pcode":"NG019009","lga_name":"Kaduna North","state_pcode":"NG019","state_name":"Kaduna"}},
{"type":"Feature","geometry":{"type":"Polygon","coordinates":[[[7.4332,10.489],[7.4228,10.5046],[7.4256,10.5213],[7.4233,10.5343],[7.4266,10.5488],[7.4346,10.5612],[7.4171,10.5789],[7.4114,10.5792],[7.3995,10.565],[7.397,10.5554],[7.4007,10.5416],[7.3943,10.5236],[7.3831,10.5202],[7.3771,10.5075],[7.383,10.5025],[7.4049,10.4845],[7.3988,10.4657],[7.4051,10.4473],[7.4233,10.4434],[7.435,10.4506],[7.4361,10.4841],[7.4332,10.489]]]},"properties":{"lga_pcode":"NG019010","lga_name":"Kaduna South","state_pcode":"NG019","state_name":"Kaduna"}},
{"type":"Feature","geometry":{"type":"Polygon","coordinates":[[[9.8525,12.2512],[9.8452,12.2306],[9.8314,12.2258],[9.8248,12.2159],[9.827,12.1908],[9.8248,12.1805],[9.8078,12.1717],[9.7908,12.1503],[9.804,12.1128],[9.8028,12.0937],[9.806,12.0762],[9.8052,12.0571],[9.8171,12.039],[9.8211,11.9979],[9.8631,11.9863],[9.8769,11.9773],[9.8941,11.9521],[9.9208,11.9616],[9.9512,11.9677],[9.9653,11.9633],[9.9769,11.9727],[9.9886,11.974],[10.0656,11.9979],[10.0947,12.0098],[10.0958,12.0236],[10.1027,12.0295],[10.1215,12.0285],[10.1261,12.0366],[10.1436,12.0368],[10.1545,12.0411],[10.1642,12.059],[10.1643,12.0733],[10.1471,12.1264],[10.1453,12.1489],[10.1685,12.2486],[10.1731,12.2612],[10.2006,12.2998],[10.1957,12.3272],[10.1842,12.3225],[10.1682,12.3266],[10.1486,12.3415],[10.1386,12.3541],[10.125,12.3636],[10.0885,12.3793],[10.0565,12.3828],[10.0405,12.3787],[10.0081,12.3567],[9.9834,12.3276],[9.9715,12.3209],[9.9605,12.2908],[9.9432,12.2751],[9.8865,12.2519],[9.8778,12.2362],[9.8613,12.2385],[9.8525,12.2512]]]},"properties":{"lga_pcode":"NG018015","lga_name":"Kafin Hausa","state_pcode":"NG018","state_name":"Jigawa"}},
{"type":"Feature","geometry":{"type":"Polygon","coordinates":[[[7.5134,11.4491],[7.5302,11.4351],[7.5657,11.4247],[7.6164,11.4174],[7.6614,11.4163],[7.6802,11.429],[7.7086,11.4261],[7.6991,11.4389],[7.6859,11.4839],[7.6894,11.5167],[7.6992,11.5368],[7.7249,11.5691],[7.7289,11.5867],[7.7459,11.6001],[7.771,11.6149],[7.7975,11.6251],[7.8414,11.6347],[7.884,11.6501],[7.9004,11.6483],[7.9092,11.6539],[7.9099,11.6765],[7.8814,11.7246],[7.8829,11.7479],[7.8748,11.7836],[7.8654,11.7893],[7.8592,11.8264],[7.865,11.8566],[7.8487,11.8462],[7.8272,11.8399],[7.805,11.8367],[7.7898,11.8523],[7.7716,11.85],[7.7525,11.8355],[7.6974,11.8122],[7.688,11.7984],[7.6728,11.7575],[7.6535,11.7588],[7.6228,11.7455],[7.6248,11.7255],[7.6078,11.6935],[7.59,11.6966],[7.5779,11.724],[7.562,11.7277],[7.5493,11.7227],[7.5462,11.7048],[7.5384,11.6865],[7.5392,11.6733],[7.5322,11.649],[7.5357,11.6414],[7.5529,11.6371],[7.5902,11.6366],[7.6106,11.6273],[7.622,11.613],[7.6234,11.5905],[7.6133,11.5798],[7.5804,11.5678],[7.5747,11.5578],[7.5767,11.5347],[7.5566,11.4871],[7.5282,11.4651],[7.5134,11.4491]]]},"properties":{"lga_pcode":"NG021017","lga_name":"Kafur","state_pcode":"NG021","state_name":"Katsina"}},
{"type":"Feature","geometry":{"type":"Polygon","coordinates":[[[12.1782,11.6584],[12.1924,11.645],[12.2237,11.6329],[12.2413,11.6523],[12.2748,11.694],[12.3011,11.6449],[12.3,11.6086],[12.3136,11.6056],[12.3485,11.5831],[12.3735,11.5498],[12.3383,11.4829],[12.3558,11.4449],[12.3681,11.4272],[12.3834,11.4109],[12.417,11.3895],[12.4664,11.3637],[12.4848,11.3525],[12.5096,11.3421],[12.5358,11.311],[12.5677,11.2692],[12.5901,11.2499],[12.6029,11.2418],[12.6303,11.2431],[12.6506,11.2472],[12.6878,11.2653],[12.7053,11.2735],[12.7054,11.2942],[12.6946,11.326],[12.6945,11.3374],[12.6837,11.3424],[12.6431,11.3465],[12.6229,11.3544],[12.6105,11.3638],[12.6091,11.3777],[12.6467,11.3973],[12.667,11.4215],[12.6676,11.457],[12.6642,11.476],[12.6407,11.5147],[12.6352,11.5716],[12.6241,11.6181],[12.6329,11.6605],[12.6444,11.6795],[12.6511,11.7049],[12.6693,11.7352],[12.6864,11.7458],[12.6924,11.7621],[12.676,11.8166],[12.657,11.8502],[12.6319,11.8809],[12.6028,11.9007],[12.5677,11.9202],[12.5158,11.9177],[12.4479,11.9044],[12.4173,11.9158],[12.4097,11.9227],[12.3349,11.929],[12.2942,11.9308],[12.2466,11.9247],[12.2463,11.8717],[12.2524,11.8268],[12.2484,11.7988],[12.2397,11.7833],[12.2413,11.7737],[12.2333,11.7522],[12.2223,11.7508],[12.2099,11.7414],[12.199,11.7219],[12.1868,11.6784],[12.1782,11.6584]]]},"properties":{"lga_pcode":"NG008014","lga_name":"Kaga","state_pcode":"NG008","state_name":"Borno"}},
{"type":"Feature","geometry":{"type":"Polygon","coordinates":[[[7.7299,9.3319],[7.7378,9.3478],[7.7676,9.3363],[7.8022,9.3254],[7.8206,9.313],[7.8339,9.3108],[7.8546,9.32],[7.8898,9.3743],[7.9039,9.3919],[7.9148,9.4005],[7.9128,9.4171],[7.9171,9.4355],[7.9371,9.4625],[7.9584,9.4803],[7.956,9.5024],[7.9456,9.5269],[7.945,9.5354],[7.9265,9.5753],[7.927,9.6009],[7.9431,9.6147],[7.9476,9.631],[7.9442,9.6375],[7.9258,9.638],[7.8976,9.6334],[7.8826,9.6424],[7.8636,9.6618],[7.8158,9.6719],[7.7806,9.6765],[7.7677,9.6716],[7.7378,9.6519],[7.7221,9.6384],[7.6838,9.5942],[7.6675,9.5623],[7.6572,9.5574],[7.6074,9.556],[7.5857,9.5535],[7.56,9.5461],[7.5452,9.5481],[7.4904,9.5889],[7.4465,9.6039],[7.4392,9.6032],[7.4101,9.5892],[7.3743,9.5766],[7.3451,9.5639],[7.3312,9.5652],[7.2842,9.5531],[7.261,9.5269],[7.2391,9.5185],[7.2273,9.4949],[7.2113,9.5009],[7.2135,9.4852],[7.2243,9.4603],[7.2216,9.4478],[7.2378,9.437],[7.2546,9.4413],[7.2747,9.4408],[7.2895,9.4254],[7.2898,9.4094],[7.2698,9.392],[7.2563,9.3758],[7.2546,9.3628],[7.2629,9.3546],[7.2801,9.3509],[7.3212,9.3666],[7.3353,9.3612],[7.3604,9.367],[7.3765,9.3633],[7.3882,9.3498],[7.4177,9.367],[7.4763,9.3706],[7.4966,9.3622],[7.5098,9.3611],[7.5899,9.4316],[7.6724,9.4113],[7.7299,9.3319]]]},"properties":{"lga_pcode":"NG019011","lga_name":"Kagarko","state_pcode":"NG019","state_name":"Kaduna"}},
{"type":"Feature","geometry":{"type":"Polygon","coordinates":[[[3.8103,9.1735],[3.8261,9.1822],[3.863,9.1883],[3.9214,9.1729],[3.9444,9.1483],[3.9721,9.0776],[3.9905,9.0484],[4.0121,9.0346],[4.072,9.0146],[4.2105,8.97],[4.2534,8.967],[4.2903,8.9916],[4.3164,8.9977],[4.329,8.9896],[4.36,8.9985],[4.3981,9.0237],[4.4882,9.0597],[4.5021,9.0683],[4.5241,9.0742],[4.5499,9.0747],[4.588,9.0827],[4.6545,9.0806],[4.7027,9.0935],[4.7172,9.1015],[4.7526,9.1396],[4.7646,9.1499],[4.7519,9.1799],[4.7519,9.1995],[4.7572,9.2244],[4.7545,9.2479],[4.7375,9.2689],[4.7139,9.2781],[4.6851,9.2925],[4.6393,9.3082],[4.6171,9.3304],[4.6097,9.3618],[4.5784,9.3881],[4.5012,9.4404],[4.4436,9.5098],[4.3872,9.5622],[4.3506,9.5884],[4.2825,9.6945],[4.2065,9.7822],[4.1712,9.8202],[4.1529,9.8621],[4.1411,9.8608],[4.128,9.8516],[4.1227,9.8608],[4.1241,9.8752],[4.1149,9.8817],[4.0952,9.8778],[4.0952,9.8673],[4.0835,9.8516],[4.0704,9.8568],[4.0573,9.8568],[4.052,9.8634],[4.0389,9.8647],[4.0219,9.8568],[4.0167,9.8686],[4.0114,9.8987],[4.0023,9.9066],[3.9853,9.8935],[3.98,9.9066],[3.946,9.9079],[3.9362,9.9161],[3.9345,9.9275],[3.9591,9.9341],[3.9705,9.9488],[3.9591,9.9603],[3.9411,9.9619],[3.9411,9.9766],[3.9525,9.9783],[3.9492,9.9914],[3.9345,9.9996],[3.9214,9.9996],[3.91,9.9897],[3.887,9.9881],[3.8903,10.0159],[3.9034,10.0192],[3.8641,10.0503],[3.851,10.0552],[3.833,10.047],[3.8233,10.0543],[3.8199,10.0568],[3.8161,9.7046],[3.8106,9.2052],[3.8103,9.1735]]]},"properties":{"lga_pcode":"NG024011","lga_name":"Kaiama","state_pcode":"NG024","state_name":"Kwara"}},
{"type":"Feature","geometry":{"type":"Polygon","coordinates":[[[7.7248,13.0482],[7.7454,13.0514],[7.7505,13.0423],[7.7724,13.0307],[7.7818,13.0338],[7.7961,13.0498],[7.8172,13.0793],[7.8346,13.0804],[7.8469,13.0935],[7.8572,13.0977],[7.8718,13.1126],[7.8909,13.1425],[7.9236,13.1582],[7.936,13.1718],[7.9384,13.2172],[7.9259,13.2301],[7.9021,13.241],[7.8664,13.2532],[7.8344,13.2728],[7.8225,13.2899],[7.818,13.3304],[7.802,13.3316],[7.7657,13.3014],[7.7024,13.2629],[7.6884,13.2501],[7.6802,13.2489],[7.6354,13.222],[7.6415,13.1967],[7.6201,13.1703],[7.6212,13.1609],[7.6341,13.1536],[7.6342,13.1315],[7.6257,13.1177],[7.5936,13.0955],[7.5894,13.0871],[7.5944,13.0701],[7.5997,13.0752],[7.6429,13.0803],[7.6542,13.0771],[7.6612,13.0641],[7.6692,13.0397],[7.6811,13.0258],[7.6938,13.0238],[7.7081,13.0294],[7.7174,13.0444],[7.7248,13.0482]]]},"properties":{"lga_pcode":"NG021018","lga_name":"Kaita","state_pcode":"NG021","state_name":"Katsina"}},
{"type":"Feature","geometry":{"type":"Polygon","coordinates":[[[3.4571,8.0478],[3.4428,8.0592],[3.4395,8.0697],[3.4105,8.0868],[3.4059,8.098],[3.4184,8.1172],[3.4283,8.1237],[3.4329,8.1343],[3.4164,8.1534],[3.3479,8.1942],[3.3406,8.2074],[3.3242,8.212],[3.3103,8.2054],[3.2945,8.1811],[3.2932,8.1646],[3.2853,8.1488],[3.2736,8.1354],[3.2784,8.1178],[3.2774,8.0938],[3.2619,8.0484],[3.2619,8.0063],[3.2834,7.9245],[3.2875,7.9146],[3.3189,7.8857],[3.3701,7.8509],[3.3835,7.847],[3.3894,7.8668],[3.3999,7.8813],[3.4316,7.9024],[3.4434,7.9195],[3.4494,7.9346],[3.4474,7.9669],[3.4599,8.0157],[3.4533,8.0341],[3.4571,8.0478]]]},"properties":{"lga_pcode":"NG031019","lga_name":"Kajola","state_pcode":"NG031","state_name":"Oyo"}},
{"type":"Feature","geometry":{"type":"Polygon","coordinates":[[[8.6246,9.977],[8.611,10.0058],[8.5704,10.0242],[8.5526,10.0242],[8.539,10.0199],[8.4882,9.9883],[8.4768,9.9908],[8.474,10.0238],[8.4868,10.0692],[8.4886,10.1256],[8.4931,10.1501],[8.4862,10.1746],[8.4716,10.1954],[8.4608,10.2174],[8.4421,10.2375],[8.426,10.2424],[8.4026,10.2582],[8.4026,10.2716],[8.3873,10.2822],[8.3711,10.2837],[8.3551,10.2898],[8.3508,10.2971],[8.3532,10.3142],[8.363,10.3343],[8.3671,10.3606],[8.3797,10.3974],[8.3947,10.4305],[8.4061,10.4697],[8.4106,10.4921],[8.4028,10.5053],[8.3728,10.5257],[8.3588,10.5423],[8.3569,10.5506],[8.3617,10.573],[8.3407,10.5799],[8.3081,10.597],[8.2971,10.6129],[8.2396,10.6483],[8.1904,10.6641],[8.1524,10.6726],[8.1333,10.6737],[8.1082,10.6847],[8.0906,10.689],[8.0831,10.6844],[8.0475,10.6871],[8.0297,10.6907],[8.0194,10.7018],[8.01,10.7027],[7.9923,10.6888],[7.9763,10.6822],[7.9398,10.6988],[7.9061,10.6932],[7.8957,10.695],[7.8908,10.6832],[7.8761,10.6736],[7.8762,10.6671],[7.9127,10.6487],[7.9353,10.6395],[7.9455,10.6432],[7.9656,10.6354],[7.9737,10.6206],[7.9959,10.5941],[7.9935,10.5767],[7.986,10.5637],[7.9655,10.5553],[7.9449,10.559],[7.9308,10.5765],[7.9027,10.5653],[7.8756,10.5337],[7.8818,10.5241],[7.9075,10.5125],[7.9431,10.5108],[7.9815,10.5007],[8.0003,10.5035],[8.0293,10.5027],[8.0425,10.5053],[8.0459,10.4799],[8.0527,10.4517],[8.0522,10.4382],[8.0432,10.3916],[8.0318,10.3536],[8.0499,10.3194],[8.0561,10.3157],[8.0854,10.3145],[8.1206,10.2975],[8.1491,10.2743],[8.1638,10.2535],[8.1769,10.2229],[8.2182,10.1568],[8.2203,10.1433],[8.2406,10.098],[8.2503,10.0833],[8.2761,10.0515],[8.2848,10.0454],[8.3389,10.0223],[8.3815,10.0184],[8.4039,10.0033],[8.4141,9.9892],[8.4304,9.9458],[8.4172,9.9226],[8.4356,9.8914],[8.4438,9.8823],[8.4916,9.8682],[8.5028,9.8632],[8.512,9.8501],[8.5192,9.8037],[8.5192,9.7778],[8.5162,9.7372],[8.5258,9.7367],[8.5635,9.744],[8.5854,9.7368],[8.5996,9.7379],[8.6155,9.7424],[8.6204,9.7515],[8.6372,9.7663],[8.6322,9.7877],[8.6288,9.86],[8.6181,9.8827],[8.6196,9.8924],[8.6359,9.9163],[8.6332,9.9316],[8.6229,9.9466],[8.6108,9.9576],[8.6177,9.9753],[8.6246,9.977]]]},"properties":{"lga_pcode":"NG019014","lga_name":"Kauru","state_pcode":"NG019","state_name":"Kaduna"}},
{"type":"Feature","geometry":{"type":"Polygon","coordinates":[[[14.583,11.7511],[14.5971,11.7584],[14.6102,11.7798],[14.6069,11.8077],[14.6109,11.8169],[14.6058,11.8398],[14.6144,11.8532],[14.6074,11.8684],[14.6435,11.9111],[14.6392,11.9304],[14.6451,11.9426],[14.658,11.956],[14.6479,11.9679],[14.6239,12.0172],[14.6249,12.0458],[14.6447,12.0551],[14.6523,12.0671],[14.6416,12.083],[14.6416,12.0931],[14.6532,12.1094],[14.6563,12.1342],[14.6787,12.1508],[14.6738,12.1748],[14.6585,12.1949],[14.6501,12.1885],[14.633,12.1847],[14.6245,12.1784],[14.6157,12.1872],[14.5971,12.2138],[14.5978,12.22],[14.578,12.2227],[14.5555,12.2304],[14.5593,12.2436],[14.5516,12.2553],[14.5485,12.2762],[14.5368,12.287],[14.5174,12.2933],[14.5143,12.3111],[14.519,12.3243],[14.5019,12.3282],[14.4872,12.3406],[14.4772,12.344],[14.4655,12.3553],[14.4515,12.3468],[14.4459,12.3564],[14.4337,12.3608],[14.4189,12.3569],[14.4049,12.3608],[14.3863,12.3561],[14.3581,12.3627],[14.3528,12.358],[14.3575,12.3331],[14.3656,12.3107],[14.3695,12.2837],[14.369,12.2448],[14.3619,12.1946],[14.3627,12.1797],[14.3545,12.1606],[14.3447,12.1065],[14.3383,12.0855],[14.3298,12.0705],[14.3254,12.0606],[14.3188,12.0287],[14.3189,12.0017],[14.3124,11.9429],[14.3143,11.9104],[14.3059,11.8498],[14.3162,11.8401],[14.3465,11.8271],[14.3819,11.8075],[14.4186,11.7948],[14.4512,11.781],[14.4653,11.7785],[14.5109,11.7627],[14.5441,11.761],[14.583,11.7511]]]},"properties":{"lga_pcode":"NG008015","lga_name":"Kala/Balge","state_pcode":"NG008","state_name":"Borno"}},
{"type":"Feature","geometry":{"type":"Polygon","coordinates":[[[3.867,12.4135],[3.8828,12.3938],[3.8999,12.3818],[3.9187,12.3777],[3.955,12.3948],[3.9611,12.4037],[3.9816,12.4048],[3.9879,12.3409],[3.9829,12.3171],[3.9751,12.2959],[3.9734,12.2757],[3.9933,12.2405],[4.0224,12.2316],[4.0598,12.2348],[4.1076,12.2556],[4.1254,12.2576],[4.1287,12.2471],[4.1554,12.2524],[4.1647,12.267],[4.1857,12.2875],[4.2267,12.2967],[4.2424,12.305],[4.2477,12.3275],[4.2117,12.3412],[4.2048,12.3561],[4.1881,12.3707],[4.1589,12.3822],[4.1411,12.3829],[4.112,12.3934],[4.0885,12.415],[4.0811,12.4351],[4.0794,12.493],[4.0693,12.5192],[4.0384,12.5422],[4.0088,12.5298],[3.9979,12.5158],[3.9878,12.4916],[3.9735,12.4713],[3.9362,12.4553],[3.9068,12.4051],[3.8754,12.4135],[3.867,12.4135]]]},"properties":{"lga_pcode":"NG022012","lga_name":"Kalgo","state_pcode":"NG022","state_name":"Kebbi"}},
{"type":"Feature","geometry":{"type":"Polygon","coordinates":[[[11.2745,10.002],[11.2775,9.9891],[11.2708,9.9677],[11.2593,9.9506],[11.2587,9.9321],[11.2626,9.9008],[11.2766,9.8809],[11.2856,9.8545],[11.2871,9.824],[11.2861,9.7969],[11.2924,9.7745],[11.3033,9.7581],[11.3063,9.7218],[11.3062,9.6938],[11.3185,9.6748],[11.3309,9.6632],[11.3792,9.6232],[11.3889,9.6472],[11.4265,9.6873],[11.4546,9.6999],[11.4883,9.6978],[11.5379,9.7013],[11.5669,9.7397],[11.5699,9.7641],[11.5748,9.7787],[11.5788,9.809],[11.578,9.8484],[11.5756,9.8691],[11.5602,9.9235],[11.554,9.9861],[11.5389,10.0189],[11.5368,10.0225],[11.4822,10.0478],[11.4725,10.013],[11.471,9.9799],[11.4616,9.9681],[11.4488,9.9669],[11.4391,9.9746],[11.4252,10.0017],[11.4104,10.0195],[11.3633,10.0311],[11.3267,10.0339],[11.3139,10.0302],[11.3028,10.018],[11.2844,10.0051],[11.2745,10.002]]]},"properties":{"lga_pcode":"NG016007","lga_name":"Kaltungo","state_pcode":"NG016","state_name":"Gombe"}},
{"type":"Feature","geometry":{"type":"Polygon","coordinates":[[[9.9657,9.7738],[9.9465,9.7485],[9.9351,9.7222],[9.9397,9.693],[9.9548,9.6477],[9.9604,9.6223],[9.9539,9.6112],[9.9421,9.609],[9.9068,9.6118],[9.8815,9.6077],[9.8536,9.6067],[9.8168,9.5934],[9.7967,9.5712],[9.7777,9.5512],[9.7469,9.5423],[9.7418,9.5348],[9.767,9.4974],[9.7791,9.4863],[9.7877,9.4655],[9.7913,9.429],[9.786,9.3687],[9.7824,9.3536],[9.7754,9.3443],[9.7613,9.3361],[9.7593,9.3291],[9.7686,9.2963],[9.7894,9.3035],[9.7964,9.2813],[9.8527,9.2847],[9.8634,9.2775],[9.8662,9.2682],[9.8881,9.2537],[9.8815,9.2303],[9.8841,9.2149],[9.9073,9.214],[9.9151,9.2105],[9.9381,9.2135],[9.9531,9.2219],[9.9641,9.2339],[9.9864,9.2388],[9.991,9.2319],[10.0098,9.2284],[10.0239,9.2481],[10.0251,9.2598],[10.0165,9.2691],[9.997,9.2797],[9.9971,9.2901],[10.0605,9.3168],[10.0935,9.3633],[10.1018,9.3912],[10.1184,9.4343],[10.1419,9.4517],[10.1595,9.4586],[10.1713,9.4574],[10.1971,9.4457],[10.2182,9.4421],[10.2511,9.442],[10.2605,9.4443],[10.291,9.4442],[10.3274,9.4359],[10.3489,9.4132],[10.3668,9.4005],[10.3905,9.388],[10.4081,9.383],[10.4939,9.4022],[10.5478,9.4046],[10.5692,9.3998],[10.5784,9.4098],[10.5789,9.4388],[10.5661,9.4653],[10.5417,9.4823],[10.5185,9.5038],[10.5163,9.5106],[10.4997,9.528],[10.4889,9.5526],[10.4654,9.5612],[10.4534,9.5703],[10.4238,9.5845],[10.3827,9.5981],[10.353,9.6161],[10.3269,9.64],[10.3132,9.6433],[10.2974,9.6522],[10.2644,9.6835],[10.2559,9.6883],[10.2302,9.6893],[10.1904,9.6875],[10.1498,9.6816],[10.1408,9.7051],[10.1304,9.722],[10.0829,9.7489],[10.0578,9.7598],[10.0088,9.7687],[10.0031,9.7665],[9.9657,9.7738]]]},"properties":{"lga_pcode":"NG032007","lga_name":"Kanam","state_pcode":"NG032","state_name":"Plateau"}},
{"type":"Feature","geometry":{"type":"Polygon","coordinates":[[[7.404,11.7964],[7.4354,11.7974],[7.4813,11.7904],[7.4987,11.7923],[7.5115,11.8023],[7.5359,11.8152],[7.561,11.819],[7.587,11.8153],[7.5926,11.841],[7.5931,11.8741],[7.5981,11.8897],[7.6139,11.8998],[7.6209,11.9085],[7.617,11.9394],[7.6138,11.9423],[7.5815,11.939],[7.5667,11.95],[7.5403,11.932],[7.5227,11.9273],[7.4945,11.9678],[7.5166,11.9781],[7.5517,12.0047],[7.5564,12.0186],[7.5448,12.0445],[7.5373,12.0462],[7.5195,12.0373],[7.5129,12.0516],[7.5132,12.0775],[7.4975,12.089],[7.4862,12.0925],[7.4631,12.1083],[7.443,12.1038],[7.4312,12.1095],[7.3936,12.1095],[7.3665,12.1117],[7.3594,12.1198],[7.332,12.141],[7.309,12.146],[7.3024,12.1439],[7.2652,12.1438],[7.2511,12.1403],[7.2311,12.1437],[7.2074,12.1679],[7.1897,12.1956],[7.1813,12.221],[7.1459,12.2451],[7.1294,12.2501],[7.1415,12.2259],[7.1525,12.1844],[7.1501,12.1592],[7.1419,12.1372],[7.1261,12.1135],[7.1152,12.0905],[7.0907,12.064],[7.1061,12.0453],[7.1436,12.0152],[7.1533,12.0095],[7.2094,11.9851],[7.2168,11.9583],[7.2265,11.9461],[7.2347,11.9461],[7.2419,11.9333],[7.235,11.9274],[7.2581,11.9082],[7.2723,11.8921],[7.2771,11.8759],[7.2877,11.8575],[7.289,11.8425],[7.2972,11.836],[7.334,11.8324],[7.3416,11.8362],[7.36,11.8319],[7.3892,11.8201],[7.4009,11.8116],[7.404,11.7964]]]},"properties":{"lga_pcode":"NG021019","lga_name":"Kankara","state_pcode":"NG021","state_name":"Katsina"}},
{"type":"Feature","geometry":{"type":"Polygon","coordinates":[[[9.4906,9.5281],[9.4914,9.5027],[9.4828,9.4764],[9.4757,9.4745],[9.4685,9.4513],[9.4845,9.4404],[9.506,9.4337],[9.5235,9.4132],[9.5263,9.3577],[9.512,9.3342],[9.5072,9.3012],[9.5094,9.2755],[9.5147,9.2598],[9.4863,9.2504],[9.4777,9.2429],[9.4739,9.2231],[9.4663,9.2043],[9.4701,9.1836],[9.4862,9.177],[9.5014,9.1779],[9.5279,9.1844],[9.5459,9.1938],[9.5606,9.2102],[9.5774,9.2225],[9.5982,9.2312],[9.6051,9.2489],[9.6229,9.2806],[9.6417,9.2891],[9.6636,9.2746],[9.6808,9.2773],[9.6926,9.2721],[9.6954,9.2529],[9.7081,9.2284],[9.7121,9.2266],[9.7398,9.251],[9.7539,9.2806],[9.7686,9.2963],[9.7593,9.3291],[9.7613,9.3361],[9.7754,9.3443],[9.7824,9.3536],[9.786,9.3687],[9.7913,9.429],[9.7877,9.4655],[9.7791,9.4863],[9.767,9.4974],[9.7418,9.5348],[9.6945,9.5231],[9.6601,9.5177],[9.6459,9.5241],[9.5643,9.5057],[9.5508,9.5052],[9.5193,9.5191],[9.5088,9.54],[9.4906,9.5281]]]},"properties":{"lga_pcode":"NG032008","lga_name":"Kanke","state_pcode":"NG032","state_name":"Plateau"}},
{"type":"Feature","geometry":{"type":"Polygon","coordinates":[[[7.8006,12.6327],[7.7959,12.6174],[7.7676,12.6175],[7.7195,12.6087],[7.7139,12.5976],[7.7152,12.5866],[7.7293,12.5491],[7.7245,12.5228],[7.7294,12.5028],[7.7142,12.4924],[7.7043,12.4737],[7.7289,12.4694],[7.7333,12.464],[7.7161,12.448],[7.7023,12.4184],[7.703,12.38],[7.6885,12.3811],[7.6807,12.392],[7.6762,12.4106],[7.6667,12.4194],[7.6605,12.4402],[7.6538,12.4445],[7.6371,12.4406],[7.6281,12.4321],[7.6289,12.4017],[7.6262,12.3781],[7.6295,12.3671],[7.638,12.3551],[7.6547,12.3558],[7.6686,12.3514],[7.6814,12.3411],[7.6876,12.3203],[7.7133,12.3154],[7.7386,12.3077],[7.7538,12.3077],[7.7657,12.2962],[7.79,12.2844],[7.8081,12.2709],[7.8282,12.2663],[7.8682,12.2454],[7.8701,12.2798],[7.8785,12.3172],[7.8666,12.3308],[7.8283,12.3375],[7.8127,12.3443],[7.8144,12.3606],[7.8648,12.3693],[7.8804,12.3762],[7.8862,12.387],[7.8715,12.4472],[7.8688,12.4669],[7.8705,12.484],[7.8887,12.5004],[7.9217,12.5184],[7.9356,12.5347],[7.9292,12.5541],[7.9349,12.5737],[7.9404,12.5781],[7.9337,12.5864],[7.8983,12.6025],[7.8971,12.6095],[7.8583,12.6128],[7.8312,12.6209],[7.8159,12.622],[7.8006,12.6327]]]},"properties":{"lga_pcode":"NG021020","lga_name":"Kankia","state_pcode":"NG021","state_name":"Katsina"}},
{"type":"Feature","geometry":{"type":"Polygon","coordinates":[[[8.5082,12.0005],[8.5163,11.9825],[8.499,11.9848],[8.5033,11.9644],[8.4881,11.9618],[8.4943,11.9464],[8.5054,11.9538],[8.5185,11.9545],[8.5269,11.9636],[8.5333,11.9801],[8.5326,11.9899],[8.5208,12.0119],[8.5082,12.0005]]]},"properties":{"lga_pcode":"NG020021","lga_name":"Kano Municipal","state_pcode":"NG020","state_name":"Kano"}},
{"type":"Feature","geometry":{"type":"Polygon","coordinates":[[[11.0566,12.8783],[11.068,12.9022],[11.0822,12.9149],[11.0951,12.9198],[11.1278,12.9423],[11.147,12.9495],[11.1677,12.9484],[11.1763,12.9631],[11.1744,12.9729],[11.1644,12.9756],[11.1166,12.9713],[11.0701,12.9748],[11.0462,12.9717],[11.0223,12.9724],[10.9774,12.9647],[10.9533,12.9495],[10.9387,12.9454],[10.9262,12.9496],[10.9117,12.9804],[10.8878,13.0042],[10.8739,13.0123],[10.8663,13.024],[10.872,13.0427],[10.8934,13.0624],[10.9008,13.082],[10.903,13.1067],[10.9083,13.122],[10.9261,13.1373],[10.9356,13.1578],[10.9326,13.1732],[10.9232,13.1773],[10.896,13.1764],[10.8532,13.1695],[10.8469,13.1654],[10.7904,13.1441],[10.7757,13.136],[10.7454,13.1259],[10.724,13.1142],[10.7101,13.1019],[10.6913,13.0707],[10.6613,13.0571],[10.6367,13.05],[10.6075,13.0456],[10.5862,13.047],[10.5597,13.0536],[10.5348,13.0545],[10.5048,13.0428],[10.4922,13.0149],[10.4889,12.9916],[10.5117,12.9433],[10.5274,12.9239],[10.547,12.9083],[10.571,12.8969],[10.5835,12.8866],[10.5949,12.866],[10.5708,12.8425],[10.5599,12.8352],[10.527,12.8394],[10.5089,12.8249],[10.5242,12.8208],[10.5414,12.8234],[10.5619,12.8213],[10.5777,12.8069],[10.5851,12.8219],[10.6196,12.8336],[10.6369,12.8436],[10.6706,12.8578],[10.7128,12.8645],[10.7452,12.8654],[10.7724,12.8775],[10.8141,12.8773],[10.8235,12.8814],[10.8381,12.8772],[10.8559,12.8802],[10.8871,12.869],[10.9167,12.8665],[10.9573,12.8657],[10.9918,12.8719],[11.0298,12.8916],[11.041,12.8901],[11.0566,12.8783]]]},"properties":{"lga_pcode":"NG036010","lga_name":"Karasuwa","state_pcode":"NG036","state_name":"Yobe"}},
{"type":"Feature","geometry":{"type":"Polygon","coordinates":[[[7.8748,11.7836],[7.8829,11.7479],[7.8814,11.7246],[7.9099,11.6765],[7.9092,11.6539],[7.9299,11.6387],[7.9416,11.638],[7.9682,11.6435],[7.9994,11.6492],[8.0171,11.6777],[8.0442,11.6693],[8.0672,11.677],[8.0742,11.7122],[8.0903,11.7512],[8.0958,11.7595],[8.1291,11.7746],[8.1472,11.7865],[8.1438,11.7909],[8.1425,11.8235],[8.1318,11.8451],[8.1164,11.8536],[8.0822,11.8646],[8.0759,11.8615],[8.0526,11.863],[8.0387,11.8602],[8.0244,11.8295],[7.9678,11.8272],[7.9406,11.8205],[7.9343,11.8137],[7.9213,11.7853],[7.905,11.7836],[7.8902,11.79],[7.8748,11.7836]]]},"properties":{"lga_pcode":"NG020022","lga_name":"Karaye","state_pcode":"NG020","state_name":"Kano"}},
{"type":"Feature","geometry":{"type":"Polygon","coordinates":[[[10.5163,9.5106],[10.5185,9.5038],[10.5417,9.4823],[10.5661,9.4653],[10.5789,9.4388],[10.5784,9.4098],[10.5692,9.3998],[10.56,9.3897],[10.5666,9.3726],[10.5599,9.3511],[10.5781,9.3326],[10.5809,9.3134],[10.5778,9.2979],[10.5801,9.2458],[10.5966,9.2234],[10.5999,9.196],[10.6105,9.1895],[10.6104,9.1757],[10.6177,9.1413],[10.6337,9.1305],[10.6361,9.119],[10.6225,9.094],[10.6379,9.0818],[10.6374,9.0558],[10.6298,9.0364],[10.6272,9.019],[10.6063,8.9921],[10.5967,8.9761],[10.5662,8.9696],[10.5098,8.9687],[10.4638,8.9632],[10.4202,8.944],[10.3972,8.9239],[10.3805,8.9145],[10.3691,8.9019],[10.3411,8.8798],[10.3251,8.8566],[10.3051,8.8453],[10.2919,8.8344],[10.2456,8.8044],[10.2636,8.7812],[10.2815,8.7647],[10.2953,8.7636],[10.3135,8.7419],[10.3493,8.7435],[10.3761,8.7205],[10.3876,8.6951],[10.4016,8.6888],[10.4125,8.6779],[10.4597,8.6914],[10.4996,8.7157],[10.5199,8.7218],[10.5285,8.7205],[10.5606,8.7305],[10.5894,8.737],[10.61,8.7362],[10.636,8.7287],[10.6602,8.7246],[10.6738,8.727],[10.7031,8.7231],[10.7646,8.7259],[10.7878,8.7408],[10.7963,8.7429],[10.8313,8.7618],[10.8413,8.7691],[10.8821,8.8107],[10.8995,8.8409],[10.9328,8.9307],[10.9416,8.9622],[10.9662,9.0204],[11.0145,9.0849],[11.0606,9.1233],[11.0824,9.1329],[11.1304,9.1679],[11.1657,9.1799],[11.2082,9.187],[11.2351,9.1969],[11.2602,9.2101],[11.3068,9.2745],[11.3867,9.3213],[11.413,9.345],[11.4345,9.3598],[11.4697,9.3752],[11.5115,9.3979],[11.5259,9.4078],[11.5063,9.434],[11.4974,9.4405],[11.4843,9.4641],[11.47,9.4773],[11.4515,9.5059],[11.4416,9.5332],[11.4296,9.5496],[11.4057,9.5445],[11.3693,9.5475],[11.3203,9.5489],[11.278,9.5473],[11.2547,9.5543],[11.2271,9.5694],[11.1919,9.5581],[11.1613,9.551],[11.0709,9.5512],[11.0355,9.5487],[11.0082,9.5521],[10.9924,9.5593],[10.9781,9.5746],[10.9749,9.5929],[10.9456,9.5939],[10.9055,9.6077],[10.9001,9.6126],[10.876,9.6167],[10.8382,9.6185],[10.7838,9.6108],[10.7704,9.605],[10.7312,9.5652],[10.716,9.5593],[10.6843,9.5423],[10.6724,9.5401],[10.6464,9.5476],[10.6029,9.5629],[10.5891,9.564],[10.5691,9.5527],[10.5211,9.5177],[10.5163,9.5106]]]},"properties":{"lga_pcode":"NG035008","lga_name":"Karim-Lamido","state_pcode":"NG035","state_name":"Taraba"}},
{"type":"Feature","geometry":{"type":"Polygon","coordinates":[[[7.5185,8.6987],[7.5346,8.7028],[7.586,8.6941],[7.6195,8.7031],[7.6511,8.7071],[7.6959,8.7091],[7.7255,8.7135],[7.7432,8.7074],[7.7916,8.6994],[7.8066,8.6942],[7.8313,8.6809],[7.8453,8.6695],[7.8612,8.6677],[7.8762,8.6607],[7.9,8.6545],[7.9282,8.6519],[7.929,8.6783],[7.9246,8.6853],[7.9229,8.7056],[7.9282,8.7329],[7.9326,8.74],[7.9339,8.7875],[7.9277,8.814],[7.9273,8.8352],[7.9124,8.8388],[7.8645,8.8023],[7.8286,8.8052],[7.8196,8.8115],[7.8125,8.8249],[7.8137,8.8612],[7.8035,8.8837],[7.8126,8.9098],[7.8194,8.9276],[7.8863,8.9629],[7.9163,9.0007],[7.9374,9.0483],[7.9519,9.066],[8.0077,9.0697],[8.0294,9.0737],[8.0442,9.0875],[8.056,9.117],[8.0715,9.1474],[8.0986,9.1628],[8.1075,9.1786],[8.1141,9.2025],[8.1149,9.2243],[8.0936,9.2415],[8.0636,9.2722],[8.0458,9.2774],[8.0008,9.3064],[7.9973,9.3178],[8.0017,9.3408],[7.9991,9.354],[7.9806,9.3707],[7.9383,9.4033],[7.9207,9.4051],[7.9148,9.4005],[7.9039,9.3919],[7.8898,9.3743],[7.8546,9.32],[7.8339,9.3108],[7.8206,9.313],[7.8022,9.3254],[7.7676,9.3363],[7.7378,9.3478],[7.7299,9.3319],[7.6676,9.3037],[7.5887,9.1291],[7.5891,9.1076],[7.5923,8.9246],[7.5947,8.8564],[7.5917,8.8349],[7.5414,8.7404],[7.5185,8.6987]]]},"properties":{"lga_pcode":"NG026004","lga_name":"Karu","state_pcode":"NG026","state_name":"Nasarawa"}},
{"type":"Feature","geometry":{"type":"Polygon","coordinates":[[[10.5885,11.6783],[10.5534,11.6723],[10.5274,11.6877],[10.4765,11.7115],[10.4711,11.7194],[10.4623,11.7915],[10.4539,11.8033],[10.4379,11.8167],[10.4215,11.8404],[10.4186,11.8567],[10.3958,11.8335],[10.3941,11.8184],[10.3729,11.7851],[10.3624,11.7738],[10.3322,11.7641],[10.2988,11.7665],[10.2634,11.7445],[10.2539,11.7446],[10.2468,11.7832],[10.2321,11.7955],[10.2218,11.7936],[10.1591,11.759],[10.1415,11.7595],[10.0905,11.794],[10.048,11.8102],[10.0187,11.8022],[10.0045,11.7919],[9.9816,11.7612],[10.0264,11.7462],[10.054,11.7348],[10.0678,11.7263],[10.0716,11.715],[10.0752,11.6807],[10.0839,11.6844],[10.1167,11.6386],[10.1253,11.6207],[10.175,11.5865],[10.1821,11.5518],[10.1912,11.5758],[10.2119,11.6039],[10.2419,11.6053],[10.2763,11.6122],[10.3016,11.6102],[10.3097,11.5998],[10.3278,11.5941],[10.3492,11.5719],[10.369,11.5671],[10.3684,11.5366],[10.3507,11.515],[10.3563,11.5101],[10.3871,11.4927],[10.4042,11.4696],[10.418,11.4643],[10.4314,11.4916],[10.4544,11.5023],[10.4792,11.5022],[10.4945,11.5069],[10.5365,11.5124],[10.5537,11.5128],[10.5832,11.5079],[10.6068,11.5362],[10.6087,11.5535],[10.6044,11.5763],[10.6086,11.6052],[10.5937,11.6388],[10.5892,11.6596],[10.5885,11.6783]]]},"properties":{"lga_pcode":"NG005012","lga_name":"Katagum","state_pcode":"NG005","state_name":"Bauchi"}},
{"type":"Feature","geometry":{"type":"Polygon","coordinates":[[[6.5268,9.23],[6.5073,9.2569],[6.5056,9.2687],[6.4913,9.283],[6.488,9.2964],[6.5031,9.3141],[6.5048,9.3444],[6.5031,9.3637],[6.5065,9.3763],[6.4896,9.4117],[6.4807,9.4237],[6.4451,9.4243],[6.4215,9.4276],[6.403,9.4167],[6.3786,9.3915],[6.3513,9.3893],[6.3138,9.399],[6.2802,9.4024],[6.2709,9.4058],[6.2684,9.4175],[6.2726,9.4327],[6.2802,9.4394],[6.2709,9.4621],[6.2516,9.4756],[6.223,9.4848],[6.2107,9.4994],[6.1986,9.4941],[6.1767,9.4756],[6.1717,9.4588],[6.1725,9.4184],[6.1692,9.4083],[6.1549,9.4016],[6.1431,9.3797],[6.1465,9.3645],[6.1347,9.3477],[6.1372,9.3343],[6.128,9.3124],[6.1465,9.3031],[6.1523,9.2947],[6.1414,9.2804],[6.1456,9.2535],[6.1624,9.2451],[6.1759,9.2451],[6.1818,9.2283],[6.191,9.2291],[6.2003,9.2173],[6.2129,9.2165],[6.2222,9.2089],[6.2171,9.1904],[6.207,9.1829],[6.1843,9.1753],[6.1811,9.1508],[6.1752,9.1383],[6.17,9.1139],[6.1494,9.1073],[6.1436,9.0945],[6.1499,9.0758],[6.1479,9.0672],[6.1306,9.056],[6.1154,9.0372],[6.1103,9.0159],[6.125,8.9595],[6.1347,8.9453],[6.1382,8.9331],[6.1377,8.9138],[6.1321,8.8976],[6.1377,8.8737],[6.1504,8.8488],[6.1723,8.8244],[6.1763,8.8046],[6.1606,8.7919],[6.1646,8.7853],[6.1865,8.7701],[6.2007,8.7701],[6.2271,8.7614],[6.2571,8.7487],[6.2713,8.7498],[6.2921,8.7452],[6.3053,8.7381],[6.3201,8.7365],[6.3352,8.7507],[6.3466,8.7746],[6.333,8.7914],[6.3273,8.8428],[6.3204,8.8578],[6.3041,8.86],[6.2792,8.8545],[6.2762,8.8593],[6.2746,8.887],[6.2824,8.8987],[6.2863,8.9144],[6.2815,8.9345],[6.2822,8.9691],[6.2655,9.0104],[6.2719,9.0257],[6.2688,9.051],[6.2958,9.0778],[6.3172,9.0903],[6.3223,9.1055],[6.2987,9.1467],[6.2962,9.1702],[6.308,9.1913],[6.3189,9.1946],[6.3324,9.2173],[6.3416,9.2258],[6.3702,9.2342],[6.3904,9.251],[6.3996,9.2628],[6.403,9.2804],[6.4417,9.288],[6.4552,9.288],[6.4678,9.283],[6.472,9.272],[6.4854,9.2602],[6.4846,9.2443],[6.4972,9.2417],[6.5065,9.23],[6.5268,9.23]]]},"properties":{"lga_pcode":"NG027010","lga_name":"Katcha","state_pcode":"NG027","state_name":"Niger"}},
{"type":"Feature","geometry":{"type":"Polygon","coordinates":[[[7.6938,13.0238],[7.6811,13.0258],[7.6692,13.0397],[7.6612,13.0641],[7.6542,13.0771],[7.6429,13.0803],[7.5997,13.0752],[7.5944,13.0701],[7.5879,13.0649],[7.5634,13.0279],[7.5481,13.0186],[7.5577,12.9817],[7.5554,12.9738],[7.5595,12.9573],[7.5912,12.9472],[7.6074,12.9379],[7.6179,12.9414],[7.6461,12.981],[7.6604,12.9904],[7.6799,13.0188],[7.6938,13.0238]]]},"properties":{"lga_pcode":"NG021021","lga_name":"Katsina","state_pcode":"NG021","state_name":"Katsina"}},
{"type":"Feature","geometry":{"type":"Polygon","coordinates":[[[9.3156,7.1325],[9.3383,7.1211],[9.4061,7.073],[9.4248,7.1011],[9.4623,7.0885],[9.4841,7.0831],[9.5101,7.083],[9.5373,7.0895],[9.5717,7.1023],[9.5829,7.1003],[9.622,7.0818],[9.647,7.0741],[9.6936,7.0665],[9.7316,7.0669],[9.7664,7.0663],[9.8154,7.1064],[9.8197,7.1085],[9.8231,7.1465],[9.8231,7.1682],[9.8346,7.1994],[9.8352,7.2172],[9.825,7.2546],[9.8408,7.2798],[9.8562,7.326],[9.868,7.3406],[9.867,7.3536],[9.8801,7.3991],[9.8948,7.437],[9.907,7.4968],[9.9212,7.5066],[9.9247,7.5145],[9.9127,7.5344],[9.9045,7.5724],[9.9052,7.6076],[9.9123,7.6377],[9.9052,7.6475],[9.897,7.6432],[9.8698,7.6129],[9.8668,7.5952],[9.855,7.5882],[9.8526,7.5651],[9.8413,7.5348],[9.8283,7.5262],[9.8228,7.5132],[9.8228,7.5001],[9.8173,7.4795],[9.7933,7.4633],[9.7835,7.4677],[9.764,7.4927],[9.7434,7.5014],[9.7263,7.5],[9.7088,7.4717],[9.7063,7.4483],[9.6987,7.4429],[9.6827,7.442],[9.6314,7.4008],[9.6193,7.3997],[9.603,7.4084],[9.5965,7.4192],[9.5878,7.4539],[9.5748,7.4659],[9.5422,7.5028],[9.5314,7.5256],[9.514,7.5267],[9.4998,7.5219],[9.4759,7.5116],[9.4705,7.4888],[9.4389,7.4802],[9.415,7.478],[9.3857,7.4857],[9.3782,7.4839],[9.3642,7.4683],[9.3504,7.4608],[9.3639,7.4412],[9.3606,7.4152],[9.379,7.3913],[9.3801,7.3783],[9.3649,7.3696],[9.317,7.3642],[9.3029,7.3523],[9.2898,7.3285],[9.2898,7.3035],[9.2769,7.2914],[9.2594,7.2417],[9.2572,7.2276],[9.2626,7.2059],[9.2582,7.1755],[9.27,7.1486],[9.2982,7.1412],[9.3156,7.1325]]]},"properties":{"lga_pcode":"NG007009","lga_name":"Katsina-Ala","state_pcode":"NG007","state_name":"Benue"}},
{"type":"Feature","geometry":{"type":"Polygon","coordinates":[[[9.8866,12.3603],[9.8961,12.3757],[9.9162,12.3922],[9.9404,12.4056],[9.9293,12.417],[9.8881,12.4299],[9.7797,12.4349],[9.7514,12.4326],[9.7441,12.4445],[9.7636,12.4692],[9.792,12.4882],[9.7976,12.4978],[9.822,12.5128],[9.8301,12.5256],[9.8317,12.5375],[9.8415,12.5566],[9.8448,12.5812],[9.8521,12.6003],[9.8737,12.6362],[9.8567,12.6732],[9.8228,12.7138],[9.818,12.7353],[9.772,12.7904],[9.7581,12.8094],[9.7265,12.8121],[9.7004,12.8121],[9.7137,12.8008],[9.7323,12.7793],[9.7508,12.745],[9.7629,12.7092],[9.7855,12.6805],[9.796,12.6614],[9.7911,12.6303],[9.7675,12.6113],[9.7635,12.5985],[9.7417,12.5847],[9.7292,12.5868],[9.7156,12.5949],[9.7051,12.5875],[9.6971,12.5744],[9.6905,12.5516],[9.6798,12.5327],[9.6625,12.5184],[9.6506,12.5132],[9.636,12.4781],[9.632,12.4624],[9.6347,12.4406],[9.5941,12.4067],[9.5875,12.3923],[9.6025,12.3815],[9.5993,12.3561],[9.6036,12.3331],[9.6181,12.3297],[9.6416,12.34],[9.6667,12.3368],[9.6966,12.3264],[9.7193,12.3058],[9.7277,12.3017],[9.7342,12.3299],[9.7633,12.3171],[9.7916,12.3242],[9.8151,12.3345],[9.8442,12.3368],[9.8669,12.344],[9.8806,12.3519],[9.8866,12.3603]]]},"properties":{"lga_pcode":"NG018016","lga_name":"Kaugama","state_pcode":"NG018","state_name":"Jigawa"}},
{"type":"Feature","geometry":{"type":"Polygon","coordinates":[[[8.5556,9.5473],[8.555,9.5806],[8.5659,9.5966],[8.5666,9.6217],[8.5537,9.652],[8.5551,9.6636],[8.5625,9.6698],[8.5877,9.667],[8.5966,9.6829],[8.5978,9.6984],[8.5928,9.7213],[8.5996,9.7379],[8.5854,9.7368],[8.5635,9.744],[8.5258,9.7367],[8.5162,9.7372],[8.5166,9.7257],[8.4977,9.717],[8.4876,9.7088],[8.4752,9.6893],[8.4522,9.6855],[8.4433,9.688],[8.4104,9.6895],[8.3938,9.6986],[8.385,9.7077],[8.3731,9.7109],[8.3639,9.6999],[8.3625,9.6826],[8.3442,9.6525],[8.3195,9.6191],[8.316,9.6082],[8.3261,9.5954],[8.3367,9.5895],[8.3808,9.5102],[8.3941,9.4955],[8.412,9.4967],[8.4378,9.5066],[8.4751,9.5177],[8.5318,9.5411],[8.5556,9.5473]]]},"properties":{"lga_pcode":"NG019013","lga_name":"Kaura","state_pcode":"NG019","state_name":"Kaduna"}},
{"type":"Feature","geometry":{"type":"Polygon","coordinates":[[[6.7257,12.59],[6.7319,12.5986],[6.7378,12.6212],[6.7325,12.6264],[6.7133,12.6293],[6.6869,12.6434],[6.6578,12.6517],[6.6466,12.6601],[6.5994,12.6712],[6.5779,12.6837],[6.5478,12.6778],[6.5367,12.6597],[6.5246,12.6484],[6.5063,12.643],[6.4818,12.6496],[6.4696,12.648],[6.4497,12.651],[6.4373,12.5948],[6.4407,12.5795],[6.4359,12.5371],[6.4421,12.5253],[6.4428,12.5052],[6.4566,12.4813],[6.4718,12.4646],[6.4852,12.4684],[6.5025,12.4656],[6.5463,12.4517],[6.5595,12.4441],[6.5831,12.4066],[6.5914,12.3962],[6.6137,12.3809],[6.6241,12.3684],[6.6296,12.3503],[6.6525,12.3142],[6.6748,12.31],[6.6887,12.317],[6.7323,12.3226],[6.7588,12.308],[6.8097,12.2849],[6.8334,12.2806],[6.8535,12.2819],[6.8617,12.2914],[6.8359,12.3261],[6.7845,12.3629],[6.7664,12.3814],[6.6976,12.4053],[6.6885,12.4282],[6.6712,12.4612],[6.6786,12.4832],[6.6652,12.5238],[6.6703,12.5599],[6.6755,12.5712],[6.6869,12.5826],[6.7136,12.5842],[6.7257,12.59]]]},"properties":{"lga_pcode":"NG037008","lga_name":"Kaura Namoda","state_pcode":"NG037","state_name":"Zamfara"}},
{"type":"Feature","geometry":{"type":"Polygon","coordinates":[[[7.6093,10.1668],[7.6193,10.1516],[7.6471,10.1204],[7.6542,10.1012],[7.6604,10.0679],[7.6707,10.0397],[7.684,10.0317],[7.7064,10.0338],[7.7257,10.0308],[7.7584,10.0208],[7.7768,10.0007],[7.791,9.9998],[7.8093,10.019],[7.8285,10.0614],[7.8621,10.0646],[7.8787,10.0634],[7.9009,10.0727],[7.9434,10.0863],[7.9652,10.09],[7.9807,10.0974],[8.0216,10.1024],[8.0546,10.0976],[8.0802,10.1038],[8.1408,10.126],[8.1639,10.1321],[8.2182,10.1568],[8.1769,10.2229],[8.1638,10.2535],[8.1491,10.2743],[8.1206,10.2975],[8.0854,10.3145],[8.0561,10.3157],[8.0499,10.3194],[8.0318,10.3536],[8.0432,10.3916],[8.0522,10.4382],[8.0527,10.4517],[8.0459,10.4799],[8.0425,10.5053],[8.0293,10.5027],[8.0003,10.5035],[7.9815,10.5007],[7.9431,10.5108],[7.9075,10.5125],[7.8818,10.5241],[7.8565,10.4941],[7.8322,10.4904],[7.8183,10.494],[7.8097,10.505],[7.7921,10.5124],[7.7713,10.4976],[7.7621,10.4777],[7.7294,10.4615],[7.7183,10.4597],[7.6948,10.4251],[7.6678,10.405],[7.6341,10.387],[7.6106,10.3658],[7.6197,10.338],[7.6175,10.3268],[7.5934,10.3035],[7.5801,10.2876],[7.5653,10.2606],[7.565,10.252],[7.5863,10.1994],[7.6023,10.181],[7.6093,10.1668]]]},"properties":{"lga_pcode":"NG019012","lga_name":"Kajuru","state_pcode":"NG019","state_name":"Kaduna"}},
{"type":"Feature","geometry":{"type":"Polygon","coordinates":[[[8.7267,12.6876],[8.715,12.6982],[8.7016,12.703],[8.6942,12.6909],[8.6771,12.7052],[8.6478,12.6912],[8.6359,12.6984],[8.6121,12.6867],[8.5911,12.6799],[8.5624,12.6597],[8.5565,12.6462],[8.54,12.6461],[8.5313,12.6682],[8.534,12.6888],[8.5441,12.7015],[8.5463,12.7142],[8.538,12.7279],[8.5016,12.7366],[8.4851,12.7328],[8.4582,12.7022],[8.4221,12.7048],[8.3956,12.6995],[8.3977,12.6919],[8.3693,12.6627],[8.3596,12.6311],[8.3629,12.6144],[8.3994,12.5947],[8.4191,12.5984],[8.4314,12.6047],[8.4401,12.6024],[8.4635,12.5843],[8.4993,12.586],[8.5347,12.5903],[8.5498,12.5992],[8.5646,12.5953],[8.598,12.5976],[8.6196,12.589],[8.6482,12.5952],[8.6469,12.6072],[8.6551,12.635],[8.6757,12.6405],[8.6825,12.6485],[8.6793,12.6602],[8.6944,12.6706],[8.7267,12.6876]]]},"properties":{"lga_pcode":"NG018017","lga_name":"Kazaure","state_pcode":"NG018","state_name":"Jigawa"}},
{"type":"Feature","geometry":{"type":"Polygon","coordinates":[[[8.9564,8.2541],[8.9617,8.2708],[8.9591,8.2814],[8.9297,8.276],[8.891,8.2731],[8.8817,8.2763],[8.8408,8.3],[8.8218,8.3012],[8.8005,8.2894],[8.7876,8.278],[8.7674,8.2657],[8.7448,8.2593],[8.6933,8.2598],[8.6614,8.2647],[8.6217,8.2598],[8.5967,8.253],[8.5532,8.268],[8.5306,8.2962],[8.52,8.3186],[8.5069,8.3374],[8.4915,8.3468],[8.4651,8.3546],[8.469,8.3256],[8.4727,8.1425],[8.5037,8.1582],[8.5244,8.1573],[8.5424,8.1487],[8.5656,8.1539],[8.5885,8.1561],[8.595,8.1528],[8.6217,8.1202],[8.6371,8.1162],[8.6967,8.0964],[8.7805,8.0752],[8.8419,8.0671],[8.9108,8.0563],[8.9713,8.0576],[9.0254,8.0626],[9.057,8.0776],[9.0395,8.1055],[9.0234,8.1392],[9.0087,8.1608],[8.9959,8.1696],[8.9822,8.1892],[8.9655,8.2015],[8.9476,8.2226],[8.9421,8.2434],[8.9564,8.2541]]]},"properties":{"lga_pcode":"NG026005","lga_name":"Keana","state_pcode":"NG026","state_name":"Nasarawa"}},
{"type":"Feature","geometry":{"type":"Polygon","coordinates":[[[4.9429,11.7325],[4.9285,11.7408],[4.9193,11.7771],[4.9222,11.8],[4.9415,11.8424],[4.9444,11.8808],[4.9484,11.8968],[4.9474,11.936],[4.9564,12.0294],[4.9564,12.1078],[4.9574,12.16],[4.9524,12.2183],[4.9511,12.2493],[4.9243,12.2283],[4.9032,12.2253],[4.8831,12.2333],[4.8339,12.2293],[4.8037,12.2323],[4.7837,12.2303],[4.7608,12.2116],[4.733,12.1938],[4.6995,12.1768],[4.669,12.1553],[4.6523,12.1385],[4.6028,12.1188],[4.5648,12.1062],[4.5707,12.0915],[4.5777,12.0548],[4.5659,11.9847],[4.5622,11.9776],[4.5612,11.9298],[4.557,11.8984],[4.5413,11.8765],[4.5351,11.8634],[4.5376,11.8276],[4.5447,11.8035],[4.532,11.794],[4.5213,11.7766],[4.5045,11.7696],[4.4921,11.7449],[4.4707,11.7348],[4.4366,11.7137],[4.4252,11.7101],[4.4131,11.7173],[4.4079,11.736],[4.4003,11.7467],[4.3858,11.7499],[4.3615,11.7413],[4.3487,11.7275],[4.3722,11.7017],[4.3862,11.6814],[4.3987,11.6798],[4.4097,11.6564],[4.4479,11.6189],[4.4705,11.5939],[4.4774,11.5896],[4.4876,11.5831],[4.5057,11.5856],[4.544,11.6201],[4.547,11.6291],[4.5597,11.6356],[4.5665,11.6474],[4.5809,11.6612],[4.6054,11.6561],[4.6207,11.6569],[4.6284,11.6669],[4.6453,11.6723],[4.6698,11.6653],[4.6783,11.6584],[4.6997,11.6592],[4.7281,11.6761],[4.7496,11.6746],[4.7649,11.6899],[4.7833,11.6983],[4.7956,11.7252],[4.8048,11.7275],[4.824,11.7229],[4.8401,11.7106],[4.867,11.7267],[4.8877,11.7259],[4.8938,11.7114],[4.9122,11.7198],[4.9325,11.7198],[4.9429,11.7325]]]},"properties":{"lga_pcode":"NG034010","lga_name":"Kebbe","state_pcode":"NG034","state_name":"Sokoto"}},
{"type":"Feature","geometry":{"type":"Polygon","coordinates":[[[7.9273,8.8352],[7.9176,8.8762],[7.9059,8.8892],[7.888,8.8998],[7.8743,8.9024],[7.8401,8.9026],[7.8186,8.9056],[7.8126,8.9098],[7.8035,8.8837],[7.8137,8.8612],[7.8125,8.8249],[7.8196,8.8115],[7.8286,8.8052],[7.8645,8.8023],[7.9124,8.8388],[7.9273,8.8352]]]},"properties":{"lga_pcode":"NG026006","lga_name":"Keffi","state_pcode":"NG026","state_name":"Nasarawa"}},
{"type":"Feature","geometry":{"type":"Polygon","coordinates":[[[7.4582,4.5713],[7.4759,4.5743],[7.4975,4.5576],[7.5004,4.5407],[7.5178,4.532],[7.5294,4.5437],[7.5273,4.5606],[7.5389,4.5657],[7.5451,4.5796],[7.5293,4.6048],[7.5197,4.631],[7.5232,4.6572],[7.5185,4.6697],[7.5207,4.6847],[7.5279,4.6931],[7.537,4.7019],[7.5452,4.7191],[7.5455,4.7323],[7.5239,4.7532],[7.5252,4.7797],[7.5215,4.7885],[7.5016,4.8078],[7.489,4.8018],[7.4477,4.8001],[7.4328,4.8149],[7.4198,4.8072],[7.3827,4.8073],[7.3709,4.7832],[7.3465,4.7787],[7.3212,4.7831],[7.3251,4.7584],[7.3397,4.7401],[7.3447,4.7293],[7.3488,4.6916],[7.356,4.6784],[7.3471,4.6752],[7.3441,4.6645],[7.3305,4.6413],[7.3248,4.6195],[7.3154,4.5976],[7.3213,4.5906],[7.3327,4.5816],[7.362,4.5674],[7.3851,4.5733],[7.4076,4.5666],[7.4451,4.5735],[7.4582,4.5713]]]},"properties":{"lga_pcode":"NG033014","lga_name":"Khana","state_pcode":"NG033","state_name":"Rivers"}},
{"type":"Feature","geometry":{"type":"Polygon","coordinates":[[[8.6355,11.634],[8.6457,11.6113],[8.6347,11.5911],[8.6185,11.5756],[8.6138,11.5657],[8.6206,11.5566],[8.6191,11.5397],[8.6019,11.5131],[8.5928,11.4786],[8.5962,11.4484],[8.6041,11.423],[8.6038,11.3985],[8.5924,11.3911],[8.6014,11.3658],[8.6174,11.3457],[8.6469,11.3774],[8.6626,11.3833],[8.6768,11.401],[8.7067,11.4187],[8.7418,11.4365],[8.7529,11.4474],[8.7645,11.469],[8.7705,11.4983],[8.7707,11.5252],[8.7647,11.5634],[8.764,11.582],[8.7686,11.6183],[8.7617,11.6353],[8.7484,11.635],[8.7252,11.6291],[8.6773,11.6386],[8.6355,11.634]]]},"properties":{"lga_pcode":"NG020023","lga_name":"Kibiya","state_pcode":"NG020","state_name":"Kano"}},
{"type":"Feature","geometry":{"type":"Polygon","coordinates":[[[10.8351,10.3951],[10.8258,10.4202],[10.8092,10.4343],[10.7935,10.4599],[10.7849,10.4679],[10.7658,10.4776],[10.7283,10.4862],[10.7049,10.4945],[10.6603,10.5008],[10.6392,10.5023],[10.6169,10.5083],[10.5773,10.5376],[10.5588,10.5609],[10.5535,10.5736],[10.5536,10.5952],[10.5421,10.629],[10.5148,10.6653],[10.5032,10.6761],[10.4787,10.6878],[10.4764,10.6723],[10.4671,10.6611],[10.4493,10.6487],[10.4257,10.6409],[10.3563,10.628],[10.3162,10.6135],[10.2854,10.5839],[10.2675,10.56],[10.2579,10.5417],[10.2375,10.4947],[10.2143,10.4789],[10.2395,10.449],[10.2532,10.4272],[10.2614,10.398],[10.2758,10.3125],[10.2759,10.2781],[10.2735,10.2686],[10.2977,10.2788],[10.3105,10.2769],[10.3317,10.2814],[10.3537,10.2822],[10.4235,10.2738],[10.4354,10.2692],[10.4712,10.2472],[10.4794,10.2335],[10.4986,10.2216],[10.5399,10.2133],[10.5767,10.2159],[10.63,10.2247],[10.6677,10.2291],[10.7668,10.2232],[10.8017,10.2121],[10.8314,10.1985],[10.8393,10.2152],[10.8512,10.2242],[10.8572,10.2357],[10.8457,10.2669],[10.8318,10.2821],[10.8261,10.2937],[10.8336,10.3408],[10.8351,10.3951]]]},"properties":{"lga_pcode":"NG005013","lga_name":"Kirfi","state_pcode":"NG005","state_name":"Bauchi"}},
{"type":"Feature","geometry":{"type":"Polygon","coordinates":[[[10.259,12.4228],[10.2857,12.4496],[10.2962,12.4544],[10.3376,12.4656],[10.3398,12.5066],[10.3319,12.5384],[10.3376,12.5639],[10.3361,12.5902],[10.3394,12.6124],[10.3597,12.6315],[10.3646,12.6426],[10.3687,12.6809],[10.3578,12.7119],[10.362,12.7614],[10.356,12.7839],[10.3085,12.7813],[10.2751,12.7456],[10.2492,12.7282],[10.2272,12.7437],[10.2158,12.7447],[10.2077,12.7388],[10.1951,12.711],[10.1885,12.704],[10.1956,12.6957],[10.1972,12.6814],[10.189,12.6623],[10.1841,12.6392],[10.1606,12.6305],[10.1799,12.6074],[10.1702,12.5843],[10.1547,12.5732],[10.1402,12.5765],[10.1369,12.5653],[10.1247,12.5574],[10.1045,12.5591],[10.0948,12.5702],[10.0834,12.5416],[10.0656,12.521],[10.06,12.5047],[10.0696,12.5026],[10.0727,12.4716],[10.0787,12.4629],[10.0779,12.4421],[10.0596,12.4406],[10.0556,12.4235],[10.0641,12.4199],[10.1151,12.4165],[10.1248,12.4143],[10.1549,12.417],[10.2075,12.4164],[10.259,12.4228]]]},"properties":{"lga_pcode":"NG018018","lga_name":"Kiri Kasamma","state_pcode":"NG018","state_name":"Jigawa"}},
{"type":"Feature","geometry":{"type":"Polygon","coordinates":[[[8.2926,11.731],[8.2874,11.7471],[8.2865,11.7739],[8.2765,11.7837],[8.2568,11.7881],[8.2233,11.7812],[8.2125,11.7878],[8.1795,11.8007],[8.1472,11.7865],[8.1291,11.7746],[8.0958,11.7595],[8.0903,11.7512],[8.0742,11.7122],[8.0672,11.677],[8.0442,11.6693],[8.0171,11.6777],[7.9994,11.6492],[7.9682,11.6435],[7.9725,11.6192],[7.9697,11.6004],[7.9855,11.5811],[8.0018,11.5478],[8.0176,11.5309],[8.0388,11.5223],[8.0403,11.5153],[8.0341,11.4906],[8.0373,11.4847],[8.0527,11.4806],[8.0817,11.4919],[8.1019,11.5091],[8.1205,11.5155],[8.1488,11.5136],[8.159,11.5084],[8.1695,11.4873],[8.1649,11.4518],[8.1427,11.4196],[8.1308,11.3924],[8.136,11.3774],[8.1636,11.355],[8.1874,11.3406],[8.2008,11.3236],[8.22,11.309],[8.2582,11.3161],[8.2744,11.3062],[8.2979,11.3131],[8.3014,11.3301],[8.2782,11.3436],[8.2547,11.3498],[8.2379,11.3621],[8.2171,11.3917],[8.2083,11.4089],[8.2026,11.4402],[8.2063,11.4659],[8.2192,11.4978],[8.2297,11.532],[8.2267,11.5494],[8.2318,11.5717],[8.2252,11.5913],[8.2246,11.6099],[8.2531,11.6608],[8.2464,11.691],[8.2341,11.7098],[8.2423,11.7165],[8.2797,11.7132],[8.2926,11.731]]]},"properties":{"lga_pcode":"NG020024","lga_name":"Kiru","state_pcode":"NG020","state_name":"Kano"}},
{"type":"Feature","geometry":{"type":"Polygon","coordinates":[[[9.6609,11.7294],[9.6398,11.736],[9.6267,11.76],[9.6335,11.7808],[9.6528,11.793],[9.6736,11.787],[9.6713,11.8223],[9.6789,11.8374],[9.6795,11.8619],[9.6886,11.8727],[9.6981,11.8745],[9.7177,11.8566],[9.7592,11.8763],[9.83,11.8903],[9.8376,11.8935],[9.8487,11.9189],[9.8592,11.9321],[9.882,11.9504],[9.8941,11.9521],[9.8769,11.9773],[9.8631,11.9863],[9.8211,11.9979],[9.8183,11.9744],[9.8098,11.9687],[9.7815,11.972],[9.7613,11.9696],[9.7136,11.9506],[9.6893,11.9331],[9.6392,11.9284],[9.6199,11.9309],[9.5965,11.9508],[9.586,11.9731],[9.5593,11.9724],[9.5391,11.966],[9.5229,11.9469],[9.5116,11.9422],[9.4368,11.9275],[9.4146,11.9169],[9.4097,11.8699],[9.4057,11.8555],[9.3919,11.8277],[9.3741,11.8086],[9.3717,11.7975],[9.3846,11.7799],[9.3942,11.7393],[9.3974,11.7059],[9.4131,11.6941],[9.4354,11.6863],[9.4484,11.6704],[9.4557,11.652],[9.4619,11.6199],[9.5327,11.6737],[9.5641,11.6936],[9.5956,11.7101],[9.6609,11.7294]]]},"properties":{"lga_pcode":"NG018019","lga_name":"Kiyawa","state_pcode":"NG018","state_name":"Jigawa"}},
{"type":"Feature","geometry":{"type":"Polygon","coordinates":[[[6.8276,8.4535],[6.8248,8.4327],[6.8321,8.4171],[6.8248,8.4042],[6.8377,8.3968],[6.8229,8.3674],[6.8073,8.3426],[6.7908,8.3306],[6.7724,8.3352],[6.7669,8.3086],[6.7512,8.3049],[6.7614,8.293],[6.7614,8.2727],[6.7439,8.2654],[6.7301,8.2838],[6.72,8.2746],[6.7259,8.2507],[6.7181,8.2433],[6.7145,8.2295],[6.7126,8.202],[6.6913,8.183],[6.7076,8.1496],[6.7177,8.133],[6.7453,8.1018],[6.7618,8.0889],[6.7793,8.0448],[6.7774,7.9979],[6.7848,7.9538],[6.7903,7.9363],[6.7921,7.9151],[6.7903,7.8857],[6.7747,7.8297],[6.7694,7.8004],[6.788,7.8113],[6.799,7.8232],[6.8257,7.8333],[6.8496,7.8499],[6.9167,7.8646],[6.9636,7.8793],[6.9526,7.9179],[6.9608,7.9427],[6.9636,7.9602],[6.9783,7.9859],[6.9792,8.0006],[6.9709,8.0301],[6.987,8.0779],[6.9834,8.1155],[7.0027,8.167],[7.0008,8.1817],[6.9797,8.2111],[6.9723,8.2249],[6.9705,8.2452],[6.965,8.2654],[6.953,8.2838],[6.9346,8.3012],[6.9558,8.3591],[6.9576,8.3748],[6.9696,8.3913],[6.9842,8.4594],[6.9461,8.4589],[6.8276,8.4535]]]},"properties":{"lga_pcode":"NG023011","lga_name":"Kogi","state_pcode":"NG023","state_name":"Kogi"}},
{"type":"Feature","geometry":{"type":"Polygon","coordinates":[[[4.3433,11.1871],[4.3515,11.1839],[4.3701,11.1922],[4.3872,11.2057],[4.4079,11.2026],[4.4273,11.191],[4.4511,11.1733],[4.4613,11.1625],[4.4863,11.1609],[4.4967,11.1753],[4.4942,11.2165],[4.5104,11.2684],[4.5176,11.3425],[4.525,11.3686],[4.5463,11.4139],[4.5567,11.4245],[4.5749,11.4361],[4.5766,11.4503],[4.5669,11.4569],[4.5396,11.4677],[4.5244,11.4787],[4.5063,11.5142],[4.4976,11.52],[4.4928,11.5329],[4.4925,11.5515],[4.4886,11.5672],[4.4774,11.5896],[4.4705,11.5939],[4.4479,11.6189],[4.4097,11.6564],[4.3987,11.6798],[4.3862,11.6814],[4.3722,11.7017],[4.3487,11.7275],[4.327,11.7189],[4.3109,11.7261],[4.305,11.7237],[4.2932,11.7176],[4.2854,11.7017],[4.2668,11.7009],[4.2575,11.6798],[4.2535,11.6603],[4.2403,11.665],[4.2379,11.6556],[4.2144,11.6603],[4.2078,11.6396],[4.2072,11.6146],[4.2112,11.5952],[4.2227,11.5759],[4.2615,11.5523],[4.2916,11.5499],[4.3215,11.5651],[4.3298,11.5726],[4.358,11.5739],[4.3806,11.5658],[4.3882,11.5585],[4.3885,11.54],[4.3681,11.5147],[4.3627,11.4989],[4.3727,11.4518],[4.3804,11.4343],[4.3768,11.4213],[4.3487,11.4154],[4.3344,11.4041],[4.332,11.3942],[4.3029,11.3768],[4.2823,11.3694],[4.2181,11.3567],[4.2044,11.3414],[4.2083,11.2988],[4.2201,11.2747],[4.2491,11.2613],[4.2697,11.2312],[4.3157,11.201],[4.3433,11.1871]]]},"properties":{"lga_pcode":"NG022013","lga_name":"Koko/Besse","state_pcode":"NG022","state_name":"Kebbi"}},
{"type":"Feature","geometry":{"type":"Polygon","coordinates":[[[8.1654,9.0712],[8.1431,9.0545],[8.1281,9.0492],[8.1079,9.0527],[8.1026,9.0633],[8.1008,9.0809],[8.0986,9.1628],[8.0715,9.1474],[8.056,9.117],[8.0442,9.0875],[8.0294,9.0737],[8.0077,9.0697],[7.9519,9.066],[7.9374,9.0483],[7.9163,9.0007],[7.8863,8.9629],[7.8194,8.9276],[7.8126,8.9098],[7.8186,8.9056],[7.8401,8.9026],[7.8743,8.9024],[7.888,8.8998],[7.9059,8.8892],[7.9176,8.8762],[7.9273,8.8352],[7.9277,8.814],[7.9339,8.7875],[7.9326,8.74],[7.9282,8.7329],[7.9229,8.7056],[7.9246,8.6853],[7.929,8.6783],[7.9282,8.6519],[7.9188,8.6191],[7.9066,8.5503],[7.9112,8.5354],[7.9354,8.5096],[8.0433,8.3867],[8.0845,8.3519],[8.1034,8.3612],[8.1266,8.3661],[8.1675,8.3675],[8.1915,8.3795],[8.2028,8.3922],[8.2071,8.4058],[8.2371,8.4405],[8.2517,8.4721],[8.261,8.5114],[8.2719,8.5266],[8.2906,8.538],[8.2701,8.5464],[8.2026,8.567],[8.1762,8.5658],[8.1828,8.6078],[8.1969,8.6457],[8.2057,8.6589],[8.2162,8.6871],[8.2286,8.695],[8.2519,8.6959],[8.259,8.7083],[8.259,8.7188],[8.2422,8.7215],[8.2387,8.7523],[8.2466,8.7726],[8.2457,8.7946],[8.2537,8.8122],[8.2546,8.843],[8.2513,8.8534],[8.2475,8.8783],[8.2316,8.903],[8.2311,8.94],[8.2023,8.9599],[8.1978,8.9722],[8.1944,9.0186],[8.1972,9.0258],[8.1654,9.0712]]]},"properties":{"lga_pcode":"NG026007","lga_name":"Kokona","state_pcode":"NG026","state_name":"Nasarawa"}},
{"type":"Feature","geometry":{"type":"Polygon","coordinates":[[[6.1474,4.9406],[6.1598,4.9398],[6.2071,4.9738],[6.2486,5.0098],[6.2612,5.023],[6.2676,5.0471],[6.2831,5.0612],[6.2987,5.0626],[6.3219,5.0856],[6.3583,5.0938],[6.3957,5.1373],[6.4011,5.1549],[6.3977,5.1707],[6.3885,5.1936],[6.3793,5.1887],[6.3389,5.1862],[6.3012,5.1873],[6.265,5.1786],[6.2544,5.1709],[6.2192,5.1302],[6.2031,5.1026],[6.1867,5.0829],[6.1651,5.0501],[6.1558,5.0202],[6.1421,4.9983],[6.1474,4.9406]]]},"properties":{"lga_pcode":"NG006003","lga_name":"Kolokuma/Opokuma","state_pcode":"NG006","state_name":"Bayelsa"}},
{"type":"Feature","geometry":{"type":"Polygon","coordinates":[[[13.7317,11.7295],[13.7485,11.7475],[13.7592,11.7633],[13.7368,11.7772],[13.6964,11.8071],[13.6635,11.8234],[13.6411,11.8239],[13.6186,11.8207],[13.599,11.8246],[13.5754,11.8088],[13.5463,11.7944],[13.5146,11.7932],[13.4902,11.7882],[13.4436,11.791],[13.4237,11.784],[13.4059,11.7811],[13.3463,11.7771],[13.3152,11.7637],[13.2778,11.7688],[13.2632,11.7756],[13.2501,11.7897],[13.2558,11.8091],[13.265,11.8214],[13.2892,11.8361],[13.2496,11.8484],[13.2328,11.8346],[13.2259,11.8184],[13.2233,11.7917],[13.2308,11.7781],[13.2512,11.7551],[13.2693,11.7463],[13.2858,11.7286],[13.2898,11.7171],[13.2859,11.699],[13.267,11.6885],[13.2189,11.6942],[13.205,11.7075],[13.2045,11.7199],[13.1966,11.7325],[13.1856,11.74],[13.1695,11.7407],[13.1484,11.7309],[13.1196,11.7103],[13.0718,11.6927],[13.0448,11.691],[13.0219,11.7002],[13.0115,11.7197],[13.0206,11.7486],[13.0367,11.7592],[13.0528,11.7823],[13.068,11.8297],[13.0821,11.8518],[13.0878,11.8668],[13.0891,11.8908],[13.0809,11.9246],[13.0692,11.9906],[13.0687,12.0165],[13.075,12.0473],[13.0746,12.1012],[13.09,12.1362],[13.1042,12.1545],[13.1238,12.1636],[13.1495,12.1558],[13.1349,12.1769],[13.1238,12.1997],[13.0714,12.1781],[13.0608,12.1696],[13.0465,12.1648],[13.0335,12.1497],[13.0302,12.1374],[13.0081,12.0974],[13.0069,12.0771],[12.999,12.059],[12.9783,12.0332],[12.9695,12.016],[12.9552,12.003],[12.9648,11.9887],[12.9693,11.9606],[12.9817,11.933],[12.9826,11.9217],[12.9684,11.9034],[12.9385,11.8869],[12.846,11.8665],[12.7605,11.8648],[12.7427,11.8713],[12.7249,11.8841],[12.7124,11.9093],[12.7063,11.9321],[12.7064,11.9484],[12.7196,11.9911],[12.7199,12.015],[12.7071,12.0151],[12.6849,11.9625],[12.6578,11.9351],[12.6423,11.9251],[12.5677,11.9202],[12.6028,11.9007],[12.6319,11.8809],[12.657,11.8502],[12.676,11.8166],[12.6924,11.7621],[12.6864,11.7458],[12.6693,11.7352],[12.6511,11.7049],[12.6444,11.6795],[12.6329,11.6605],[12.6241,11.6181],[12.6352,11.5716],[12.6407,11.5147],[12.6642,11.476],[12.6676,11.457],[12.667,11.4215],[12.6467,11.3973],[12.6091,11.3777],[12.6105,11.3638],[12.6229,11.3544],[12.6431,11.3465],[12.6837,11.3424],[12.6945,11.3374],[12.6946,11.326],[12.7054,11.2942],[12.7053,11.2735],[12.6878,11.2653],[12.6967,11.2632],[12.7529,11.2355],[12.7737,11.2162],[12.7797,11.1779],[12.7942,11.1794],[12.8232,11.1884],[12.8316,11.2061],[12.8417,11.241],[12.855,11.2759],[12.8615,11.2822],[12.8776,11.282],[12.8925,11.2682],[12.8991,11.2722],[12.9238,11.2746],[12.9509,11.2872],[12.9681,11.3033],[12.9895,11.3105],[13.0115,11.3224],[13.0222,11.3346],[13.0289,11.353],[13.042,11.3717],[13.0531,11.4021],[13.0527,11.4181],[13.0635,11.4303],[13.0834,11.4368],[13.1106,11.4359],[13.1306,11.4253],[13.1559,11.4055],[13.1639,11.393],[13.2142,11.3388],[13.2385,11.3231],[13.2674,11.313],[13.2825,11.3029],[13.3063,11.2959],[13.3329,11.283],[13.3568,11.304],[13.368,11.3343],[13.386,11.3733],[13.3883,11.3933],[13.4061,11.4214],[13.4119,11.4646],[13.4254,11.4844],[13.4306,11.485],[13.4402,11.4975],[13.4565,11.5078],[13.4963,11.5208],[13.5177,11.5415],[13.5394,11.5426],[13.5913,11.527],[13.6025,11.5267],[13.6441,11.5135],[13.6679,11.5154],[13.6802,11.5348],[13.6795,11.5509],[13.666,11.5697],[13.6613,11.6002],[13.6631,11.6137],[13.6746,11.6373],[13.6896,11.6518],[13.7153,11.6673],[13.7204,11.6777],[13.7226,11.7112],[13.7317,11.7295]]]},"properties":{"lga_pcode":"NG008016","lga_name":"Konduga","state_pcode":"NG008","state_name":"Borno"}},
{"type":"Feature","geometry":{"type":"Polygon","coordinates":[[[8.943,6.8105],[8.9609,6.8344],[8.9659,6.8477],[8.9659,6.8761],[8.9467,6.9226],[8.9264,6.968],[8.9173,6.982],[8.8956,7.0072],[8.8812,7.0288],[8.8774,7.0344],[8.8523,7.047],[8.7963,7.0855],[8.781,7.1002],[8.7712,7.1155],[8.75,7.1392],[8.7503,7.1444],[8.7422,7.1592],[8.7325,7.1464],[8.7236,7.1505],[8.6705,7.1994],[8.6419,7.2358],[8.6349,7.2491],[8.6272,7.2742],[8.6207,7.3117],[8.6084,7.3316],[8.6019,7.3479],[8.604,7.3761],[8.6133,7.403],[8.6108,7.4203],[8.5866,7.3955],[8.5839,7.3815],[8.5633,7.3543],[8.5535,7.3457],[8.5277,7.3296],[8.5047,7.3004],[8.4875,7.275],[8.4822,7.2539],[8.4807,7.2163],[8.4748,7.1866],[8.4737,7.1548],[8.4666,7.1025],[8.4385,7.0469],[8.4615,7.0254],[8.4915,7.0002],[8.5132,6.9785],[8.5216,6.9631],[8.5391,6.9429],[8.5719,6.9156],[8.5992,6.9135],[8.6013,6.9023],[8.5943,6.8967],[8.6006,6.8757],[8.609,6.8596],[8.6567,6.8657],[8.6693,6.8702],[8.7037,6.8964],[8.7209,6.8963],[8.7596,6.8914],[8.8393,6.8691],[8.8598,6.8597],[8.9294,6.8204],[8.943,6.8105]]]},"properties":{"lga_pcode":"NG007010","lga_name":"Konshisha","state_pcode":"NG007","state_name":"Benue"}},
{"type":"Feature","geometry":{"type":"Polygon","coordinates":[[[5.7119,10.2347],[5.6852,10.2726],[5.6799,10.2896],[5.6932,10.3394],[5.6962,10.3639],[5.6827,10.4082],[5.6852,10.4543],[5.6809,10.4788],[5.6802,10.5016],[5.6747,10.5126],[5.6778,10.5231],[5.6735,10.5397],[5.6442,10.5794],[5.627,10.582],[5.6217,10.5957],[5.5952,10.6459],[5.583,10.657],[5.5716,10.674],[5.5379,10.6608],[5.4933,10.6159],[5.4635,10.5651],[5.4228,10.5672],[5.3968,10.5773],[5.3556,10.6212],[5.3466,10.6075],[5.3265,10.5699],[5.3223,10.5557],[5.3281,10.4787],[5.3399,10.4499],[5.3481,10.4227],[5.3483,10.4021],[5.3365,10.378],[5.3171,10.3612],[5.3031,10.3633],[5.2838,10.3599],[5.2704,10.3633],[5.2244,10.3566],[5.2077,10.3457],[5.1935,10.3323],[5.1763,10.308],[5.1737,10.2921],[5.2137,10.2843],[5.2684,10.259],[5.3256,10.2428],[5.3792,10.2528],[5.4068,10.2461],[5.416,10.2328],[5.4356,10.2132],[5.4585,10.2003],[5.4757,10.2056],[5.4944,10.2391],[5.5012,10.2469],[5.536,10.2335],[5.5672,10.2244],[5.6126,10.216],[5.6511,10.2152],[5.6971,10.2286],[5.7119,10.2347]]]},"properties":{"lga_pcode":"NG027011","lga_name":"Kontagora","state_pcode":"NG027","state_name":"Niger"}},
{"type":"Feature","geometry":{"type":"Polygon","coordinates":[[[3.3701,6.6412],[3.3658,6.6175],[3.383,6.5938],[3.3675,6.5676],[3.3684,6.5572],[3.3842,6.547],[3.3976,6.5492],[3.4089,6.5263],[3.4156,6.5308],[3.415,6.5469],[3.4201,6.5604],[3.4382,6.5569],[3.4445,6.5741],[3.4543,6.5831],[3.4655,6.5855],[3.4576,6.5992],[3.44,6.6108],[3.4353,6.6205],[3.4347,6.6391],[3.3873,6.6386],[3.3701,6.6412]]]},"properties":{"lga_pcode":"NG025013","lga_name":"Kosofe","state_pcode":"NG025","state_name":"Lagos"}},
{"type":"Feature","geometry":{"type":"Polygon","coordinates":[[[8.5252,11.1314],[8.4853,11.1233],[8.4487,11.1269],[8.4187,11.1436],[8.4111,11.1565],[8.4004,11.1598],[8.384,11.1361],[8.3812,11.1194],[8.3739,11.1137],[8.3378,11.113],[8.3151,11.119],[8.2618,11.125],[8.2365,11.1311],[8.2033,11.1298],[8.1932,11.1322],[8.1687,11.1291],[8.1585,11.1223],[8.1575,11.0905],[8.1645,11.0684],[8.1754,11.0513],[8.2087,11.0146],[8.2313,11.0024],[8.2675,10.9792],[8.2836,10.9633],[8.2858,10.9523],[8.2776,10.9351],[8.2512,10.9058],[8.2166,10.8848],[8.1942,10.8755],[8.1773,10.8597],[8.1727,10.8374],[8.1652,10.8207],[8.1493,10.8059],[8.1184,10.8104],[8.1025,10.8021],[8.0773,10.7816],[8.0614,10.7482],[8.0615,10.7343],[8.0831,10.7048],[8.0906,10.689],[8.1082,10.6847],[8.1333,10.6737],[8.1524,10.6726],[8.1904,10.6641],[8.2396,10.6483],[8.2971,10.6129],[8.3081,10.597],[8.3407,10.5799],[8.3617,10.573],[8.4125,10.5543],[8.4395,10.5497],[8.4462,10.5728],[8.4468,10.5936],[8.4382,10.6175],[8.4176,10.6341],[8.3839,10.6387],[8.3708,10.6451],[8.367,10.6748],[8.3754,10.6933],[8.4025,10.6961],[8.4306,10.6934],[8.4513,10.6842],[8.4717,10.6824],[8.4829,10.6917],[8.5082,10.6952],[8.5268,10.7115],[8.556,10.7079],[8.5868,10.7146],[8.577,10.7636],[8.5745,10.802],[8.5749,10.8241],[8.5672,10.8775],[8.5685,10.9078],[8.5715,10.9219],[8.5813,10.942],[8.5982,10.9927],[8.599,11.0021],[8.5969,11.0614],[8.592,11.0683],[8.5658,11.0849],[8.5434,11.0935],[8.5274,11.1174],[8.5252,11.1314]]]},"properties":{"lga_pcode":"NG019015","lga_name":"Kubau","state_pcode":"NG019","state_name":"Kaduna"}},
{"type":"Feature","geometry":{"type":"Polygon","coordinates":[[[7.6296,11.2832],[7.6253,11.2668],[7.6547,11.2265],[7.6683,11.2143],[7.6822,11.2082],[7.708,11.2205],[7.7511,11.2145],[7.7686,11.2022],[7.7774,11.1816],[7.7907,11.1685],[7.8087,11.1583],[7.8483,11.1841],[7.8644,11.1972],[7.8427,11.215],[7.8301,11.2486],[7.8118,11.269],[7.8171,11.2899],[7.8391,11.288],[7.8566,11.2782],[7.8682,11.2811],[7.8702,11.302],[7.8606,11.318],[7.8402,11.3265],[7.8327,11.3347],[7.8393,11.3507],[7.8285,11.3671],[7.8339,11.3774],[7.7841,11.3775],[7.7775,11.3718],[7.7651,11.3749],[7.7528,11.3628],[7.7463,11.3454],[7.7532,11.3298],[7.7466,11.3174],[7.7109,11.3136],[7.6713,11.2999],[7.6661,11.2923],[7.6475,11.2828],[7.6296,11.2832]]]},"properties":{"lga_pcode":"NG019016","lga_name":"Kudan","state_pcode":"NG019","state_name":"Kaduna"}},
{"type":"Feature","geometry":{"type":"Polygon","coordinates":[[[6.9914,8.4598],[7.0842,8.4637],[7.1167,8.4662],[7.2108,8.481],[7.3124,8.5008],[7.3557,8.5124],[7.3714,8.5253],[7.3976,8.5526],[7.443,8.5933],[7.4776,8.6313],[7.4569,8.6341],[7.4044,8.6294],[7.3947,8.6361],[7.3995,8.6486],[7.437,8.6872],[7.436,8.7007],[7.4127,8.714],[7.3972,8.737],[7.3999,8.7745],[7.4085,8.8014],[7.4196,8.8162],[7.3981,8.8182],[7.35,8.8313],[7.3043,8.8504],[7.2684,8.8678],[7.2165,8.8966],[7.1618,8.9111],[7.1329,8.9255],[7.1009,8.9383],[7.0923,8.9338],[7.0955,8.9166],[7.121,8.9015],[7.1321,8.885],[7.1567,8.861],[7.178,8.8481],[7.1871,8.838],[7.1914,8.8231],[7.1893,8.8087],[7.1748,8.7926],[7.1336,8.7798],[7.1193,8.7601],[7.1164,8.7444],[7.1153,8.7129],[7.1209,8.6876],[7.1141,8.6773],[7.0841,8.6475],[7.0805,8.6282],[7.0309,8.594],[6.9977,8.557],[6.977,8.52],[6.9904,8.5105],[6.9983,8.4921],[6.9914,8.4751],[6.9914,8.4598]]]},"properties":{"lga_pcode":"NG015005","lga_name":"Kuje","state_pcode":"NG015","state_name":"Federal Capital Territory"}},
{"type":"Feature","geometry":{"type":"Polygon","coordinates":[[[13.2898,13.1417],[13.3022,13.1433],[13.3178,13.138],[13.3393,13.114],[13.3391,13.0567],[13.3434,13.0414],[13.3391,13.0174],[13.3391,12.9912],[13.3456,12.9651],[13.3587,12.9454],[13.3892,12.9193],[13.4111,12.9062],[13.4394,12.8975],[13.4612,12.88],[13.4874,12.8495],[13.5027,12.8211],[13.5179,12.7709],[13.5376,12.7382],[13.5441,12.7077],[13.5616,12.675],[13.5701,12.6676],[13.5782,12.6794],[13.5965,12.6951],[13.6266,12.7054],[13.6536,12.709],[13.687,12.7178],[13.7127,12.7198],[13.7395,12.7166],[13.7748,12.7333],[13.8053,12.7439],[13.8615,12.754],[13.9137,12.7689],[13.9282,12.7694],[13.9556,12.7795],[14.0182,12.7895],[14.0363,12.7943],[14.0774,12.7971],[14.1202,12.8079],[14.1372,12.8083],[14.1328,12.8219],[14.1305,12.8532],[14.1207,12.8847],[14.1171,12.9227],[14.1062,12.9613],[14.1017,13.0075],[14.0931,13.0385],[14.0916,13.055],[14.0828,13.0825],[14.0447,13.1303],[14.0306,13.1556],[14.0164,13.1717],[13.9946,13.2011],[13.9788,13.2262],[13.9594,13.2489],[13.9407,13.2751],[13.9277,13.2989],[13.9081,13.3241],[13.8958,13.3455],[13.8834,13.3595],[13.8579,13.3952],[13.8502,13.3994],[13.8348,13.4234],[13.8046,13.419],[13.7652,13.4088],[13.7004,13.3836],[13.644,13.3589],[13.6094,13.3463],[13.5913,13.3477],[13.5228,13.3171],[13.5071,13.3114],[13.4877,13.3123],[13.4566,13.306],[13.4149,13.3119],[13.386,13.3049],[13.378,13.3003],[13.3554,13.2727],[13.3353,13.2418],[13.3228,13.2143],[13.3156,13.1741],[13.304,13.1561],[13.2898,13.1417]]]},"properties":{"lga_pcode":"NG008017","lga_name":"Kukawa","state_pcode":"NG008","state_name":"Borno"}},
{"type":"Feature","geometry":{"type":"Polygon","coordinates":[[[8.6312,11.9272],[8.6302,11.9425],[8.618,11.9609],[8.6029,11.9713],[8.5916,11.9598],[8.5645,11.9423],[8.5568,11.9339],[8.5461,11.933],[8.5333,11.9393],[8.5348,11.9564],[8.5269,11.9636],[8.5185,11.9545],[8.5054,11.9538],[8.4943,11.9464],[8.4871,11.9414],[8.4721,11.9546],[8.4697,11.9709],[8.4382,11.9677],[8.4277,11.954],[8.4035,11.954],[8.4102,11.9295],[8.408,11.9099],[8.4286,11.889],[8.4733,11.875],[8.4879,11.8747],[8.5215,11.8841],[8.5461,11.8815],[8.5592,11.8726],[8.5974,11.8796],[8.6146,11.8895],[8.6312,11.9272]]]},"properties":{"lga_pcode":"NG020025","lga_name":"Kumbotso","state_pcode":"NG020","state_name":"Kano"}},
{"type":"Feature","geometry":{"type":"Polygon","coordinates":[[[8.4368,12.3396],[8.4458,12.349],[8.4286,12.3753],[8.4272,12.3834],[8.4163,12.3947],[8.3912,12.4125],[8.3831,12.4437],[8.3747,12.4426],[8.3556,12.4758],[8.3274,12.4927],[8.3167,12.5041],[8.3119,12.5167],[8.3112,12.5789],[8.3053,12.588],[8.29,12.6],[8.285,12.5907],[8.2734,12.5834],[8.2334,12.5857],[8.2146,12.5752],[8.2088,12.5648],[8.2099,12.5405],[8.1973,12.5239],[8.189,12.4898],[8.1679,12.4597],[8.1609,12.4401],[8.1454,12.4235],[8.1592,12.4021],[8.1634,12.3671],[8.1856,12.3578],[8.1882,12.3458],[8.2272,12.3545],[8.2364,12.3713],[8.2447,12.3627],[8.2484,12.3459],[8.2556,12.3423],[8.2824,12.3414],[8.2928,12.3445],[8.3212,12.3343],[8.3346,12.3379],[8.3562,12.3573],[8.3805,12.3492],[8.4198,12.3467],[8.4368,12.3396]]]},"properties":{"lga_pcode":"NG020026","lga_name":"Kunchi","state_pcode":"NG020","state_name":"Kano"}},
{"type":"Feature","geometry":{"type":"Polygon","coordinates":[[[8.6367,11.7236],[8.6358,11.748],[8.6212,11.7662],[8.5974,11.7806],[8.5779,11.8056],[8.5686,11.8053],[8.547,11.8232],[8.528,11.8319],[8.5184,11.8409],[8.5053,11.8475],[8.4904,11.8412],[8.4659,11.8415],[8.4453,11.8315],[8.4317,11.8195],[8.4242,11.8006],[8.4085,11.7837],[8.3933,11.7518],[8.4087,11.7536],[8.4364,11.7371],[8.4586,11.7367],[8.4723,11.7036],[8.4869,11.7082],[8.5039,11.7227],[8.5068,11.7392],[8.5268,11.7654],[8.5487,11.7743],[8.5614,11.7759],[8.5756,11.7705],[8.583,11.7591],[8.6107,11.7344],[8.6367,11.7236]]]},"properties":{"lga_pcode":"NG020027","lga_name":"Kura","state_pcode":"NG020","state_name":"Kano"}},
{"type":"Feature","geometry":{"type":"Polygon","coordinates":[[[7.4151,12.8548],[7.424,12.8256],[7.4007,12.7818],[7.4,12.7416],[7.4062,12.6799],[7.3937,12.6715],[7.3804,12.6482],[7.3741,12.6316],[7.389,12.6002],[7.373,12.5793],[7.3731,12.5667],[7.3991,12.5531],[7.3999,12.5163],[7.4173,12.5225],[7.4457,12.5243],[7.4568,12.5353],[7.46,12.5594],[7.4868,12.5568],[7.508,12.5624],[7.5468,12.5578],[7.5586,12.5617],[7.572,12.556],[7.5887,12.5752],[7.6087,12.5698],[7.6161,12.5788],[7.6264,12.605],[7.6182,12.6285],[7.5935,12.6342],[7.5864,12.6468],[7.5745,12.6584],[7.5587,12.702],[7.5449,12.7184],[7.5281,12.713],[7.5246,12.7232],[7.5271,12.7515],[7.4963,12.8233],[7.4753,12.8566],[7.4456,12.8582],[7.4308,12.8521],[7.4151,12.8548]]]},"properties":{"lga_pcode":"NG021022","lga_name":"Kurfi","state_pcode":"NG021","state_name":"Katsina"}},
{"type":"Feature","geometry":{"type":"Polygon","coordinates":[[[10.7554,7.6172],[10.7149,7.5835],[10.6872,7.5546],[10.6674,7.5381],[10.6215,7.4963],[10.6068,7.48],[10.5621,7.4486],[10.5397,7.4165],[10.5267,7.402],[10.5036,7.3837],[10.4811,7.3533],[10.4711,7.3476],[10.439,7.3375],[10.4202,7.318],[10.4027,7.2568],[10.3884,7.2623],[10.3828,7.2504],[10.3502,7.2504],[10.3335,7.256],[10.3232,7.2472],[10.289,7.2592],[10.2675,7.2783],[10.2635,7.2679],[10.25,7.2616],[10.2381,7.2409],[10.2349,7.2067],[10.2381,7.1812],[10.2325,7.1407],[10.2134,7.0937],[10.1999,7.0731],[10.155,7.0414],[10.1673,7.0341],[10.1681,7.0222],[10.1792,7.0166],[10.1728,6.9975],[10.1808,6.9896],[10.184,6.9649],[10.176,6.9402],[10.2142,6.8909],[10.2277,6.8909],[10.3597,6.9053],[10.4265,6.91],[10.4337,6.914],[10.4743,6.9116],[10.4902,6.9005],[10.51,6.9196],[10.5291,6.9243],[10.545,6.945],[10.5482,6.9705],[10.5538,6.9792],[10.5609,7.0206],[10.5657,7.0373],[10.5641,7.0739],[10.5689,7.0953],[10.5713,7.1438],[10.5761,7.1598],[10.5996,7.145],[10.6042,7.1331],[10.6079,7.102],[10.6024,7.0736],[10.6317,7.0498],[10.6527,7.0452],[10.6628,7.0525],[10.6848,7.0379],[10.6857,7.0186],[10.7068,7.0076],[10.7168,6.9912],[10.7361,6.9893],[10.7498,6.971],[10.7681,6.9536],[10.7791,6.9664],[10.7901,6.96],[10.8066,6.9591],[10.8102,6.9509],[10.8348,6.9401],[10.8736,6.9868],[10.9084,7.0109],[10.9297,7.0309],[10.9409,7.0487],[10.9717,7.0847],[10.9888,7.1201],[10.9968,7.1671],[10.9941,7.1895],[10.9984,7.2053],[10.995,7.2778],[10.978,7.3099],[10.9561,7.3383],[10.9462,7.3655],[10.9289,7.4063],[10.9219,7.444],[10.9204,7.4751],[10.9124,7.5007],[10.8969,7.5381],[10.8858,7.5549],[10.852,7.581],[10.8323,7.5992],[10.8087,7.6258],[10.7891,7.6396],[10.7712,7.6241],[10.7554,7.6172]]]},"properties":{"lga_pcode":"NG035009","lga_name":"Kurmi","state_pcode":"NG035","state_name":"Taraba"}},
{"type":"Feature","geometry":{"type":"Polygon","coordinates":[[[7.9404,12.5781],[7.9349,12.5737],[7.9292,12.5541],[7.9356,12.5347],[7.9217,12.5184],[7.8887,12.5004],[7.8705,12.484],[7.8688,12.4669],[7.8715,12.4472],[7.8862,12.387],[7.8804,12.3762],[7.8648,12.3693],[7.8144,12.3606],[7.8127,12.3443],[7.8283,12.3375],[7.8666,12.3308],[7.8785,12.3172],[7.8936,12.3319],[7.9047,12.3312],[7.9276,12.3486],[7.9834,12.3681],[7.9917,12.3753],[8.003,12.3743],[8.0164,12.3819],[8.0257,12.3799],[8.0711,12.4055],[8.0882,12.4065],[8.0756,12.4367],[8.0767,12.4609],[8.0684,12.4736],[8.053,12.4886],[8.0564,12.5094],[8.0469,12.5255],[8.048,12.5474],[8.0326,12.5671],[8.0185,12.5705],[8.0008,12.582],[7.9869,12.5787],[7.9762,12.5681],[7.962,12.5703],[7.9561,12.5888],[7.9505,12.5922],[7.9404,12.5781]]]},"properties":{"lga_pcode":"NG021023","lga_name":"Kusada","state_pcode":"NG021","state_name":"Katsina"}},
{"type":"Feature","geometry":{"type":"Polygon","coordinates":[[[6.977,8.52],[6.9977,8.557],[7.0309,8.594],[7.0805,8.6282],[7.0841,8.6475],[7.1141,8.6773],[7.1209,8.6876],[7.1153,8.7129],[7.1164,8.7444],[7.1193,8.7601],[7.1336,8.7798],[7.1748,8.7926],[7.1893,8.8087],[7.1914,8.8231],[7.1871,8.838],[7.178,8.8481],[7.1567,8.861],[7.1321,8.885],[7.121,8.9015],[7.0955,8.9166],[6.8862,8.9177],[6.8802,8.8882],[6.8722,8.8722],[6.8722,8.8449],[6.8605,8.8476],[6.8514,8.8353],[6.8234,8.8188],[6.8154,8.7926],[6.7972,8.7841],[6.801,8.7692],[6.8143,8.7681],[6.8143,8.7537],[6.8036,8.7553],[6.8026,8.7409],[6.8165,8.7334],[6.81,8.7153],[6.7988,8.7056],[6.8116,8.6918],[6.8229,8.6848],[6.7999,8.6731],[6.8149,8.6389],[6.8042,8.6352],[6.8165,8.6213],[6.8133,8.6106],[6.8349,8.6],[6.8327,8.5824],[6.8562,8.5765],[6.8677,8.5821],[6.8871,8.5736],[6.9158,8.5458],[6.9347,8.5374],[6.9655,8.5273],[6.977,8.52]]]},"properties":{"lga_pcode":"NG015006","lga_name":"Kwali","state_pcode":"NG015","state_name":"Federal Capital Territory"}},
{"type":"Feature","geometry":{"type":"Polygon","coordinates":[[[11.1219,10.3073],[11.1266,10.324],[11.1378,10.3179],[11.1643,10.3208],[11.1726,10.3363],[11.1804,10.3378],[11.1829,10.3535],[11.1991,10.3538],[11.2671,10.3403],[11.2765,10.3436],[11.2941,10.3598],[11.3355,10.3877],[11.3522,10.3934],[11.3749,10.3876],[11.4143,10.409],[11.4189,10.4142],[11.4199,10.4333],[11.415,10.4539],[11.4111,10.4869],[11.4153,10.5033],[11.4828,10.5053],[11.4995,10.5118],[11.5095,10.52],[11.5109,10.5353],[11.5165,10.5424],[11.5219,10.569],[11.5127,10.5853],[11.5147,10.6122],[11.4911,10.6219],[11.4657,10.6262],[11.4103,10.6464],[11.3836,10.65],[11.3755,10.6432],[11.3742,10.6306],[11.3613,10.6123],[11.3482,10.5562],[11.3354,10.5402],[11.3006,10.5381],[11.2693,10.5429],[11.2508,10.5499],[11.2022,10.5777],[11.1861,10.595],[11.1795,10.6513],[11.1687,10.6628],[11.1368,10.6723],[11.0923,10.6629],[11.047,10.6655],[10.9961,10.6568],[10.9708,10.6487],[10.9484,10.6377],[10.9314,10.6205],[10.9231,10.5977],[10.9305,10.5486],[10.9492,10.5142],[10.9584,10.486],[10.9616,10.4655],[10.9588,10.4438],[10.9521,10.4307],[10.9321,10.4222],[10.9061,10.4171],[10.8881,10.4066],[10.8852,10.3986],[10.8813,10.3836],[10.8906,10.3763],[10.9471,10.3635],[10.9837,10.3633],[10.9953,10.3541],[11.0063,10.3376],[11.0181,10.3295],[11.056,10.3188],[11.0836,10.3153],[11.1219,10.3073]]]},"properties":{"lga_pcode":"NG016008","lga_name":"Kwami","state_pcode":"NG016","state_name":"Gombe"}},
{"type":"Feature","geometry":{"type":"Polygon","coordinates":[[[9.4061,7.073],[9.3934,7.0577],[9.3933,7.0377],[9.4033,7.0076],[9.4049,6.9442],[9.4016,6.9259],[9.3865,6.9126],[9.3331,6.8909],[9.2964,6.8876],[9.2597,6.896],[9.2068,6.9291],[9.2129,6.8843],[9.2046,6.8693],[9.1728,6.7993],[9.1745,6.7843],[9.1828,6.7709],[9.1828,6.7459],[9.1728,6.6959],[9.1682,6.6867],[9.1757,6.6888],[9.1928,6.6944],[9.2157,6.7057],[9.2558,6.7181],[9.3003,6.7201],[9.3251,6.6843],[9.3432,6.6647],[9.3522,6.6485],[9.368,6.6289],[9.4021,6.6011],[9.4168,6.5827],[9.4325,6.5573],[9.4495,6.5388],[9.4711,6.5249],[9.4743,6.4996],[9.4673,6.4732],[9.4656,6.4556],[9.4676,6.4509],[9.4915,6.4459],[9.5434,6.4434],[9.5862,6.4748],[9.5887,6.5085],[9.5991,6.5309],[9.6025,6.5382],[9.6065,6.5718],[9.6223,6.6641],[9.6361,6.7129],[9.646,6.7386],[9.6487,6.7992],[9.6414,6.8665],[9.6457,6.8948],[9.6642,6.9357],[9.6892,6.9864],[9.6998,7.0115],[9.7316,7.0669],[9.6936,7.0665],[9.647,7.0741],[9.622,7.0818],[9.5829,7.1003],[9.5717,7.1023],[9.5373,7.0895],[9.5101,7.083],[9.4841,7.0831],[9.4623,7.0885],[9.4248,7.1011],[9.4061,7.073]]]},"properties":{"lga_pcode":"NG007011","lga_name":"Kwande","state_pcode":"NG007","state_name":"Benue"}},
{"type":"Feature","geometry":{"type":"Polygon","coordinates":[[[5.4936,12.9678],[5.5071,12.979],[5.5123,12.9895],[5.5114,13.0023],[5.4776,13.0583],[5.4674,13.089],[5.4437,13.0903],[5.4109,13.0828],[5.3815,13.0785],[5.3617,13.082],[5.3535,13.0965],[5.3514,13.1131],[5.3365,13.113],[5.3317,13.1185],[5.3237,13.152],[5.3417,13.1678],[5.3475,13.1823],[5.3456,13.1902],[5.3177,13.1936],[5.3104,13.2146],[5.2991,13.2214],[5.2986,13.2332],[5.3128,13.2529],[5.3127,13.2663],[5.2952,13.2742],[5.2841,13.2894],[5.2821,13.3065],[5.2737,13.3198],[5.2575,13.334],[5.2385,13.3435],[5.2224,13.3412],[5.2023,13.3152],[5.1726,13.2941],[5.153,13.2859],[5.1269,13.2335],[5.1259,13.2285],[5.1525,13.2165],[5.166,13.2025],[5.1795,13.1986],[5.2061,13.196],[5.2279,13.1977],[5.2506,13.1877],[5.2541,13.1637],[5.248,13.1476],[5.2454,13.1227],[5.2489,13.1018],[5.2611,13.0865],[5.2681,13.0721],[5.2725,13.0578],[5.2851,13.0491],[5.2833,13.0286],[5.2918,13.0242],[5.3196,12.9974],[5.3565,12.976],[5.3702,12.9776],[5.3923,12.9876],[5.4344,12.9798],[5.4711,12.9779],[5.4936,12.9678]]]},"properties":{"lga_pcode":"NG034011","lga_name":"Kware","state_pcode":"NG034","state_name":"Sokoto"}},
{"type":"Feature","geometry":{"type":"Polygon","coordinates":[[[11.7894,10.2432],[11.8226,10.255],[11.8418,10.259],[11.8639,10.271],[11.8735,10.2804],[11.8875,10.3075],[11.9095,10.3141],[11.9453,10.3369],[11.9549,10.3449],[11.9749,10.3539],[11.9799,10.3615],[11.9963,10.3592],[12.0185,10.3716],[12.0311,10.3951],[12.0375,10.4176],[12.0222,10.4434],[12.0073,10.4822],[12.001,10.5131],[11.979,10.5443],[11.9723,10.5608],[11.9785,10.5792],[11.9558,10.5742],[11.9277,10.5621],[11.9132,10.5623],[11.8794,10.5712],[11.857,10.5851],[11.8402,10.6044],[11.8077,10.6191],[11.7963,10.6111],[11.7854,10.5916],[11.771,10.5795],[11.7636,10.5662],[11.7602,10.5295],[11.761,10.5145],[11.7734,10.4491],[11.7919,10.4101],[11.8112,10.3825],[11.8132,10.3732],[11.8066,10.344],[11.8066,10.3104],[11.818,10.2869],[11.8102,10.2725],[11.7961,10.2578],[11.7894,10.2432]]]},"properties":{"lga_pcode":"NG008018","lga_name":"Kwaya Kusar","state_pcode":"NG008","state_name":"Borno"}},
{"type":"Feature","geometry":{"type":"Polygon","coordinates":[[[8.9883,8.5229],[8.975,8.5414],[8.9874,8.5645],[8.981,8.5782],[8.9834,8.5966],[8.9778,8.6052],[8.9583,8.6122],[8.9512,8.6213],[8.9498,8.6339],[8.9348,8.6679],[8.9139,8.6862],[8.9107,8.703],[8.9028,8.7193],[8.8921,8.7329],[8.896,8.7483],[8.9044,8.755],[8.9011,8.7639],[8.9072,8.776],[8.917,8.7837],[8.9327,8.7855],[8.9451,8.7996],[8.9506,8.8158],[8.9498,8.8356],[8.9588,8.8495],[8.974,8.8541],[8.9896,8.8509],[9.0106,8.8538],[9.0235,8.8659],[9.0318,8.8952],[9.0445,8.9132],[9.046,8.9229],[9.0719,8.9453],[9.0671,8.9663],[9.0707,8.9878],[9.067,9.0079],[9.0602,9.0206],[9.0392,9.0268],[9.0202,9.0221],[9.0009,9.0213],[8.9668,9.015],[8.9273,9.0161],[8.9069,8.9741],[8.8998,8.9482],[8.8903,8.927],[8.8737,8.9057],[8.8547,8.8857],[8.8239,8.8621],[8.7995,8.8473],[8.7765,8.8411],[8.7326,8.8357],[8.6597,8.8354],[8.6447,8.8305],[8.6395,8.8237],[8.6631,8.804],[8.6972,8.7937],[8.7087,8.7849],[8.7131,8.7682],[8.7065,8.7331],[8.6779,8.6915],[8.6558,8.673],[8.6391,8.6633],[8.5968,8.6607],[8.5792,8.6633],[8.5589,8.6616],[8.5404,8.6528],[8.5034,8.6528],[8.4858,8.651],[8.4638,8.6395],[8.449,8.6246],[8.4356,8.6175],[8.4092,8.6131],[8.4004,8.6087],[8.3757,8.6096],[8.3572,8.6166],[8.336,8.6193],[8.3114,8.6105],[8.2955,8.5884],[8.2867,8.5717],[8.2673,8.5585],[8.2435,8.5664],[8.2497,8.5911],[8.2515,8.6325],[8.2568,8.6448],[8.2427,8.6563],[8.2427,8.673],[8.2524,8.6871],[8.2519,8.6959],[8.2286,8.695],[8.2162,8.6871],[8.2057,8.6589],[8.1969,8.6457],[8.1828,8.6078],[8.1762,8.5658],[8.2026,8.567],[8.2701,8.5464],[8.2906,8.538],[8.316,8.5291],[8.3901,8.493],[8.4203,8.4693],[8.4321,8.4516],[8.4435,8.4251],[8.4572,8.4169],[8.483,8.4182],[8.5222,8.407],[8.5364,8.407],[8.5514,8.4008],[8.5557,8.406],[8.5685,8.4434],[8.6058,8.4536],[8.6219,8.4632],[8.6306,8.4756],[8.6429,8.479],[8.6649,8.4766],[8.7061,8.482],[8.7247,8.4732],[8.7325,8.4629],[8.7492,8.458],[8.7806,8.431],[8.8294,8.404],[8.8569,8.4006],[8.8829,8.4021],[8.8941,8.4079],[8.9221,8.403],[8.9451,8.406],[8.9696,8.4057],[8.9814,8.4021],[9.0086,8.4004],[8.9981,8.4255],[9.0014,8.4347],[8.9837,8.4493],[8.9751,8.4733],[8.9781,8.4953],[8.9883,8.5229]]]},"properties":{"lga_pcode":"NG026008","lga_name":"Lafia","state_pcode":"NG026","state_name":"Nasarawa"}},
{"type":"Feature","geometry":{"type":"Polygon","coordinates":[[[4.1589,7.5299],[4.1489,7.5341],[4.1343,7.5287],[4.1255,7.5315],[4.1282,7.5531],[4.1151,7.5646],[4.1086,7.5756],[4.1243,7.5817],[4.1299,7.5998],[4.1181,7.6032],[4.1031,7.5919],[4.0966,7.5947],[4.0923,7.6092],[4.0802,7.6189],[4.0523,7.6171],[4.0145,7.5802],[4.0047,7.5667],[3.99,7.537],[3.9833,7.5103],[3.9704,7.4869],[3.9581,7.4788],[3.9483,7.4576],[3.9528,7.4441],[3.9398,7.429],[3.9402,7.4274],[3.945,7.404],[3.9497,7.4102],[3.9935,7.4311],[4.0034,7.4461],[4.0025,7.462],[4.0097,7.4822],[4.0293,7.5072],[4.042,7.5088],[4.0501,7.4834],[4.0432,7.4727],[4.0545,7.461],[4.0681,7.4569],[4.0837,7.4597],[4.1091,7.4694],[4.1373,7.4664],[4.1483,7.4588],[4.1612,7.4882],[4.1659,7.5063],[4.1589,7.5299]]]},"properties":{"lga_pcode":"NG031020","lga_name":"Lagelu","state_pcode":"NG031","state_name":"Oyo"}},
{"type":"Feature","geometry":{"type":"Polygon","coordinates":[[[3.3999,6.4344],[3.4092,6.4516],[3.4063,6.4645],[3.394,6.4682],[3.3812,6.4632],[3.3799,6.4492],[3.3999,6.4344]]]},"properties":{"lga_pcode":"NG025014","lga_name":"Lagos Island","state_pcode":"NG025","state_name":"Lagos"}},
{"type":"Feature","geometry":{"type":"Polygon","coordinates":[[[3.3812,6.4632],[3.394,6.4682],[3.3972,6.492],[3.41,6.5045],[3.4055,6.5233],[3.3684,6.5234],[3.3683,6.5186],[3.3713,6.4959],[3.364,6.4855],[3.3651,6.4759],[3.3812,6.4632]]]},"properties":{"lga_pcode":"NG025015","lga_name":"Lagos Mainland","state_pcode":"NG025","state_name":"Lagos"}},
{"type":"Feature","geometry":{"type":"Polygon","coordinates":[[[11.4296,9.5496],[11.4416,9.5332],[11.4515,9.5059],[11.47,9.4773],[11.4843,9.4641],[11.4974,9.4405],[11.5063,9.434],[11.5259,9.4078],[11.5345,9.4032],[11.5435,9.4004],[11.6282,9.4479],[11.6656,9.4634],[11.6752,9.4697],[11.7407,9.4903],[11.7801,9.4983],[11.831,9.5062],[11.862,9.5031],[11.8912,9.4958],[11.9074,9.4878],[11.934,9.4809],[11.9467,9.4866],[11.9607,9.5026],[11.963,9.5118],[11.9701,9.578],[11.969,9.6203],[11.9581,9.642],[11.946,9.6498],[11.9406,9.6535],[11.9172,9.6548],[11.8767,9.6477],[11.8383,9.6427],[11.8298,9.647],[11.8205,9.6819],[11.8153,9.6925],[11.8002,9.7028],[11.774,9.7084],[11.7595,9.6973],[11.7173,9.684],[11.6964,9.6689],[11.6836,9.6632],[11.6639,9.6484],[11.6546,9.6369],[11.636,9.629],[11.6151,9.6153],[11.5989,9.6096],[11.563,9.6051],[11.5273,9.6082],[11.5017,9.6075],[11.468,9.5985],[11.4445,9.5762],[11.4419,9.5604],[11.4296,9.5496]]]},"properties":{"lga_pcode":"NG002009","lga_name":"Lamurde","state_pcode":"NG002","state_name":"Adamawa"}},
{"type":"Feature","geometry":{"type":"Polygon","coordinates":[[[9.7686,9.2963],[9.7539,9.2806],[9.7398,9.251],[9.7121,9.2266],[9.7047,9.2185],[9.6944,9.193],[9.6947,9.1853],[9.6842,9.1636],[9.6794,9.1421],[9.6693,9.1289],[9.7033,9.1161],[9.7256,9.1055],[9.7444,9.1032],[9.7561,9.0892],[9.756,9.0577],[9.7595,9.0356],[9.7708,9.0088],[9.7919,9.0004],[9.819,8.9978],[9.835,8.985],[9.8338,8.9695],[9.8255,8.9401],[9.8097,8.9066],[9.7843,8.8939],[9.7788,8.8666],[9.7746,8.8317],[9.7742,8.7989],[9.7898,8.7957],[9.8124,8.8063],[9.8226,8.7952],[9.841,8.7977],[9.8586,8.8081],[9.861,8.8163],[9.8611,8.8617],[9.8723,8.8861],[9.8851,8.9022],[9.8901,8.9179],[9.8756,8.9404],[9.873,8.9557],[9.8814,8.9812],[9.881,8.9909],[9.8685,9.0096],[9.8679,9.0231],[9.877,9.0351],[9.8994,9.0515],[9.9125,9.0579],[9.9196,9.0717],[9.9243,9.0951],[9.916,9.1082],[9.9154,9.1217],[9.9313,9.1514],[9.9268,9.1666],[9.9164,9.1835],[9.9151,9.2105],[9.9073,9.214],[9.8841,9.2149],[9.8815,9.2303],[9.8881,9.2537],[9.8662,9.2682],[9.8634,9.2775],[9.8527,9.2847],[9.7964,9.2813],[9.7894,9.3035],[9.7686,9.2963]]]},"properties":{"lga_pcode":"NG032009","lga_name":"Langtang North","state_pcode":"NG032","state_name":"Plateau"}},
{"type":"Feature","geometry":{"type":"Polygon","coordinates":[[[10.008,8.553],[10.0075,8.5872],[10.0103,8.6105],[9.9942,8.6252],[9.9785,8.6322],[9.965,8.6317],[9.9334,8.6496],[9.9207,8.6722],[9.9126,8.6814],[9.9085,8.7295],[9.9022,8.7389],[9.9034,8.7563],[9.895,8.7714],[9.8873,8.7711],[9.8721,8.8071],[9.8752,8.8246],[9.8722,8.8476],[9.8792,8.8614],[9.8723,8.8861],[9.8611,8.8617],[9.861,8.8163],[9.8586,8.8081],[9.841,8.7977],[9.8226,8.7952],[9.8124,8.8063],[9.7898,8.7957],[9.7742,8.7989],[9.7731,8.7814],[9.7623,8.7655],[9.7511,8.7573],[9.7245,8.7503],[9.7089,8.7535],[9.6919,8.7469],[9.6769,8.732],[9.672,8.7203],[9.6646,8.6711],[9.6547,8.6333],[9.6579,8.6064],[9.6567,8.5909],[9.6618,8.5641],[9.6784,8.5378],[9.6815,8.5129],[9.6915,8.5037],[9.7044,8.4753],[9.705,8.4637],[9.7233,8.4414],[9.7337,8.4245],[9.7347,8.4033],[9.7567,8.3673],[9.8214,8.4028],[9.856,8.4255],[9.8694,8.4313],[9.8909,8.4478],[9.9203,8.4786],[9.9501,8.4989],[9.9713,8.5206],[9.9978,8.5409],[10.008,8.553]]]},"properties":{"lga_pcode":"NG032010","lga_name":"Langtang South","state_pcode":"NG032","state_name":"Plateau"}},
{"type":"Feature","geometry":{"type":"Polygon","coordinates":[[[6.7955,9.1124],[6.7866,9.1172],[6.7708,9.1336],[6.7631,9.1603],[6.7459,9.2028],[6.7602,9.2487],[6.7624,9.2731],[6.7436,9.3314],[6.7464,9.3417],[6.761,9.3449],[6.7832,9.3395],[6.7946,9.3189],[6.8097,9.307],[6.8222,9.2908],[6.8363,9.2967],[6.8382,9.314],[6.8349,9.3243],[6.8392,9.3357],[6.8539,9.3384],[6.862,9.3557],[6.843,9.3752],[6.8372,9.3873],[6.8238,9.3812],[6.8108,9.3807],[6.7973,9.3715],[6.7696,9.366],[6.755,9.366],[6.7409,9.3579],[6.7231,9.3525],[6.7209,9.3265],[6.716,9.3124],[6.716,9.2983],[6.7236,9.2891],[6.7247,9.2778],[6.7166,9.2604],[6.7014,9.2404],[6.6857,9.2333],[6.6824,9.2198],[6.6342,9.2209],[6.625,9.2361],[6.5996,9.2274],[6.5866,9.2333],[6.5671,9.2328],[6.5508,9.2241],[6.5334,9.2237],[6.5385,9.1916],[6.5285,9.1396],[6.53,9.1265],[6.5557,9.0901],[6.5642,9.0813],[6.5667,9.0644],[6.5659,9.0377],[6.6016,8.9884],[6.585,8.9685],[6.579,8.9328],[6.5871,8.8792],[6.5985,8.8537],[6.599,8.8429],[6.5915,8.8353],[6.5758,8.7865],[6.5443,8.766],[6.5346,8.7486],[6.533,8.7356],[6.5465,8.6907],[6.546,8.6658],[6.5357,8.6279],[6.501,8.5878],[6.4864,8.5791],[6.4667,8.5798],[6.4251,8.5873],[6.4101,8.5954],[6.4249,8.5494],[6.4313,8.5191],[6.4529,8.4483],[6.5035,8.4125],[6.5274,8.3757],[6.5513,8.3693],[6.5798,8.3306],[6.5991,8.3242],[6.6083,8.3141],[6.6138,8.2994],[6.6267,8.2874],[6.6414,8.2553],[6.6653,8.2268],[6.6837,8.213],[6.6913,8.183],[6.7126,8.202],[6.7145,8.2295],[6.7181,8.2433],[6.7259,8.2507],[6.72,8.2746],[6.7301,8.2838],[6.7439,8.2654],[6.7614,8.2727],[6.7614,8.293],[6.7512,8.3049],[6.7669,8.3086],[6.7724,8.3352],[6.7908,8.3306],[6.8073,8.3426],[6.8229,8.3674],[6.8377,8.3968],[6.8248,8.4042],[6.8321,8.4171],[6.8248,8.4327],[6.8276,8.4535],[6.7787,8.4538],[6.7796,8.5931],[6.7787,8.7404],[6.7808,8.7944],[6.7823,8.798],[6.7955,9.1124]]]},"properties":{"lga_pcode":"NG027012","lga_name":"Lapai","state_pcode":"NG027","state_name":"Niger"}},
{"type":"Feature","geometry":{"type":"Polygon","coordinates":[[[11.2183,9.0157],[11.2539,9.0195],[11.2725,9.0255],[11.2898,9.0211],[11.3012,8.9974],[11.3213,8.9851],[11.3475,8.996],[11.368,9.0333],[11.3959,9.0588],[11.4208,9.0737],[11.4481,9.0767],[11.4913,9.0683],[11.5135,9.0693],[11.5547,9.1023],[11.581,9.1259],[11.5926,9.1334],[11.6299,9.142],[11.6693,9.142],[11.6759,9.1458],[11.6985,9.1438],[11.7026,9.1608],[11.6995,9.1901],[11.7001,9.2101],[11.6836,9.2341],[11.6705,9.2531],[11.6608,9.2782],[11.6391,9.3187],[11.6222,9.3371],[11.5963,9.3792],[11.5573,9.3809],[11.541,9.3926],[11.5345,9.4032],[11.5259,9.4078],[11.5115,9.3979],[11.4697,9.3752],[11.4345,9.3598],[11.413,9.345],[11.3867,9.3213],[11.3068,9.2745],[11.2602,9.2101],[11.2351,9.1969],[11.2082,9.187],[11.1657,9.1799],[11.1304,9.1679],[11.0824,9.1329],[11.0606,9.1233],[11.0663,9.1114],[11.0879,9.0899],[11.1062,9.0648],[11.1261,9.0432],[11.1592,9.0308],[11.2027,9.0172],[11.2183,9.0157]]]},"properties":{"lga_pcode":"NG035010","lga_name":"Lau","state_pcode":"NG035","state_name":"Taraba"}},
{"type":"Feature","geometry":{"type":"Polygon","coordinates":[[[5.8261,9.1556],[5.8261,9.1927],[5.8236,9.212],[5.8229,9.2614],[5.8327,9.2968],[5.8461,9.3191],[5.8459,9.3428],[5.8587,9.3865],[5.8605,9.4009],[5.8893,9.4542],[5.893,9.4816],[5.8893,9.4863],[5.8651,9.4899],[5.8383,9.5079],[5.8207,9.5093],[5.803,9.4921],[5.7983,9.4822],[5.7803,9.4895],[5.7517,9.5141],[5.7421,9.5266],[5.7322,9.5556],[5.7311,9.5688],[5.7198,9.586],[5.7076,9.6106],[5.6456,9.6543],[5.6372,9.6646],[5.6181,9.6752],[5.6078,9.6858],[5.5523,9.7214],[5.5419,9.7306],[5.5256,9.7263],[5.4084,9.6907],[5.4005,9.6832],[5.3847,9.6881],[5.3523,9.6878],[5.324,9.6785],[5.3091,9.667],[5.3025,9.6544],[5.2927,9.6033],[5.2873,9.5445],[5.3014,9.5411],[5.308,9.534],[5.3304,9.5259],[5.3431,9.5111],[5.3512,9.5071],[5.373,9.4812],[5.3954,9.4649],[5.4299,9.4258],[5.4299,9.4085],[5.4116,9.3867],[5.4096,9.373],[5.4142,9.3511],[5.4299,9.3313],[5.4563,9.31],[5.465,9.2998],[5.4876,9.2876],[5.5008,9.277],[5.5033,9.2648],[5.5018,9.2125],[5.4839,9.1841],[5.4861,9.1571],[5.4992,9.1402],[5.5171,9.1404],[5.552,9.1451],[5.5866,9.16],[5.6254,9.1883],[5.6566,9.1938],[5.6783,9.1894],[5.7027,9.1781],[5.7337,9.1745],[5.7481,9.1659],[5.7701,9.176],[5.7797,9.1607],[5.782,9.1415],[5.7932,9.1295],[5.8081,9.1335],[5.8261,9.1556]]]},"properties":{"lga_pcode":"NG027013","lga_name":"Lavun","state_pcode":"NG027","state_name":"Niger"}},
{"type":"Feature","geometry":{"type":"Polygon","coordinates":[[[8.8235,10.3833],[8.8055,10.4094],[8.7842,10.4216],[8.7399,10.4289],[8.7337,10.4362],[8.7292,10.4558],[8.7387,10.4683],[8.7696,10.4763],[8.7714,10.4921],[8.7675,10.5123],[8.7794,10.5627],[8.7734,10.5662],[8.7615,10.5539],[8.7499,10.549],[8.7182,10.5526],[8.6893,10.566],[8.6651,10.6076],[8.6605,10.6248],[8.6532,10.637],[8.628,10.6468],[8.6128,10.6492],[8.5874,10.6333],[8.562,10.6279],[8.5361,10.6341],[8.5254,10.6407],[8.5156,10.6544],[8.5103,10.6717],[8.5082,10.6952],[8.4829,10.6917],[8.4717,10.6824],[8.4513,10.6842],[8.4306,10.6934],[8.4025,10.6961],[8.3754,10.6933],[8.367,10.6748],[8.3708,10.6451],[8.3839,10.6387],[8.4176,10.6341],[8.4382,10.6175],[8.4468,10.5936],[8.4462,10.5728],[8.4395,10.5497],[8.4125,10.5543],[8.3617,10.573],[8.3569,10.5506],[8.3588,10.5423],[8.3728,10.5257],[8.4028,10.5053],[8.4106,10.4921],[8.4061,10.4697],[8.3947,10.4305],[8.3797,10.3974],[8.3671,10.3606],[8.363,10.3343],[8.3532,10.3142],[8.3508,10.2971],[8.3551,10.2898],[8.3711,10.2837],[8.3873,10.2822],[8.4026,10.2716],[8.4026,10.2582],[8.426,10.2424],[8.4421,10.2375],[8.4608,10.2174],[8.4716,10.1954],[8.4862,10.1746],[8.4931,10.1501],[8.4886,10.1256],[8.4868,10.0692],[8.474,10.0238],[8.4768,9.9908],[8.4882,9.9883],[8.539,10.0199],[8.5526,10.0242],[8.5704,10.0242],[8.611,10.0058],[8.6246,9.977],[8.6522,9.9788],[8.673,9.9874],[8.6799,10.0051],[8.6748,10.0319],[8.6684,10.0451],[8.6498,10.0732],[8.6451,10.0904],[8.6311,10.1033],[8.6282,10.1244],[8.633,10.1439],[8.644,10.1579],[8.6473,10.1697],[8.646,10.1966],[8.6549,10.2125],[8.703,10.2552],[8.7364,10.275],[8.7678,10.2848],[8.7826,10.2915],[8.7974,10.3257],[8.7961,10.3525],[8.7765,10.3752],[8.7734,10.3951],[8.7934,10.3847],[8.8089,10.3815],[8.8235,10.3833]]]},"properties":{"lga_pcode":"NG019017","lga_name":"Lere","state_pcode":"NG019","state_name":"Kaduna"}},
{"type":"Feature","geometry":{"type":"Polygon","coordinates":[[[9.3504,7.4608],[9.3642,7.4683],[9.3782,7.4839],[9.3857,7.4857],[9.415,7.478],[9.4389,7.4802],[9.4705,7.4888],[9.4759,7.5116],[9.4998,7.5219],[9.4766,7.6027],[9.4625,7.6429],[9.4473,7.6516],[9.4397,7.6646],[9.443,7.6972],[9.4365,7.7189],[9.4104,7.759],[9.4039,7.8057],[9.4056,7.8303],[9.3971,7.8447],[9.3866,7.8447],[9.3148,7.8348],[9.2726,7.8229],[9.2251,7.8183],[9.1902,7.8104],[9.1302,7.788],[9.1203,7.7933],[9.1157,7.8084],[9.1243,7.8269],[9.15,7.8599],[9.1625,7.8691],[9.1722,7.8866],[9.1232,7.8791],[9.0921,7.8777],[9.0808,7.875],[9.0587,7.8561],[9.0231,7.8029],[9.02,7.7817],[9.0204,7.7487],[9.0258,7.7388],[9.0405,7.6775],[9.0414,7.6311],[9.0436,7.6013],[9.0716,7.6021],[9.092,7.5922],[9.123,7.5645],[9.1329,7.5533],[9.15,7.523],[9.1652,7.5019],[9.1816,7.4967],[9.1991,7.4984],[9.2161,7.5053],[9.2628,7.4988],[9.3052,7.4999],[9.3106,7.4912],[9.3504,7.4608]]]},"properties":{"lga_pcode":"NG007012","lga_name":"Logo","state_pcode":"NG007","state_name":"Benue"}},
{"type":"Feature","geometry":{"type":"Polygon","coordinates":[[[6.6923,7.7815],[6.7102,7.7748],[6.7342,7.7501],[6.756,7.7356],[6.7581,7.7524],[6.7694,7.8004],[6.7747,7.8297],[6.7903,7.8857],[6.7921,7.9151],[6.7903,7.9363],[6.7848,7.9538],[6.7774,7.9979],[6.7793,8.0448],[6.7618,8.0889],[6.7453,8.1018],[6.7177,8.133],[6.7076,8.1496],[6.6913,8.183],[6.6837,8.213],[6.6653,8.2268],[6.6414,8.2553],[6.6267,8.2874],[6.6138,8.2994],[6.6083,8.3141],[6.5991,8.3242],[6.5798,8.3306],[6.5513,8.3693],[6.5274,8.3757],[6.5035,8.4125],[6.4529,8.4483],[6.4313,8.5191],[6.4249,8.5494],[6.4101,8.5954],[6.3983,8.6294],[6.3841,8.6443],[6.3753,8.6616],[6.3587,8.6846],[6.3238,8.7131],[6.3026,8.7278],[6.2677,8.7388],[6.2466,8.7388],[6.2085,8.7324],[6.1699,8.663],[6.1626,8.6378],[6.1479,8.5963],[6.1251,8.5556],[6.1138,8.4613],[6.1131,8.4415],[6.1376,8.4446],[6.1634,8.4511],[6.1928,8.4649],[6.2149,8.4639],[6.2415,8.4593],[6.2682,8.4492],[6.3004,8.4281],[6.3141,8.4125],[6.3463,8.3867],[6.3601,8.3647],[6.3785,8.3499],[6.396,8.3288],[6.4033,8.3132],[6.4438,8.2543],[6.4502,8.2424],[6.4732,8.2176],[6.487,8.1882],[6.4962,8.1633],[6.4916,8.145],[6.4575,8.0935],[6.4474,8.0631],[6.4456,8.0356],[6.464,8.0062],[6.4621,7.9758],[6.4667,7.9675],[6.4686,7.9473],[6.4566,7.94],[6.4189,7.9611],[6.4033,7.9767],[6.3877,8.0016],[6.3656,8.019],[6.3601,8.0273],[6.339,8.042],[6.3298,8.0613],[6.2866,8.0953],[6.2682,8.0999],[6.2388,8.0999],[6.2296,8.0953],[6.2204,8.0687],[6.2305,8.0457],[6.2415,8.0337],[6.2434,8.0107],[6.2489,7.997],[6.27,7.9694],[6.2875,7.9611],[6.2939,7.9436],[6.3086,7.94],[6.3197,7.9289],[6.3298,7.9032],[6.3243,7.8876],[6.3233,7.8434],[6.3153,7.8333],[6.3362,7.8186],[6.3445,7.8076],[6.3868,7.8113],[6.4244,7.8333],[6.4456,7.8545],[6.4805,7.8609],[6.4962,7.8692],[6.5292,7.8784],[6.5467,7.8876],[6.5596,7.8839],[6.5706,7.8697],[6.5844,7.8692],[6.6191,7.8473],[6.6526,7.8334],[6.662,7.8199],[6.6699,7.7994],[6.6923,7.7815]]]},"properties":{"lga_pcode":"NG023012","lga_name":"Lokoja","state_pcode":"NG023","state_name":"Kogi"}},
{"type":"Feature","geometry":{"type":"Polygon","coordinates":[[[10.2548,13.0121],[10.2464,13.0309],[10.2572,13.0688],[10.2479,13.101],[10.2554,13.1577],[10.2543,13.1718],[10.2617,13.1937],[10.2614,13.2262],[10.2655,13.2429],[10.2812,13.2706],[10.2674,13.2715],[10.2331,13.2681],[10.2084,13.2676],[10.1456,13.2429],[10.1365,13.2356],[10.1078,13.2246],[10.0643,13.2043],[10.0459,13.1941],[10.0358,13.1839],[10,13.1675],[9.9807,13.1486],[9.9787,13.1418],[9.9579,13.1226],[9.9526,13.113],[9.9051,13.0642],[9.8657,13.0377],[9.8448,13.0264],[9.8428,13.0103],[9.8278,12.9915],[9.8201,12.9736],[9.8043,12.9527],[9.7747,12.9254],[9.7638,12.911],[9.7366,12.8856],[9.7255,12.8841],[9.7244,12.8731],[9.6921,12.8394],[9.6581,12.8091],[9.7004,12.8121],[9.7265,12.8121],[9.7581,12.8094],[9.7998,12.8145],[9.8333,12.8218],[9.8741,12.8373],[9.8926,12.8548],[9.9065,12.8734],[9.9398,12.939],[9.9528,12.9493],[9.9753,12.9503],[10.0083,12.9683],[10.0705,12.9803],[10.0844,12.9878],[10.1074,12.9944],[10.1471,12.9871],[10.1776,13.0071],[10.2006,13.0192],[10.2179,13.0197],[10.23,13.0106],[10.24,13.0145],[10.2548,13.0121]]]},"properties":{"lga_pcode":"NG036011","lga_name":"Machina","state_pcode":"NG036","state_name":"Yobe"}},
{"type":"Feature","geometry":{"type":"Polygon","coordinates":[[[13.3229,10.7561],[13.3354,10.7247],[13.3493,10.7157],[13.3963,10.7089],[13.423,10.7111],[13.4382,10.7008],[13.4457,10.6907],[13.4673,10.6879],[13.4968,10.6788],[13.517,10.6679],[13.5282,10.6539],[13.5425,10.6459],[13.5496,10.6586],[13.5789,10.6827],[13.5883,10.693],[13.5974,10.715],[13.6109,10.7744],[13.62,10.7847],[13.6441,10.8247],[13.6608,10.8367],[13.6716,10.8544],[13.6892,10.8931],[13.6922,10.9456],[13.6583,10.9447],[13.6132,10.9494],[13.5773,10.9483],[13.5518,10.9347],[13.5245,10.9025],[13.4876,10.8802],[13.4503,10.8724],[13.3926,10.8927],[13.377,10.9022],[13.3652,10.926],[13.3504,10.9317],[13.337,10.9209],[13.3352,10.8952],[13.3362,10.8546],[13.3344,10.7958],[13.3229,10.7561]]]},"properties":{"lga_pcode":"NG002010","lga_name":"Madagali","state_pcode":"NG002","state_name":"Adamawa"}},
{"type":"Feature","geometry":{"type":"Polygon","coordinates":[[[8.3184,11.7145],[8.3596,11.7232],[8.3757,11.7419],[8.3851,11.7419],[8.3933,11.7518],[8.4085,11.7837],[8.4242,11.8006],[8.4317,11.8195],[8.4453,11.8315],[8.4659,11.8415],[8.4904,11.8412],[8.5053,11.8475],[8.5184,11.8409],[8.5282,11.8587],[8.5592,11.8726],[8.5461,11.8815],[8.5215,11.8841],[8.4879,11.8747],[8.4733,11.875],[8.4286,11.889],[8.408,11.9099],[8.3975,11.8988],[8.3759,11.8829],[8.3636,11.8673],[8.3256,11.8376],[8.3211,11.8361],[8.3097,11.8096],[8.3029,11.8024],[8.2823,11.7924],[8.2765,11.7837],[8.2865,11.7739],[8.2874,11.7471],[8.2926,11.731],[8.3011,11.7231],[8.3139,11.7212],[8.3184,11.7145]]]},"properties":{"lga_pcode":"NG020028","lga_name":"Madobi","state_pcode":"NG020","state_name":"Kano"}},
{"type":"Feature","geometry":{"type":"Polygon","coordinates":[[[13.8871,12.1226],[13.8812,12.1513],[13.861,12.1721],[13.842,12.171],[13.8208,12.1747],[13.789,12.187],[13.7601,12.2006],[13.7422,12.1824],[13.7285,12.1725],[13.7038,12.1358],[13.6899,12.1285],[13.6722,12.1248],[13.6241,12.1268],[13.6059,12.1319],[13.5893,12.1414],[13.5598,12.1736],[13.5155,12.2],[13.5005,12.2137],[13.4867,12.2479],[13.4662,12.2773],[13.4331,12.2726],[13.3794,12.2408],[13.3635,12.241],[13.3387,12.2494],[13.313,12.2801],[13.2915,12.3206],[13.2815,12.3289],[13.2662,12.3109],[13.2453,12.3088],[13.2454,12.2803],[13.2609,12.2199],[13.2661,12.1827],[13.2722,12.1549],[13.2817,12.1296],[13.279,12.1085],[13.2653,12.0778],[13.2424,12.0564],[13.2468,12.0403],[13.2575,12.0255],[13.2582,12.0069],[13.2411,11.9774],[13.2485,11.9565],[13.2649,11.9398],[13.2782,11.9315],[13.2971,11.925],[13.3069,11.9142],[13.3206,11.8899],[13.328,11.869],[13.3204,11.8448],[13.3032,11.8339],[13.2892,11.8361],[13.265,11.8214],[13.2558,11.8091],[13.2501,11.7897],[13.2632,11.7756],[13.2778,11.7688],[13.3152,11.7637],[13.3463,11.7771],[13.4059,11.7811],[13.4237,11.784],[13.4436,11.791],[13.4902,11.7882],[13.5146,11.7932],[13.5463,11.7944],[13.5754,11.8088],[13.599,11.8246],[13.6186,11.8207],[13.6411,11.8239],[13.6635,11.8234],[13.6964,11.8071],[13.7368,11.7772],[13.7592,11.7633],[13.7733,11.7743],[13.7942,11.7831],[13.8012,11.7932],[13.8066,11.8118],[13.8034,11.8262],[13.8155,11.8362],[13.8278,11.8606],[13.8388,11.9019],[13.8414,11.9194],[13.8564,11.9365],[13.8583,11.9483],[13.8421,11.9773],[13.8339,12.0051],[13.8366,12.0225],[13.8356,12.0644],[13.8406,12.0786],[13.8539,12.0986],[13.8734,12.1085],[13.8871,12.1226]]]},"properties":{"lga_pcode":"NG008019","lga_name":"Mafa","state_pcode":"NG008","state_name":"Borno"}},
{"type":"Feature","geometry":{"type":"Polygon","coordinates":[[[4.6221,9.8239],[4.6414,9.848],[4.6606,9.8814],[4.6982,9.9266],[4.7342,9.9651],[4.7668,9.9885],[4.7995,9.991],[4.8313,9.9793],[4.8647,9.9567],[4.894,9.9592],[4.9015,9.9676],[4.9136,9.9985],[4.9153,10.0111],[4.9095,10.0362],[4.9095,10.0638],[4.9128,10.1031],[4.9178,10.1173],[4.9212,10.1441],[4.9287,10.1642],[4.9513,10.1725],[4.9789,10.1993],[5.009,10.201],[5.0375,10.2077],[5.0885,10.2236],[5.1086,10.2328],[5.1328,10.2553],[5.1562,10.2712],[5.1737,10.2921],[5.1763,10.308],[5.1935,10.3323],[5.2077,10.3457],[5.2244,10.3566],[5.2704,10.3633],[5.2838,10.3599],[5.3031,10.3633],[5.3171,10.3612],[5.3365,10.378],[5.3483,10.4021],[5.3481,10.4227],[5.3399,10.4499],[5.3281,10.4787],[5.3223,10.5557],[5.3265,10.5699],[5.3466,10.6075],[5.3556,10.6212],[5.3566,10.6778],[5.3491,10.7054],[5.3474,10.7255],[5.3494,10.7663],[5.3332,10.7629],[5.3274,10.7533],[5.2964,10.7386],[5.2867,10.7407],[5.2838,10.7531],[5.2654,10.7589],[5.2654,10.733],[5.2504,10.7297],[5.2453,10.7196],[5.2345,10.7138],[5.2236,10.7188],[5.2069,10.7138],[5.1977,10.7255],[5.1792,10.7338],[5.1742,10.7422],[5.15,10.7497],[5.1374,10.7422],[5.1123,10.7405],[5.1081,10.7573],[5.1009,10.7598],[5.0797,10.7556],[5.0571,10.7397],[5.0404,10.7372],[5.027,10.7481],[5.0119,10.7405],[5.0086,10.7213],[4.9793,10.7171],[4.9735,10.7104],[4.9484,10.7012],[4.9417,10.6887],[4.9233,10.6937],[4.909,10.6878],[4.894,10.6937],[4.8906,10.7012],[4.8681,10.7004],[4.8622,10.7071],[4.8471,10.7046],[4.8145,10.7046],[4.807,10.6929],[4.8145,10.6744],[4.812,10.6619],[4.8028,10.6527],[4.7961,10.6293],[4.802,10.6134],[4.8237,10.595],[4.8279,10.5699],[4.822,10.559],[4.8187,10.5071],[4.8329,10.4879],[4.8451,10.4787],[4.8534,10.4603],[4.8526,10.4444],[4.8467,10.421],[4.8442,10.3892],[4.8403,10.3715],[4.8535,10.3203],[4.8546,10.2944],[4.8416,10.2925],[4.8028,10.2963],[4.7765,10.2955],[4.7489,10.3055],[4.7313,10.3147],[4.7129,10.3106],[4.702,10.2938],[4.702,10.2729],[4.7054,10.2528],[4.697,10.2403],[4.6694,10.2261],[4.6711,10.2118],[4.6786,10.1976],[4.6928,10.1801],[4.7054,10.1725],[4.7129,10.1617],[4.7108,10.1315],[4.6899,10.114],[4.6681,10.1131],[4.6439,10.1207],[4.6356,10.1276],[4.614,10.1225],[4.5794,10.132],[4.5269,10.1143],[4.53,10.1006],[4.5706,10.0694],[4.5855,10.0338],[4.5806,10.0063],[4.5743,9.9913],[4.5724,9.9757],[4.5787,9.9495],[4.5918,9.9127],[4.5924,9.9027],[4.5799,9.8796],[4.5949,9.8702],[4.6049,9.8452],[4.6221,9.8239]]]},"properties":{"lga_pcode":"NG027014","lga_name":"Magama","state_pcode":"NG027","state_name":"Niger"}},
{"type":"Feature","geometry":{"type":"Polygon","coordinates":[[[12.2466,11.9247],[12.2942,11.9308],[12.3349,11.929],[12.4097,11.9227],[12.4173,11.9158],[12.4479,11.9044],[12.5158,11.9177],[12.5677,11.9202],[12.6423,11.9251],[12.6578,11.9351],[12.6849,11.9625],[12.7071,12.0151],[12.7199,12.015],[12.7196,11.9911],[12.7064,11.9484],[12.7063,11.9321],[12.7124,11.9093],[12.7249,11.8841],[12.7427,11.8713],[12.7605,11.8648],[12.846,11.8665],[12.9385,11.8869],[12.9684,11.9034],[12.9826,11.9217],[12.9817,11.933],[12.9693,11.9606],[12.9648,11.9887],[12.9552,12.003],[12.9695,12.016],[12.9783,12.0332],[12.999,12.059],[13.0069,12.0771],[13.0081,12.0974],[13.0302,12.1374],[13.0335,12.1497],[13.0465,12.1648],[13.0608,12.1696],[13.0714,12.1781],[13.1238,12.1997],[13.119,12.2385],[13.1228,12.2642],[13.1315,12.3015],[13.1247,12.3117],[13.1099,12.2868],[13.0871,12.2802],[13.0485,12.2827],[13.008,12.2967],[12.953,12.3115],[12.9125,12.3187],[12.9022,12.329],[12.8828,12.3636],[12.8605,12.3705],[12.8323,12.3856],[12.809,12.401],[12.7913,12.4011],[12.7649,12.4074],[12.7422,12.4054],[12.6827,12.4186],[12.6511,12.4293],[12.6241,12.4519],[12.6009,12.4774],[12.58,12.4874],[12.564,12.49],[12.5174,12.4927],[12.4889,12.5039],[12.4676,12.521],[12.4525,12.5483],[12.4487,12.5618],[12.4339,12.5813],[12.4194,12.5544],[12.4062,12.5395],[12.3981,12.5195],[12.3638,12.4874],[12.3454,12.4799],[12.3405,12.4726],[12.3156,12.4591],[12.3004,12.4559],[12.2655,12.4311],[12.2606,12.4203],[12.2776,12.3682],[12.2984,12.3292],[12.304,12.3138],[12.3059,12.2872],[12.2979,12.262],[12.3031,12.2187],[12.2916,12.1702],[12.2742,12.109],[12.2554,12.0345],[12.2499,12.0049],[12.2488,11.9711],[12.2447,11.9358],[12.2466,11.9247]]]},"properties":{"lga_pcode":"NG008020","lga_name":"Magumeri","state_pcode":"NG008","state_name":"Borno"}},
{"type":"Feature","geometry":{"type":"Polygon","coordinates":[[[8.3556,13.0026],[8.3687,12.999],[8.3718,13.0119],[8.3968,13.0236],[8.4058,13.023],[8.4011,13.0709],[8.3904,13.0875],[8.3379,13.1236],[8.3166,13.1407],[8.2921,13.1714],[8.2545,13.202],[8.1819,13.2375],[8.1496,13.2706],[8.1296,13.2739],[8.1023,13.289],[8.0936,13.3023],[8.066,13.3042],[8.0623,13.268],[8.0635,13.253],[8.0754,13.2323],[8.0778,13.2184],[8.0755,13.2034],[8.0803,13.1861],[8.1102,13.1593],[8.1229,13.0924],[8.1336,13.0685],[8.1423,13.0636],[8.1445,13.0477],[8.1586,13.0431],[8.1649,13.0353],[8.1693,13.0269],[8.1712,13.0042],[8.1887,13.0103],[8.2275,12.9951],[8.2549,13.0172],[8.2843,13.0222],[8.2955,13.029],[8.3096,13.0462],[8.3224,13.0461],[8.3516,13.0343],[8.3556,13.0026]]]},"properties":{"lga_pcode":"NG021024","lga_name":"Mai'adua","state_pcode":"NG021","state_name":"Katsina"}},
{"type":"Feature","geometry":{"type":"Polygon","coordinates":[[[13.0809,11.9246],[13.0891,11.8908],[13.0878,11.8668],[13.0821,11.8518],[13.0916,11.8341],[13.0966,11.8162],[13.0728,11.7807],[13.0648,11.754],[13.0746,11.744],[13.1052,11.7571],[13.1121,11.766],[13.1477,11.7957],[13.1644,11.7947],[13.1647,11.8058],[13.1808,11.8121],[13.173,11.8452],[13.1748,11.8579],[13.1646,11.8651],[13.1518,11.8925],[13.1325,11.91],[13.1121,11.9195],[13.0809,11.9246]]]},"properties":{"lga_pcode":"NG008021","lga_name":"Maiduguri","state_pcode":"NG008","state_name":"Borno"}},
{"type":"Feature","geometry":{"type":"Polygon","coordinates":[[[9.6905,12.5516],[9.6971,12.5744],[9.7051,12.5875],[9.7156,12.5949],[9.7292,12.5868],[9.7417,12.5847],[9.7635,12.5985],[9.7675,12.6113],[9.7911,12.6303],[9.796,12.6614],[9.7855,12.6805],[9.7629,12.7092],[9.7508,12.745],[9.7323,12.7793],[9.7137,12.8008],[9.7004,12.8121],[9.6581,12.8091],[9.6474,12.8036],[9.5828,12.8073],[9.565,12.8067],[9.4947,12.81],[9.436,12.8188],[9.4292,12.8219],[9.3899,12.8225],[9.3813,12.8187],[9.3408,12.8144],[9.3339,12.8022],[9.3306,12.7823],[9.3184,12.7568],[9.3233,12.7417],[9.3354,12.7226],[9.3497,12.7077],[9.351,12.6837],[9.3567,12.6913],[9.3751,12.7018],[9.4083,12.7066],[9.4325,12.7041],[9.4431,12.7002],[9.4536,12.6858],[9.4738,12.6651],[9.4762,12.6555],[9.4713,12.6372],[9.5052,12.6092],[9.5075,12.6198],[9.5253,12.6131],[9.5421,12.5942],[9.5487,12.5916],[9.5659,12.5981],[9.5818,12.5955],[9.5831,12.5798],[9.5977,12.5681],[9.6176,12.5707],[9.6454,12.5837],[9.664,12.5849],[9.6733,12.5784],[9.6905,12.5516]]]},"properties":{"lga_pcode":"NG018020","lga_name":"Maigatari","state_pcode":"NG018","state_name":"Jigawa"}},
{"type":"Feature","geometry":{"type":"Polygon","coordinates":[[[13.1571,9.5238],[13.1774,9.5231],[13.1894,9.5288],[13.2041,9.5445],[13.2201,9.5425],[13.2368,9.5832],[13.2472,9.6042],[13.2398,9.6265],[13.2435,9.6395],[13.2395,9.6492],[13.2452,9.6619],[13.2545,9.6689],[13.2518,9.6892],[13.2605,9.7116],[13.2591,9.7179],[13.2648,9.7513],[13.2835,9.7723],[13.2972,9.7967],[13.2887,9.8179],[13.271,9.8291],[13.2392,9.8428],[13.2349,9.8501],[13.2254,9.8876],[13.2383,9.9095],[13.2524,9.9152],[13.2699,9.9281],[13.2846,9.9715],[13.2732,9.9897],[13.2558,9.999],[13.2474,10.0136],[13.2517,10.0274],[13.2788,10.0519],[13.2828,10.0614],[13.2609,10.0878],[13.249,10.0972],[13.2235,10.1094],[13.2177,10.1196],[13.2066,10.1265],[13.1929,10.1199],[13.1835,10.1259],[13.1785,10.1379],[13.173,10.1769],[13.1553,10.2016],[13.1468,10.2068],[13.1246,10.2308],[13.1228,10.1995],[13.1191,10.1741],[13.1091,10.1299],[13.0893,10.0899],[13.0649,10.0522],[13.0569,10.0263],[13.0475,9.9997],[13.0427,9.9574],[13.0507,9.9117],[13.0542,9.9014],[13.0553,9.8717],[13.0587,9.8454],[13.0633,9.8316],[13.0805,9.7951],[13.0921,9.7745],[13.0932,9.755],[13.0885,9.7413],[13.0907,9.6808],[13.0848,9.6453],[13.0848,9.62],[13.0882,9.603],[13.0835,9.579],[13.0829,9.5616],[13.1192,9.5438],[13.127,9.5341],[13.1571,9.5238]]]},"properties":{"lga_pcode":"NG002011","lga_name":"Maiha","state_pcode":"NG002","state_name":"Adamawa"}},
{"type":"Feature","geometry":{"type":"Polygon","coordinates":[[[4.1163,12.0715],[4.1453,12.0769],[4.163,12.0721],[4.1785,12.0614],[4.1882,12.0464],[4.2104,12.0008],[4.2709,11.8977],[4.2747,11.8856],[4.2592,11.8486],[4.2568,11.8257],[4.2571,11.8003],[4.269,11.7731],[4.2842,11.7527],[4.2959,11.7432],[4.305,11.7237],[4.3109,11.7261],[4.327,11.7189],[4.3487,11.7275],[4.3615,11.7413],[4.3858,11.7499],[4.4003,11.7467],[4.4079,11.736],[4.4131,11.7173],[4.4252,11.7101],[4.4366,11.7137],[4.4707,11.7348],[4.4921,11.7449],[4.5045,11.7696],[4.5213,11.7766],[4.532,11.794],[4.5447,11.8035],[4.5376,11.8276],[4.5351,11.8634],[4.5041,11.8773],[4.4807,11.8937],[4.444,11.9068],[4.4353,11.935],[4.4073,11.9601],[4.3756,12.0054],[4.3558,12.0166],[4.3512,12.0297],[4.3628,12.0324],[4.3688,12.0448],[4.3686,12.0606],[4.3816,12.0906],[4.3845,12.1398],[4.3799,12.1511],[4.3262,12.1689],[4.272,12.1629],[4.2365,12.1502],[4.2149,12.1312],[4.191,12.1354],[4.1882,12.159],[4.1916,12.1742],[4.204,12.1859],[4.2427,12.1958],[4.2653,12.2055],[4.2723,12.2301],[4.2577,12.2263],[4.2378,12.2297],[4.2384,12.2427],[4.2552,12.2451],[4.2729,12.2424],[4.283,12.2483],[4.2768,12.2764],[4.2765,12.3009],[4.2721,12.3038],[4.2424,12.305],[4.2267,12.2967],[4.1857,12.2875],[4.1647,12.267],[4.1554,12.2524],[4.1287,12.2471],[4.1311,12.2304],[4.1279,12.2049],[4.1193,12.1811],[4.1163,12.1425],[4.1042,12.1142],[4.0922,12.1014],[4.0983,12.0828],[4.1163,12.0715]]]},"properties":{"lga_pcode":"NG022014","lga_name":"Maiyama","state_pcode":"NG022","state_name":"Kebbi"}},
{"type":"Feature","geometry":{"type":"Polygon","coordinates":[[[8.4757,12.2463],[8.4869,12.2552],[8.4981,12.2738],[8.5084,12.259],[8.5179,12.2547],[8.5271,12.2573],[8.5426,12.2485],[8.5552,12.2559],[8.5616,12.2712],[8.5729,12.2809],[8.5837,12.2731],[8.5878,12.2546],[8.5974,12.2468],[8.6113,12.2507],[8.6048,12.2691],[8.5938,12.2839],[8.5871,12.3026],[8.5809,12.3073],[8.5759,12.33],[8.5568,12.341],[8.5495,12.3501],[8.5443,12.3662],[8.5346,12.3824],[8.5139,12.385],[8.4954,12.3748],[8.4861,12.3646],[8.4706,12.359],[8.4592,12.362],[8.4716,12.3783],[8.4912,12.389],[8.4964,12.3956],[8.4963,12.4175],[8.4891,12.4474],[8.472,12.4499],[8.4602,12.4459],[8.4519,12.4575],[8.4459,12.4753],[8.4319,12.4926],[8.4454,12.4987],[8.4619,12.5135],[8.4831,12.5033],[8.4919,12.4901],[8.5182,12.4835],[8.5416,12.4831],[8.5666,12.4952],[8.5576,12.5194],[8.5333,12.5489],[8.5386,12.563],[8.5491,12.561],[8.5565,12.5723],[8.5425,12.5891],[8.5347,12.5903],[8.4993,12.586],[8.4635,12.5843],[8.446,12.5655],[8.4311,12.5366],[8.4224,12.5137],[8.4035,12.4902],[8.3919,12.4808],[8.3831,12.4437],[8.3912,12.4125],[8.4163,12.3947],[8.4272,12.3834],[8.4286,12.3753],[8.4458,12.349],[8.4368,12.3396],[8.4709,12.3066],[8.4767,12.2777],[8.4757,12.2463]]]},"properties":{"lga_pcode":"NG020029","lga_name":"Makoda","state_pcode":"NG020","state_name":"Kano"}},
{"type":"Feature","geometry":{"type":"Polygon","coordinates":[[[8.3722,7.77],[8.3697,7.7443],[8.3747,7.6991],[8.3802,7.6817],[8.3892,7.6691],[8.4085,7.6611],[8.4107,7.6536],[8.4281,7.6319],[8.4455,7.6189],[8.464,7.6113],[8.4595,7.6015],[8.5004,7.5899],[8.5376,7.5876],[8.5734,7.5978],[8.5971,7.6141],[8.6199,7.6336],[8.6367,7.6555],[8.6562,7.6876],[8.6605,7.7031],[8.666,7.7392],[8.6655,7.7643],[8.6599,7.7839],[8.6474,7.8099],[8.6316,7.8294],[8.6069,7.8532],[8.586,7.8676],[8.5581,7.8792],[8.5381,7.8848],[8.5153,7.8867],[8.4743,7.882],[8.4283,7.8564],[8.4047,7.8368],[8.3966,7.8294],[8.3939,7.8099],[8.412,7.7764],[8.4032,7.7662],[8.3722,7.77]]]},"properties":{"lga_pcode":"NG007013","lga_name":"Makurdi","state_pcode":"NG007","state_name":"Benue"}},
{"type":"Feature","geometry":{"type":"Polygon","coordinates":[[[10.0286,12.4395],[10.0225,12.4693],[10.0315,12.486],[10.0539,12.4938],[10.06,12.5047],[10.0656,12.521],[10.0834,12.5416],[10.0948,12.5702],[10.1045,12.5591],[10.1247,12.5574],[10.1369,12.5653],[10.1402,12.5765],[10.1547,12.5732],[10.1702,12.5843],[10.1799,12.6074],[10.1606,12.6305],[10.1841,12.6392],[10.189,12.6623],[10.1972,12.6814],[10.1956,12.6957],[10.1885,12.704],[10.1648,12.6934],[10.1057,12.6753],[10.1041,12.6952],[10.0936,12.7016],[10.0766,12.6969],[10.0599,12.671],[10.0364,12.6552],[9.9764,12.6347],[9.9432,12.63],[9.9028,12.634],[9.8793,12.6301],[9.8737,12.6362],[9.8521,12.6003],[9.8448,12.5812],[9.8415,12.5566],[9.8317,12.5375],[9.8301,12.5256],[9.822,12.5128],[9.7976,12.4978],[9.792,12.4882],[9.7636,12.4692],[9.7441,12.4445],[9.7514,12.4326],[9.7797,12.4349],[9.8881,12.4299],[9.9293,12.417],[9.9404,12.4056],[9.9162,12.3922],[9.8961,12.3757],[9.8866,12.3603],[9.9082,12.3661],[9.9211,12.3765],[9.9689,12.4034],[9.9779,12.4169],[9.9892,12.4121],[9.9941,12.4193],[10.0159,12.4296],[10.0286,12.4395]]]},"properties":{"lga_pcode":"NG018021","lga_name":"Malam Madori","state_pcode":"NG018","state_name":"Jigawa"}},
{"type":"Feature","geometry":{"type":"Polygon","coordinates":[[[7.5384,11.6865],[7.5462,11.7048],[7.5493,11.7227],[7.562,11.7277],[7.5779,11.724],[7.59,11.6966],[7.6078,11.6935],[7.6248,11.7255],[7.6228,11.7455],[7.6535,11.7588],[7.6728,11.7575],[7.688,11.7984],[7.6974,11.8122],[7.7525,11.8355],[7.7716,11.85],[7.7898,11.8523],[7.805,11.8367],[7.8272,11.8399],[7.8487,11.8462],[7.865,11.8566],[7.86,11.8719],[7.8424,11.9074],[7.837,11.9367],[7.8332,11.9701],[7.8372,11.9901],[7.7965,11.9957],[7.7481,12.0041],[7.7409,12.0143],[7.7298,12.0189],[7.7108,12.0149],[7.6616,12.0116],[7.6403,12.0061],[7.6167,11.996],[7.6073,11.9804],[7.5928,11.9647],[7.5667,11.95],[7.5815,11.939],[7.6138,11.9423],[7.617,11.9394],[7.6209,11.9085],[7.6139,11.8998],[7.5981,11.8897],[7.5931,11.8741],[7.5926,11.841],[7.587,11.8153],[7.561,11.819],[7.5359,11.8152],[7.5115,11.8023],[7.4987,11.7923],[7.4813,11.7904],[7.4354,11.7974],[7.404,11.7964],[7.4117,11.7723],[7.4282,11.7481],[7.4542,11.7366],[7.4601,11.7262],[7.4826,11.7055],[7.4885,11.6882],[7.511,11.6721],[7.5286,11.6779],[7.5384,11.6865]]]},"properties":{"lga_pcode":"NG021025","lga_name":"Malumfashi","state_pcode":"NG021","state_name":"Katsina"}},
{"type":"Feature","geometry":{"type":"Polygon","coordinates":[[[9.0051,9.4477],[9.0235,9.4349],[9.0313,9.4213],[9.033,9.4023],[9.0433,9.3977],[9.0634,9.3793],[9.0818,9.3569],[9.1081,9.3291],[9.1206,9.3084],[9.1242,9.2314],[9.1308,9.2124],[9.1301,9.1872],[9.1248,9.1754],[9.1255,9.1619],[9.1174,9.1268],[9.1099,9.0821],[9.105,9.0711],[9.1164,9.0669],[9.1229,9.0499],[9.1279,9.025],[9.1253,8.9978],[9.1281,8.9806],[9.134,8.977],[9.149,8.9854],[9.1581,8.9974],[9.1731,9.0077],[9.1839,9.0236],[9.1915,9.0259],[9.2023,9.0418],[9.219,9.0561],[9.2373,9.0762],[9.2617,9.0908],[9.3064,9.1115],[9.3056,9.1268],[9.2792,9.1588],[9.252,9.1893],[9.2474,9.1972],[9.2475,9.2186],[9.2407,9.2479],[9.2452,9.2783],[9.2509,9.2975],[9.2769,9.3443],[9.2838,9.3597],[9.3179,9.3673],[9.3316,9.3763],[9.3259,9.4304],[9.3305,9.4506],[9.3271,9.4585],[9.3067,9.4664],[9.2863,9.4856],[9.2738,9.4924],[9.2704,9.5048],[9.2976,9.5262],[9.2908,9.5438],[9.2918,9.5651],[9.301,9.5751],[9.3221,9.5802],[9.3187,9.5876],[9.3227,9.6051],[9.3201,9.6185],[9.2954,9.6257],[9.2846,9.6361],[9.2914,9.6577],[9.2878,9.6923],[9.2793,9.7093],[9.2713,9.7167],[9.2488,9.7001],[9.24,9.6818],[9.2117,9.7006],[9.2025,9.704],[9.1943,9.7152],[9.1522,9.7448],[9.1261,9.7315],[9.1132,9.7193],[9.1017,9.7169],[9.0871,9.6989],[9.108,9.665],[9.1317,9.6526],[9.138,9.6413],[9.1388,9.6239],[9.1317,9.6101],[9.1096,9.5879],[9.0646,9.5691],[9.0442,9.5467],[9.0206,9.5127],[9.0115,9.46],[9.0051,9.4477]]]},"properties":{"lga_pcode":"NG032011","lga_name":"Mangu","state_pcode":"NG032","state_name":"Plateau"}},
{"type":"Feature","geometry":{"type":"Polygon","coordinates":[[[7.9708,12.7429],[7.9778,12.724],[7.999,12.7159],[8.0143,12.7217],[8.0365,12.7357],[8.0552,12.7611],[8.0813,12.7812],[8.0945,12.7847],[8.1011,12.8072],[8.0856,12.8154],[8.0777,12.834],[8.0866,12.8614],[8.0947,12.8755],[8.1017,12.8963],[8.1003,12.9063],[8.0686,12.9514],[8.0554,12.962],[8.0436,12.9623],[8.0332,12.9384],[8.0266,12.9313],[8.0095,12.9319],[7.9826,12.9447],[7.9629,12.935],[7.957,12.9207],[7.9452,12.9207],[7.9297,12.9352],[7.9274,12.9433],[7.9102,12.9697],[7.8989,13.0019],[7.8864,13.0135],[7.881,13.0436],[7.8691,13.0667],[7.8573,13.084],[7.8572,13.0977],[7.8469,13.0935],[7.8346,13.0804],[7.8255,13.048],[7.808,13.0308],[7.7981,13.016],[7.7913,12.9816],[7.797,12.9559],[7.7729,12.8901],[7.7704,12.871],[7.7711,12.8489],[7.7878,12.8195],[7.7876,12.8073],[7.8094,12.8144],[7.8208,12.7972],[7.841,12.8022],[7.8605,12.8],[7.8833,12.8162],[7.9058,12.8262],[7.9271,12.8251],[7.948,12.8484],[7.9605,12.8517],[7.992,12.8472],[8.0176,12.8537],[8.0223,12.8441],[8.0047,12.7794],[7.9955,12.7678],[7.9805,12.7561],[7.9708,12.7429]]]},"properties":{"lga_pcode":"NG021026","lga_name":"Mani","state_pcode":"NG021","state_name":"Katsina"}},
{"type":"Feature","geometry":{"type":"Polygon","coordinates":[[[6.0996,12.6634],[6.1047,12.6483],[6.1319,12.6145],[6.1368,12.5998],[6.1475,12.5883],[6.1507,12.551],[6.1455,12.5176],[6.1471,12.4915],[6.1591,12.4664],[6.1727,12.4512],[6.1901,12.4376],[6.213,12.4256],[6.2218,12.4305],[6.2362,12.4162],[6.2636,12.4346],[6.2892,12.4305],[6.3023,12.4248],[6.3197,12.4185],[6.3355,12.4033],[6.3717,12.3825],[6.3787,12.3757],[6.4027,12.3623],[6.4233,12.3604],[6.4284,12.3625],[6.462,12.4124],[6.4655,12.4314],[6.4754,12.4522],[6.4718,12.4646],[6.4566,12.4813],[6.4428,12.5052],[6.4421,12.5253],[6.4359,12.5371],[6.4407,12.5795],[6.4373,12.5948],[6.4497,12.651],[6.4696,12.648],[6.4818,12.6496],[6.5063,12.643],[6.5246,12.6484],[6.5367,12.6597],[6.5478,12.6778],[6.5615,12.72],[6.54,12.7378],[6.5101,12.7519],[6.4811,12.7487],[6.4583,12.7328],[6.4216,12.7316],[6.4017,12.7399],[6.4016,12.7609],[6.4122,12.7723],[6.4403,12.7935],[6.4577,12.8131],[6.4633,12.826],[6.459,12.8395],[6.4269,12.8445],[6.3985,12.8623],[6.3954,12.8706],[6.395,12.9216],[6.3964,12.9397],[6.4017,12.954],[6.4146,12.9653],[6.4237,12.9837],[6.4311,12.9872],[6.4455,12.9998],[6.4311,13.012],[6.4189,13.0127],[6.3317,13.0084],[6.2979,13.0036],[6.2409,13.0068],[6.2151,13.0138],[6.2053,13.0553],[6.1888,13.066],[6.1661,13.0687],[6.1516,13.0749],[6.1316,13.0722],[6.102,13.0598],[6.0723,13.0398],[6.0279,13.0213],[6.0203,13.0085],[6.0247,12.9929],[6.0261,12.9708],[6.0401,12.9384],[6.0357,12.9221],[6.0101,12.9048],[6.008,12.8851],[6.0179,12.8361],[6.0322,12.787],[6.0455,12.7541],[6.0706,12.722],[6.0802,12.6935],[6.0996,12.6634]]]},"properties":{"lga_pcode":"NG037009","lga_name":"Maradun","state_pcode":"NG037","state_name":"Zamfara"}},
{"type":"Feature","geometry":{"type":"Polygon","coordinates":[[[6.1613,10.8661],[6.1644,10.8729],[6.1604,10.9026],[6.1596,10.9259],[6.1524,10.9299],[6.146,10.9572],[6.1146,11.0014],[6.0648,11.0319],[6.0528,11.0432],[6.0327,11.0753],[6.0263,11.101],[6.0263,11.1139],[6.0159,11.138],[6.0085,11.141],[5.9934,11.146],[5.9741,11.1364],[5.9516,11.1066],[5.9211,11.0705],[5.9114,11.0649],[5.8632,11.0576],[5.8333,11.0562],[5.8054,11.0448],[5.7958,11.044],[5.7653,11.0287],[5.742,11.0038],[5.7042,10.9902],[5.6801,10.9757],[5.6641,10.9733],[5.6568,10.9669],[5.6367,10.9621],[5.6094,10.9653],[5.5749,10.9653],[5.5339,10.9613],[5.5147,10.9621],[5.4584,10.9532],[5.4528,10.9564],[5.4405,10.9854],[5.4345,10.9681],[5.4182,10.9465],[5.401,10.9352],[5.3899,10.9206],[5.3692,10.9118],[5.3556,10.8769],[5.3604,10.8376],[5.3661,10.8151],[5.3637,10.8014],[5.3556,10.8006],[5.3548,10.783],[5.3494,10.7663],[5.3474,10.7255],[5.3491,10.7054],[5.3566,10.6778],[5.3556,10.6212],[5.3968,10.5773],[5.4228,10.5672],[5.4635,10.5651],[5.4933,10.6159],[5.5379,10.6608],[5.5716,10.674],[5.583,10.657],[5.5952,10.6459],[5.6217,10.5957],[5.627,10.582],[5.6442,10.5794],[5.6735,10.5397],[5.6778,10.5231],[5.6747,10.5126],[5.6802,10.5016],[5.6809,10.4788],[5.6852,10.4543],[5.6827,10.4082],[5.6962,10.3639],[5.6932,10.3394],[5.6799,10.2896],[5.6852,10.2726],[5.7119,10.2347],[5.7406,10.2386],[5.7623,10.2378],[5.7782,10.2294],[5.8527,10.175],[5.9028,10.1575],[5.9338,10.1374],[5.9723,10.0956],[5.9915,10.083],[5.9992,10.0704],[6.0054,10.0753],[6.0223,10.0753],[6.0303,10.1043],[6.0142,10.1115],[6.0175,10.1259],[6.0324,10.1345],[6.0199,10.1492],[6.0211,10.1838],[6.0251,10.195],[6.0187,10.2288],[6.0315,10.236],[6.0379,10.2472],[6.042,10.2737],[6.0588,10.2978],[6.0452,10.3147],[6.0412,10.3396],[6.0452,10.3637],[6.0379,10.3974],[6.0444,10.4183],[6.0476,10.4424],[6.054,10.4536],[6.0897,10.4753],[6.0865,10.5155],[6.0914,10.5227],[6.093,10.546],[6.1074,10.5468],[6.1211,10.5532],[6.1275,10.5693],[6.1275,10.5934],[6.1146,10.599],[6.113,10.6127],[6.1203,10.6271],[6.1251,10.6496],[6.1371,10.6697],[6.1355,10.6777],[6.1187,10.6842],[6.1114,10.6954],[6.0914,10.7002],[6.0914,10.7083],[6.1034,10.7187],[6.113,10.7396],[6.1082,10.7597],[6.0994,10.7709],[6.1106,10.7966],[6.1082,10.8135],[6.1211,10.8143],[6.1311,10.824],[6.1227,10.8448],[6.1371,10.852],[6.1546,10.8554],[6.1613,10.8661]]]},"properties":{"lga_pcode":"NG027015","lga_name":"Mariga","state_pcode":"NG027","state_name":"Niger"}},
{"type":"Feature","geometry":{"type":"Polygon","coordinates":[[[7.9694,11.4588],[7.9458,11.4589],[7.9372,11.4417],[7.8927,11.4045],[7.8824,11.4005],[7.8696,11.3844],[7.8523,11.3787],[7.8339,11.3774],[7.8285,11.3671],[7.8393,11.3507],[7.8327,11.3347],[7.8402,11.3265],[7.8606,11.318],[7.8702,11.302],[7.8682,11.2811],[7.8566,11.2782],[7.8391,11.288],[7.8171,11.2899],[7.8118,11.269],[7.8301,11.2486],[7.8427,11.215],[7.8644,11.1972],[7.8759,11.1999],[7.9068,11.2198],[7.954,11.2235],[8.0033,11.2242],[8.0217,11.2138],[8.0559,11.2023],[8.0541,11.2189],[8.0649,11.2232],[8.089,11.2251],[8.1161,11.2337],[8.1356,11.2473],[8.1297,11.262],[8.1127,11.2856],[8.0862,11.3084],[8.0715,11.3283],[8.0512,11.3487],[8.0339,11.3623],[8.025,11.3652],[8.0017,11.4041],[7.9949,11.4266],[7.9694,11.4588]]]},"properties":{"lga_pcode":"NG019018","lga_name":"Markafi","state_pcode":"NG019","state_name":"Kaduna"}},
{"type":"Feature","geometry":{"type":"Polygon","coordinates":[[[13.9708,12.1593],[13.9661,12.1687],[13.963,12.1925],[13.9657,12.2001],[13.9971,12.2285],[14.0173,12.2595],[14.0529,12.3471],[14.0421,12.3727],[14.0474,12.3819],[14.0699,12.3934],[14.0919,12.4236],[14.1726,12.5907],[14.1632,12.6485],[14.1528,12.705],[14.1336,12.7042],[14.1115,12.6985],[14.0669,12.6931],[14.0112,12.6917],[13.976,12.6844],[13.9565,12.6826],[13.9028,12.6829],[13.8514,12.6897],[13.8214,12.6867],[13.7906,12.6778],[13.7751,12.6618],[13.7509,12.6076],[13.7344,12.561],[13.7331,12.5186],[13.7275,12.4971],[13.7272,12.4756],[13.7202,12.4578],[13.6907,12.4273],[13.6482,12.4122],[13.6033,12.389],[13.5527,12.3867],[13.5209,12.3811],[13.4905,12.3696],[13.4784,12.3486],[13.4666,12.3368],[13.4625,12.3015],[13.4662,12.2773],[13.4867,12.2479],[13.5005,12.2137],[13.5155,12.2],[13.5598,12.1736],[13.5893,12.1414],[13.6059,12.1319],[13.6241,12.1268],[13.6722,12.1248],[13.6899,12.1285],[13.7038,12.1358],[13.7285,12.1725],[13.7422,12.1824],[13.7601,12.2006],[13.789,12.187],[13.8208,12.1747],[13.842,12.171],[13.861,12.1721],[13.8812,12.1513],[13.8871,12.1226],[13.8985,12.1233],[13.9534,12.1127],[13.9629,12.1222],[13.9719,12.1475],[13.9708,12.1593]]]},"properties":{"lga_pcode":"NG008022","lga_name":"Marte","state_pcode":"NG008","state_name":"Borno"}},
{"type":"Feature","geometry":{"type":"Polygon","coordinates":[[[5.8833,11.6654],[5.876,11.6358],[5.8699,11.626],[5.8429,11.6101],[5.8404,11.5907],[5.8234,11.5652],[5.8172,11.5362],[5.8166,11.5136],[5.82,11.4955],[5.827,11.4797],[5.8563,11.4795],[5.9176,11.4903],[5.9665,11.4899],[5.9922,11.487],[6.0091,11.4804],[6.0211,11.4694],[6.0299,11.4541],[6.0663,11.4187],[6.1306,11.3745],[6.1494,11.3458],[6.155,11.3091],[6.1289,11.2537],[6.0624,11.2427],[6.0545,11.24],[6.036,11.2215],[6.0229,11.1977],[6.0177,11.1819],[6.0085,11.141],[6.0159,11.138],[6.0263,11.1139],[6.0263,11.101],[6.0327,11.0753],[6.0528,11.0432],[6.0648,11.0319],[6.1146,11.0014],[6.146,10.9572],[6.1524,10.9299],[6.1596,10.9259],[6.1604,10.9026],[6.1644,10.8729],[6.1613,10.8661],[6.189,10.8716],[6.2012,10.8634],[6.2175,10.8885],[6.2263,10.8953],[6.2236,10.9109],[6.2283,10.919],[6.2338,10.9455],[6.2453,10.9482],[6.2636,10.9658],[6.2772,10.9658],[6.2826,10.9774],[6.3091,11.0093],[6.3226,11.0174],[6.3457,11.0235],[6.3639,11.02],[6.3749,11.031],[6.3925,11.0337],[6.4115,11.0303],[6.42,11.0141],[6.4393,10.9984],[6.4468,11.0038],[6.4637,11.0011],[6.4718,11.0215],[6.4868,11.0201],[6.5078,11.0133],[6.5173,11.0262],[6.5485,11.0282],[6.5756,11.0235],[6.5953,11.0411],[6.6068,11.0472],[6.6455,11.0486],[6.6679,11.0622],[6.676,11.0574],[6.6916,11.073],[6.6869,11.0906],[6.7065,11.0954],[6.716,11.1062],[6.7079,11.1144],[6.714,11.1313],[6.7296,11.1436],[6.7316,11.1612],[6.7425,11.1745],[6.733,11.2019],[6.7435,11.2168],[6.7455,11.2433],[6.7244,11.2593],[6.705,11.2885],[6.6661,11.3572],[6.6654,11.3857],[6.6619,11.4003],[6.6534,11.4136],[6.6581,11.4661],[6.6305,11.5511],[6.6234,11.564],[6.6068,11.5751],[6.5797,11.5749],[6.5482,11.5868],[6.513,11.6081],[6.5002,11.5968],[6.4652,11.6],[6.4512,11.605],[6.432,11.617],[6.4292,11.6386],[6.4557,11.6836],[6.455,11.6972],[6.4346,11.74],[6.4291,11.7736],[6.4437,11.815],[6.4852,11.8635],[6.4956,11.8825],[6.4962,11.9152],[6.4671,11.961],[6.445,11.993],[6.3803,12.0265],[6.3664,12.0383],[6.3684,12.0581],[6.3606,12.0849],[6.342,12.1024],[6.3393,12.1163],[6.3531,12.1362],[6.3896,12.1658],[6.407,12.1753],[6.4374,12.1979],[6.4295,12.2125],[6.4294,12.228],[6.4362,12.247],[6.4412,12.2806],[6.4441,12.3243],[6.4233,12.3604],[6.4027,12.3623],[6.3787,12.3757],[6.3717,12.3825],[6.3355,12.4033],[6.3197,12.4185],[6.3023,12.4248],[6.29,12.4101],[6.2544,12.3834],[6.2491,12.3675],[6.2313,12.3515],[6.1993,12.3265],[6.1923,12.2983],[6.1943,12.2771],[6.1839,12.2259],[6.1568,12.1834],[6.1515,12.1653],[6.1417,12.1452],[6.1315,12.1348],[6.1335,12.1295],[6.1318,12.0592],[6.1259,12.0341],[6.1335,12.0015],[6.146,11.9656],[6.1627,11.9346],[6.1803,11.9246],[6.2104,11.8819],[6.2339,11.8075],[6.2506,11.7899],[6.2673,11.7857],[6.2762,11.7723],[6.2667,11.7465],[6.2463,11.7159],[6.2578,11.6977],[6.2506,11.6571],[6.2389,11.6496],[6.2229,11.6459],[6.1811,11.6243],[6.1792,11.6206],[6.1528,11.6149],[6.1157,11.6231],[6.0883,11.6485],[6.0722,11.6569],[6.0253,11.6565],[5.9969,11.6526],[5.9686,11.6366],[5.9408,11.6475],[5.9197,11.6618],[5.9041,11.6658],[5.8833,11.6654]]]},"properties":{"lga_pcode":"NG037010","lga_name":"Maru","state_pcode":"NG037","state_name":"Zamfara"}},
{"type":"Feature","geometry":{"type":"Polygon","coordinates":[[[4.6119,9.428],[4.6261,9.4466],[4.6266,9.4573],[4.6363,9.4791],[4.6383,9.5162],[4.6444,9.5497],[4.6652,9.5929],[4.6769,9.6],[4.6932,9.5985],[4.7135,9.5797],[4.7191,9.567],[4.7531,9.5482],[4.7648,9.5457],[4.809,9.5477],[4.8308,9.5375],[4.8349,9.5304],[4.84,9.501],[4.8364,9.4791],[4.8395,9.4603],[4.8339,9.3984],[4.8471,9.3786],[4.8659,9.3689],[4.8923,9.3669],[4.9278,9.3506],[4.9517,9.3491],[4.9695,9.3542],[5.0396,9.3963],[5.0696,9.4187],[5.1341,9.4476],[5.1605,9.4573],[5.1917,9.4629],[5.2344,9.4807],[5.245,9.4905],[5.2768,9.512],[5.2846,9.5278],[5.2873,9.5445],[5.2927,9.6033],[5.3025,9.6544],[5.3091,9.667],[5.324,9.6785],[5.3523,9.6878],[5.3847,9.6881],[5.4005,9.6832],[5.4084,9.6907],[5.5256,9.7263],[5.5419,9.7306],[5.5523,9.7214],[5.6078,9.6858],[5.6092,9.6915],[5.595,9.7191],[5.596,9.7285],[5.6223,9.7446],[5.6599,9.7602],[5.7623,9.7308],[5.7824,9.7166],[5.7997,9.7132],[5.8333,9.7207],[5.871,9.7842],[5.8732,9.8157],[5.894,9.8665],[5.9079,9.8952],[5.9307,9.9158],[5.9505,9.9249],[5.9806,9.9425],[5.9882,9.9567],[5.9798,9.9759],[5.9915,9.9851],[6.0041,10.0019],[5.9965,10.0102],[5.9965,10.0245],[5.9915,10.0328],[5.9924,10.0537],[5.9992,10.0704],[5.9915,10.083],[5.9723,10.0956],[5.9338,10.1374],[5.9028,10.1575],[5.8527,10.175],[5.7782,10.2294],[5.7623,10.2378],[5.7406,10.2386],[5.7119,10.2347],[5.6971,10.2286],[5.6511,10.2152],[5.6126,10.216],[5.5672,10.2244],[5.536,10.2335],[5.5012,10.2469],[5.4944,10.2391],[5.4757,10.2056],[5.4585,10.2003],[5.4356,10.2132],[5.416,10.2328],[5.4068,10.2461],[5.3792,10.2528],[5.3256,10.2428],[5.2684,10.259],[5.2137,10.2843],[5.1737,10.2921],[5.1562,10.2712],[5.1328,10.2553],[5.1086,10.2328],[5.0885,10.2236],[5.0375,10.2077],[5.009,10.201],[4.9789,10.1993],[4.9513,10.1725],[4.9287,10.1642],[4.9212,10.1441],[4.9178,10.1173],[4.9128,10.1031],[4.9095,10.0638],[4.9095,10.0362],[4.9153,10.0111],[4.9136,9.9985],[4.9015,9.9676],[4.894,9.9592],[4.8647,9.9567],[4.8313,9.9793],[4.7995,9.991],[4.7668,9.9885],[4.7342,9.9651],[4.6982,9.9266],[4.6606,9.8814],[4.6414,9.848],[4.6221,9.8239],[4.633,9.7828],[4.6367,9.7453],[4.6367,9.7197],[4.6305,9.7129],[4.6168,9.7116],[4.6099,9.7041],[4.5968,9.666],[4.5812,9.633],[4.5543,9.5855],[4.5425,9.5612],[4.5437,9.5349],[4.5525,9.5075],[4.6012,9.4563],[4.6111,9.4363],[4.6119,9.428]]]},"properties":{"lga_pcode":"NG027016","lga_name":"Mashegu","state_pcode":"NG027","state_name":"Niger"}},
{"type":"Feature","geometry":{"type":"Polygon","coordinates":[[[8.1649,13.0353],[8.1586,13.0431],[8.1445,13.0477],[8.1423,13.0636],[8.1336,13.0685],[8.1229,13.0924],[8.1102,13.1593],[8.0803,13.1861],[8.0755,13.2034],[8.0778,13.2184],[8.0754,13.2323],[8.0635,13.253],[8.0623,13.268],[8.066,13.3042],[8.0157,13.3146],[7.9863,13.3179],[7.9746,13.3155],[7.9617,13.3189],[7.937,13.3175],[7.8913,13.3241],[7.8748,13.324],[7.8478,13.3296],[7.818,13.3304],[7.8225,13.2899],[7.8344,13.2728],[7.8664,13.2532],[7.9021,13.241],[7.9259,13.2301],[7.9384,13.2172],[7.936,13.1718],[7.9236,13.1582],[7.8909,13.1425],[7.8718,13.1126],[7.8572,13.0977],[7.8573,13.084],[7.8691,13.0667],[7.881,13.0436],[7.8864,13.0135],[7.8989,13.0019],[7.9102,12.9697],[7.9274,12.9433],[7.9297,12.9352],[7.9452,12.9207],[7.957,12.9207],[7.9629,12.935],[7.9826,12.9447],[8.0095,12.9319],[8.0266,12.9313],[8.0332,12.9384],[8.0436,12.9623],[8.0554,12.962],[8.0515,12.9778],[8.0377,12.9955],[8.0529,13.0059],[8.0659,13.0025],[8.0789,12.9898],[8.0918,12.9898],[8.1024,12.9968],[8.1058,13.0106],[8.1129,13.0176],[8.1552,13.0281],[8.1649,13.0353]]]},"properties":{"lga_pcode":"NG021027","lga_name":"Mashi","state_pcode":"NG021","state_name":"Katsina"}},
{"type":"Feature","geometry":{"type":"Polygon","coordinates":[[[7.5181,12.1134],[7.5342,12.1123],[7.5595,12.1221],[7.5717,12.1355],[7.5965,12.1421],[7.6374,12.1501],[7.6505,12.1594],[7.6866,12.1715],[7.74,12.2013],[7.7569,12.2051],[7.77,12.2157],[7.7734,12.2449],[7.79,12.2844],[7.7657,12.2962],[7.7538,12.3077],[7.7386,12.3077],[7.7133,12.3154],[7.6876,12.3203],[7.6814,12.3411],[7.6686,12.3514],[7.6547,12.3558],[7.638,12.3551],[7.6295,12.3671],[7.6159,12.3652],[7.5936,12.3547],[7.5807,12.357],[7.5453,12.3719],[7.5324,12.3719],[7.5265,12.3638],[7.5291,12.3234],[7.515,12.3107],[7.5172,12.27],[7.5374,12.2611],[7.5314,12.2422],[7.5202,12.2222],[7.5238,12.1871],[7.5314,12.17],[7.5475,12.1498],[7.5396,12.1275],[7.5181,12.1134]]]},"properties":{"lga_pcode":"NG021028","lga_name":"Matazu","state_pcode":"NG021","state_name":"Katsina"}},
{"type":"Feature","geometry":{"type":"Polygon","coordinates":[[[11.7964,8.5462],[11.8115,8.5645],[11.8521,8.6239],[11.8765,8.6376],[11.8911,8.6496],[11.9159,8.6695],[11.9182,8.6752],[11.9449,8.7061],[11.9635,8.7232],[12.0005,8.7524],[12.0305,8.7831],[12.0462,8.8104],[12.0575,8.8223],[12.0895,8.8366],[12.1147,8.8535],[12.1583,8.891],[12.1757,8.8989],[12.1971,8.9151],[12.2255,8.9489],[12.2271,8.9568],[12.23,8.9827],[12.2197,8.991],[12.1848,9.0098],[12.1591,9.0295],[12.1447,9.0315],[12.1181,9.0282],[12.0799,9.0179],[12.059,9.0182],[12.0643,9.0529],[12.0706,9.0631],[12.0841,9.0702],[12.111,9.0771],[12.1463,9.0932],[12.1845,9.098],[12.1949,9.1082],[12.2068,9.1625],[12.2155,9.2147],[12.2157,9.2388],[12.1857,9.2098],[12.1579,9.1961],[12.1196,9.1733],[12.1092,9.171],[12.0838,9.1836],[12.0669,9.1885],[12.0977,9.2166],[12.1136,9.2334],[12.1149,9.2403],[12.0877,9.2528],[12.03,9.2738],[12.0166,9.2739],[11.9543,9.2426],[11.9334,9.213],[11.9208,9.1833],[11.914,9.1787],[11.8638,9.1816],[11.8361,9.1816],[11.7933,9.1851],[11.7419,9.1862],[11.7277,9.1981],[11.7206,9.2126],[11.6959,9.2322],[11.6836,9.2341],[11.7001,9.2101],[11.6995,9.1901],[11.7026,9.1608],[11.6985,9.1438],[11.6954,9.1328],[11.6949,9.1068],[11.7068,9.0745],[11.7103,9.0712],[11.7296,9.0617],[11.7352,9.0533],[11.7525,9.0497],[11.7675,9.0337],[11.7918,9.0199],[11.8311,9.0084],[11.8565,9.0026],[11.876,8.9763],[11.8933,8.9453],[11.899,8.9259],[11.9034,8.8915],[11.9033,8.8698],[11.8998,8.8572],[11.8741,8.8138],[11.8614,8.8035],[11.831,8.7407],[11.8263,8.7201],[11.8099,8.6801],[11.7971,8.6641],[11.7895,8.6436],[11.7798,8.6094],[11.7794,8.5978],[11.7964,8.5462]]]},"properties":{"lga_pcode":"NG002012","lga_name":"Mayo-Belwa","state_pcode":"NG002","state_name":"Adamawa"}},
{"type":"Feature","geometry":{"type":"Polygon","coordinates":[[[7.1225,5.6257],[7.1158,5.6308],[7.0951,5.6593],[7.095,5.6753],[7.0823,5.6635],[7.0756,5.6539],[7.0342,5.6434],[7.0209,5.6432],[7.0037,5.6396],[6.9823,5.645],[6.9499,5.6406],[6.9432,5.6376],[6.946,5.5825],[6.9287,5.5596],[6.9347,5.5513],[6.9559,5.5467],[6.9705,5.55],[6.9968,5.5505],[7.0016,5.5397],[7.0139,5.5342],[7.0356,5.5304],[7.0773,5.5369],[7.0819,5.5406],[7.078,5.5475],[7.0797,5.568],[7.0881,5.6006],[7.1091,5.6188],[7.1225,5.6257]]]},"properties":{"lga_pcode":"NG017011","lga_name":"Mbaitoli","state_pcode":"NG017","state_name":"Imo"}},
{"type":"Feature","geometry":{"type":"MultiPolygon","coordinates":[[[[8.1504,4.6018],[8.167,4.6036],[8.1939,4.6021],[8.218,4.6041],[8.2412,4.5794],[8.2517,4.5717],[8.2686,4.572],[8.278,4.5817],[8.2938,4.5769],[8.3077,4.5928],[8.3064,4.6093],[8.3189,4.6138],[8.3184,4.6246],[8.3284,4.643],[8.3125,4.6552],[8.308,4.6752],[8.2791,4.6832],[8.2609,4.6808],[8.2413,4.6607],[8.2208,4.6592],[8.2221,4.6677],[8.206,4.6709],[8.202,4.6645],[8.1975,4.6567],[8.1808,4.6652],[8.1516,4.6457],[8.1537,4.6134],[8.1504,4.6018]]],[[[8.2946,4.5731],[8.2822,4.5795],[8.2547,4.5631],[8.2769,4.5589],[8.2924,4.5648],[8.2946,4.5731]]],[[[8.2066,4.6732],[8.2151,4.6746],[8.2287,4.6663],[8.2418,4.6643],[8.255,4.6814],[8.2854,4.6891],[8.308,4.6811],[8.3165,4.6621],[8.3245,4.6649],[8.3234,4.7081],[8.3099,4.7212],[8.3036,4.7336],[8.2919,4.723],[8.2685,4.7193],[8.2569,4.7296],[8.2437,4.7324],[8.2162,4.7266],[8.1937,4.7245],[8.1901,4.7172],[8.1934,4.6992],[8.2099,4.6881],[8.2066,4.6732]]],[[[8.3224,4.6137],[8.3096,4.6061],[8.3154,4.5875],[8.3231,4.586],[8.3443,4.6016],[8.3418,4.6231],[8.3322,4.6366],[8.3214,4.6236],[8.3224,4.6137]]]]},"properties":{"lga_pcode":"NG003017","lga_name":"Mbo","state_pcode":"NG003","state_name":"Akwa Ibom"}},
{"type":"Feature","geometry":{"type":"Polygon","coordinates":[[[13.2417,10.5022],[13.3366,10.507],[13.3493,10.5056],[13.3807,10.4762],[13.3895,10.4635],[13.4197,10.438],[13.4527,10.4301],[13.4652,10.4148],[13.4753,10.4097],[13.4994,10.4069],[13.5213,10.4155],[13.5206,10.4327],[13.5246,10.4551],[13.5467,10.4757],[13.5552,10.5088],[13.5507,10.5222],[13.5417,10.5313],[13.5348,10.5549],[13.5298,10.5984],[13.534,10.6151],[13.5442,10.6362],[13.5425,10.6459],[13.5282,10.6539],[13.517,10.6679],[13.4968,10.6788],[13.4673,10.6879],[13.4457,10.6907],[13.4382,10.7008],[13.423,10.7111],[13.3963,10.7089],[13.3493,10.7157],[13.3354,10.7247],[13.3229,10.7561],[13.3194,10.7373],[13.3112,10.7135],[13.2832,10.6675],[13.2656,10.6252],[13.2372,10.5845],[13.2355,10.5361],[13.2417,10.5022]]]},"properties":{"lga_pcode":"NG002013","lga_name":"Michika","state_pcode":"NG002","state_name":"Adamawa"}},
{"type":"Feature","geometry":{"type":"Polygon","coordinates":[[[9.7277,12.3017],[9.7193,12.3058],[9.6966,12.3264],[9.6667,12.3368],[9.6416,12.34],[9.6181,12.3297],[9.6036,12.3331],[9.593,12.3282],[9.5859,12.3165],[9.572,12.3035],[9.5623,12.3004],[9.5573,12.2694],[9.5489,12.2496],[9.5304,12.2298],[9.5119,12.2145],[9.5213,12.2032],[9.5366,12.1976],[9.5659,12.1957],[9.5672,12.183],[9.5871,12.1562],[9.6025,12.161],[9.6251,12.1474],[9.6331,12.1331],[9.6566,12.1362],[9.6671,12.1473],[9.714,12.1496],[9.735,12.1432],[9.7447,12.1368],[9.7447,12.1172],[9.7658,12.1106],[9.7846,12.1097],[9.804,12.1128],[9.7908,12.1503],[9.8078,12.1717],[9.8248,12.1805],[9.827,12.1908],[9.8248,12.2159],[9.8314,12.2258],[9.8452,12.2306],[9.8525,12.2512],[9.8509,12.2759],[9.8413,12.2854],[9.826,12.2909],[9.8131,12.2896],[9.7863,12.2778],[9.7781,12.2777],[9.7498,12.2946],[9.7277,12.3017]]]},"properties":{"lga_pcode":"NG018022","lga_name":"Miga","state_pcode":"NG018","state_name":"Jigawa"}},
{"type":"Feature","geometry":{"type":"Polygon","coordinates":[[[9.6693,9.1289],[9.6435,9.127],[9.6303,9.1206],[9.6026,9.0943],[9.592,9.0726],[9.5728,9.0718],[9.574,9.0873],[9.5677,9.0986],[9.5248,9.098],[9.4239,9.0904],[9.3987,9.091],[9.3813,9.0973],[9.3806,9.06],[9.3818,9.0182],[9.3914,8.9926],[9.4148,8.977],[9.455,8.9848],[9.4672,8.9802],[9.4914,8.9562],[9.4958,8.9448],[9.5138,8.9302],[9.5368,8.9331],[9.5756,8.9271],[9.5832,8.9294],[9.5989,8.9243],[9.6123,8.9249],[9.6453,8.9205],[9.6585,8.9269],[9.7026,8.9308],[9.712,8.937],[9.7348,8.9438],[9.7559,8.9448],[9.7757,8.9341],[9.7839,8.9228],[9.7843,8.8939],[9.8097,8.9066],[9.8255,8.9401],[9.8338,8.9695],[9.835,8.985],[9.819,8.9978],[9.7919,9.0004],[9.7708,9.0088],[9.7595,9.0356],[9.756,9.0577],[9.7561,9.0892],[9.7444,9.1032],[9.7256,9.1055],[9.7033,9.1161],[9.6693,9.1289]]]},"properties":{"lga_pcode":"NG032012","lga_name":"Mikang","state_pcode":"NG032","state_name":"Plateau"}},
{"type":"Feature","geometry":{"type":"Polygon","coordinates":[[[8.6113,12.2507],[8.5974,12.2468],[8.5878,12.2546],[8.5837,12.2731],[8.5729,12.2809],[8.5616,12.2712],[8.5552,12.2559],[8.5426,12.2485],[8.5271,12.2573],[8.5179,12.2547],[8.5126,12.2391],[8.5033,12.2249],[8.5178,12.2071],[8.506,12.1898],[8.5013,12.1685],[8.5091,12.1517],[8.5066,12.1288],[8.5387,12.1299],[8.5507,12.1276],[8.5598,12.1194],[8.5647,12.1059],[8.5809,12.0866],[8.5961,12.0773],[8.6287,12.0905],[8.6525,12.0926],[8.6645,12.094],[8.6928,12.1205],[8.7017,12.1313],[8.7143,12.1375],[8.7289,12.1532],[8.7347,12.1883],[8.7302,12.215],[8.7214,12.2165],[8.7224,12.2315],[8.7379,12.3089],[8.7198,12.2942],[8.7084,12.3063],[8.683,12.3008],[8.6596,12.2686],[8.6515,12.2683],[8.6113,12.2507]]]},"properties":{"lga_pcode":"NG020030","lga_name":"Minjibir","state_pcode":"NG020","state_name":"Kano"}},
{"type":"Feature","geometry":{"type":"Polygon","coordinates":[[[10.6044,11.5763],[10.6087,11.5535],[10.6068,11.5362],[10.5832,11.5079],[10.5537,11.5128],[10.5365,11.5124],[10.4945,11.5069],[10.4792,11.5022],[10.4544,11.5023],[10.4314,11.4916],[10.418,11.4643],[10.4042,11.4696],[10.3871,11.4927],[10.3563,11.5101],[10.3497,11.506],[10.3329,11.4774],[10.3175,11.46],[10.3141,11.4445],[10.3322,11.4199],[10.3374,11.4039],[10.3363,11.3846],[10.3105,11.3588],[10.3013,11.3325],[10.3151,11.3164],[10.3193,11.2929],[10.3175,11.2628],[10.3136,11.2359],[10.3127,11.2049],[10.3585,11.2081],[10.379,11.2222],[10.4026,11.2253],[10.4319,11.2261],[10.4787,11.2533],[10.4935,11.2588],[10.5249,11.2624],[10.5417,11.268],[10.5527,11.2769],[10.5633,11.3004],[10.5786,11.3272],[10.587,11.3817],[10.599,11.4048],[10.6124,11.4132],[10.6353,11.4173],[10.6553,11.4168],[10.6905,11.442],[10.7174,11.4459],[10.7058,11.5017],[10.7107,11.5135],[10.7069,11.5257],[10.6888,11.5286],[10.6712,11.5358],[10.6044,11.5763]]]},"properties":{"lga_pcode":"NG005014","lga_name":"Misau","state_pcode":"NG005","state_name":"Bauchi"}},
{"type":"Feature","geometry":{"type":"Polygon","coordinates":[[[7.8107,4.5644],[7.8002,4.6013],[7.8015,4.6243],[7.8301,4.6379],[7.8357,4.6454],[7.8304,4.661],[7.7962,4.6922],[7.8083,4.6954],[7.8101,4.7224],[7.813,4.7416],[7.8111,4.7566],[7.8047,4.7664],[7.801,4.7888],[7.806,4.8125],[7.8201,4.8334],[7.8142,4.8467],[7.807,4.8778],[7.799,4.88],[7.7854,4.8655],[7.7644,4.8353],[7.7514,4.8196],[7.7343,4.8056],[7.7316,4.7981],[7.7357,4.782],[7.7319,4.7675],[7.7159,4.7587],[7.7028,4.7448],[7.6837,4.7094],[7.7124,4.7056],[7.7176,4.6981],[7.7167,4.6796],[7.7038,4.6448],[7.7171,4.6266],[7.7147,4.6117],[7.7173,4.581],[7.7052,4.5599],[7.6809,4.5439],[7.6786,4.5293],[7.7055,4.5376],[7.7696,4.552],[7.8107,4.5644]]]},"properties":{"lga_pcode":"NG003018","lga_name":"Mkpat Enin","state_pcode":"NG003","state_name":"Akwa Ibom"}},
{"type":"Feature","geometry":{"type":"Polygon","coordinates":[[[5.1626,8.0495],[5.1423,8.0619],[5.1179,8.0626],[5.1059,8.0486],[5.1037,8.0326],[5.0844,8.0242],[5.0576,8.0395],[5.0531,8.0235],[5.0355,8.0052],[5.0332,7.9823],[5.0464,7.9734],[5.0686,7.9531],[5.0942,7.9224],[5.1111,7.9433],[5.1296,7.9524],[5.1525,7.9452],[5.1647,7.9382],[5.1807,7.9561],[5.221,7.9794],[5.2445,8.0205],[5.2308,8.022],[5.1958,8.0182],[5.1819,8.0363],[5.1626,8.0495]]]},"properties":{"lga_pcode":"NG013015","lga_name":"Moba","state_pcode":"NG013","state_name":"Ekiti"}},
{"type":"Feature","geometry":{"type":"Polygon","coordinates":[[[12.8162,13.391],[12.7933,13.378],[12.7918,13.368],[12.7828,13.3581],[12.76,13.3516],[12.7532,13.353],[12.741,13.3398],[12.7405,13.323],[12.7036,13.3128],[12.6921,13.3123],[12.6904,13.2925],[12.6739,13.2727],[12.6635,13.2842],[12.6489,13.2853],[12.6387,13.2925],[12.6266,13.2721],[12.5895,13.2776],[12.579,13.2691],[12.5766,13.2534],[12.5661,13.2374],[12.5722,13.2308],[12.5536,13.2187],[12.5533,13.2055],[12.5423,13.1934],[12.5643,13.1918],[12.5533,13.175],[12.5561,13.1552],[12.5423,13.1409],[12.5368,13.1467],[12.5195,13.1494],[12.5002,13.1346],[12.4909,13.1225],[12.4963,13.109],[12.4971,13.0933],[12.4888,13.0829],[12.4795,13.0804],[12.4825,13.0691],[12.471,13.0631],[12.4583,13.0708],[12.4324,13.0719],[12.4071,13.0787],[12.3941,13.0771],[12.4007,13.0525],[12.4056,13.0196],[12.4054,13.0015],[12.4053,12.9859],[12.3884,12.9305],[12.3753,12.896],[12.3777,12.8775],[12.3938,12.8639],[12.4065,12.8435],[12.4462,12.7867],[12.4519,12.7538],[12.4775,12.7178],[12.488,12.7206],[12.5111,12.7358],[12.5233,12.7486],[12.5335,12.7524],[12.5687,12.7561],[12.577,12.7618],[12.6086,12.7728],[12.6143,12.7782],[12.6165,12.7945],[12.6405,12.7984],[12.6593,12.8053],[12.6726,12.8142],[12.6849,12.8307],[12.7006,12.8631],[12.7183,12.887],[12.7328,12.8962],[12.7613,12.9264],[12.7814,12.9573],[12.7917,12.9684],[12.8274,13.0147],[12.8391,13.0363],[12.8506,13.0506],[12.8545,13.0578],[12.8774,13.0793],[12.9095,13.0986],[12.9333,13.1087],[12.9614,13.1137],[12.9974,13.106],[13.0599,13.0953],[13.0985,13.0844],[13.1201,13.0818],[13.1154,13.103],[13.097,13.135],[13.0865,13.1472],[13.0521,13.18],[13.0351,13.2054],[13.0001,13.2469],[12.9552,13.2955],[12.9195,13.3177],[12.8965,13.3232],[12.8631,13.3519],[12.8439,13.361],[12.8268,13.3829],[12.8162,13.391]]]},"properties":{"lga_pcode":"NG008023","lga_name":"Mobbar","state_pcode":"NG008","state_name":"Borno"}},
{"type":"Feature","geometry":{"type":"Polygon","coordinates":[[[6.3201,8.7365],[6.3053,8.7381],[6.2921,8.7452],[6.2713,8.7498],[6.2571,8.7487],[6.2271,8.7614],[6.2007,8.7701],[6.1865,8.7701],[6.1646,8.7853],[6.1606,8.7919],[6.1763,8.8046],[6.1723,8.8244],[6.1504,8.8488],[6.1377,8.8737],[6.1321,8.8976],[6.1377,8.9138],[6.1382,8.9331],[6.1347,8.9453],[6.125,8.9595],[6.1103,9.0159],[6.1154,9.0372],[6.1306,9.056],[6.1479,9.0672],[6.1499,9.0758],[6.1436,9.0945],[6.1105,9.1083],[6.0823,9.1538],[6.0675,9.142],[6.0697,9.1228],[6.055,9.1117],[6.0497,9.1009],[6.0427,9.0735],[6.0259,9.0612],[6.0164,9.0589],[5.9725,9.0678],[5.9274,9.0291],[5.9127,9.007],[5.8802,8.9819],[5.8603,8.9775],[5.8559,8.9864],[5.8411,8.9945],[5.8235,9.0228],[5.8227,9.0515],[5.8198,9.0719],[5.8234,9.0955],[5.8293,9.1058],[5.8374,9.1316],[5.8478,9.156],[5.8492,9.1744],[5.8463,9.1921],[5.8456,9.2201],[5.85,9.2356],[5.85,9.2666],[5.8551,9.2917],[5.8647,9.3123],[5.8655,9.3241],[5.8802,9.3551],[5.8905,9.3639],[5.8994,9.3816],[5.8972,9.3919],[5.9001,9.4251],[5.9112,9.4775],[5.9156,9.4885],[5.9125,9.5015],[5.9101,9.4945],[5.893,9.4816],[5.8893,9.4542],[5.8605,9.4009],[5.8587,9.3865],[5.8459,9.3428],[5.8461,9.3191],[5.8327,9.2968],[5.8229,9.2614],[5.8236,9.212],[5.8261,9.1927],[5.8261,9.1556],[5.8196,9.138],[5.8109,9.1324],[5.8102,9.1054],[5.803,9.0809],[5.7994,9.053],[5.805,9.0068],[5.8238,8.9743],[5.8375,8.956],[5.8375,8.9443],[5.8299,8.9316],[5.8116,8.9224],[5.8066,8.9153],[5.7659,8.8981],[5.7512,8.9016],[5.7222,8.9158],[5.7113,8.9138],[5.6956,8.9179],[5.6844,8.9164],[5.6509,8.927],[5.6219,8.9539],[5.6108,8.956],[5.5869,8.9539],[5.5701,8.9707],[5.5462,8.9743],[5.531,8.9814],[5.5219,9.0007],[5.5107,9.0134],[5.496,9.019],[5.4741,9.0489],[5.4474,9.0617],[5.4071,9.0672],[5.4142,9.0814],[5.4327,9.1028],[5.4759,9.1099],[5.4896,9.1043],[5.5028,9.1053],[5.515,9.1195],[5.4992,9.1402],[5.4861,9.1571],[5.4839,9.1841],[5.5018,9.2125],[5.5033,9.2648],[5.5008,9.277],[5.4876,9.2876],[5.465,9.2998],[5.4563,9.31],[5.4299,9.3313],[5.4142,9.3511],[5.4096,9.373],[5.4116,9.3867],[5.4299,9.4085],[5.4299,9.4258],[5.3954,9.4649],[5.373,9.4812],[5.3512,9.5071],[5.3431,9.5111],[5.3304,9.5259],[5.308,9.534],[5.3014,9.5411],[5.2873,9.5445],[5.2846,9.5278],[5.2768,9.512],[5.245,9.4905],[5.2344,9.4807],[5.1917,9.4629],[5.1605,9.4573],[5.1341,9.4476],[5.0696,9.4187],[5.0396,9.3963],[4.9695,9.3542],[4.9517,9.3491],[4.9278,9.3506],[4.8923,9.3669],[4.8659,9.3689],[4.8471,9.3786],[4.8339,9.3984],[4.8395,9.4603],[4.8364,9.4791],[4.84,9.501],[4.8349,9.5304],[4.8308,9.5375],[4.809,9.5477],[4.7648,9.5457],[4.7531,9.5482],[4.7191,9.567],[4.7135,9.5797],[4.6932,9.5985],[4.6769,9.6],[4.6652,9.5929],[4.6444,9.5497],[4.6383,9.5162],[4.6363,9.4791],[4.6266,9.4573],[4.6261,9.4466],[4.6119,9.428],[4.6136,9.3932],[4.6097,9.3618],[4.6171,9.3304],[4.6393,9.3082],[4.6851,9.2925],[4.7139,9.2781],[4.7375,9.2689],[4.7545,9.2479],[4.7572,9.2244],[4.7519,9.1995],[4.7519,9.1799],[4.7646,9.1499],[4.7853,9.1353],[4.8105,9.1364],[4.8282,9.1342],[4.8481,9.1412],[4.8761,9.1576],[4.8861,9.1673],[4.9112,9.1714],[4.9621,9.1931],[4.9716,9.2006],[4.9967,9.2074],[5.0163,9.2053],[5.0482,9.1877],[5.0652,9.1626],[5.1079,9.1355],[5.1595,9.107],[5.1717,9.0873],[5.1968,9.0541],[5.209,9.0351],[5.2378,9.0188],[5.2724,9.0147],[5.2866,9.01],[5.3233,8.9923],[5.3484,8.9984],[5.3701,8.9964],[5.3911,8.9828],[5.4081,8.9788],[5.425,8.9788],[5.4576,8.9686],[5.4739,8.9476],[5.5119,8.9442],[5.5254,8.9401],[5.5396,8.9306],[5.5436,8.9167],[5.5631,8.8988],[5.6014,8.8769],[5.6193,8.8525],[5.642,8.8354],[5.6656,8.8305],[5.6916,8.8281],[5.7128,8.8289],[5.7282,8.82],[5.7421,8.798],[5.7746,8.7533],[5.7958,8.7419],[5.8868,8.7468],[5.9015,8.75],[5.9283,8.7427],[5.9747,8.7565],[5.9787,8.75],[5.9999,8.7516],[6.0332,8.759],[6.0845,8.7606],[6.1146,8.7581],[6.1316,8.7516],[6.1495,8.7207],[6.1691,8.7215],[6.1853,8.7297],[6.2085,8.7324],[6.2466,8.7388],[6.2677,8.7388],[6.3026,8.7278],[6.3238,8.7131],[6.3587,8.6846],[6.3753,8.6616],[6.3841,8.6443],[6.3921,8.6571],[6.3946,8.674],[6.387,8.6916],[6.3719,8.7017],[6.3618,8.7135],[6.3382,8.7314],[6.3201,8.7365]]]},"properties":{"lga_pcode":"NG027017","lga_name":"Mokwa","state_pcode":"NG027","state_name":"Niger"}},
{"type":"Feature","geometry":{"type":"Polygon","coordinates":[[[13.3378,12.5265],[13.3219,12.5095],[13.311,12.4868],[13.3,12.4528],[13.3123,12.429],[13.2981,12.3751],[13.2815,12.3289],[13.2915,12.3206],[13.313,12.2801],[13.3387,12.2494],[13.3635,12.241],[13.3794,12.2408],[13.4331,12.2726],[13.4662,12.2773],[13.4625,12.3015],[13.4666,12.3368],[13.4784,12.3486],[13.4905,12.3696],[13.5209,12.3811],[13.5527,12.3867],[13.6033,12.389],[13.6482,12.4122],[13.6907,12.4273],[13.7202,12.4578],[13.7272,12.4756],[13.7275,12.4971],[13.7331,12.5186],[13.7344,12.561],[13.7509,12.6076],[13.7751,12.6618],[13.7906,12.6778],[13.8214,12.6867],[13.8514,12.6897],[13.9028,12.6829],[13.9565,12.6826],[13.976,12.6844],[14.0112,12.6917],[14.0669,12.6931],[14.1115,12.6985],[14.1336,12.7042],[14.1528,12.705],[14.1489,12.7392],[14.1398,12.7828],[14.1372,12.8083],[14.1202,12.8079],[14.0774,12.7971],[14.0363,12.7943],[14.0182,12.7895],[13.9556,12.7795],[13.9282,12.7694],[13.9137,12.7689],[13.8615,12.754],[13.8053,12.7439],[13.7748,12.7333],[13.7395,12.7166],[13.7127,12.7198],[13.687,12.7178],[13.6536,12.709],[13.6266,12.7054],[13.5965,12.6951],[13.5782,12.6794],[13.5701,12.6676],[13.5598,12.6454],[13.5311,12.6454],[13.5243,12.6389],[13.5239,12.6066],[13.4775,12.5824],[13.4157,12.5745],[13.4044,12.576],[13.3599,12.545],[13.3378,12.5265]]]},"properties":{"lga_pcode":"NG008024","lga_name":"Monguno","state_pcode":"NG008","state_name":"Borno"}},
{"type":"Feature","geometry":{"type":"Polygon","coordinates":[[[6.0274,8.12],[6.0315,8.1307],[6.0486,8.1386],[6.0763,8.1424],[6.0834,8.1531],[6.0715,8.1628],[6.0584,8.1815],[6.0552,8.2108],[6.0731,8.2279],[6.0666,8.2645],[6.0772,8.2921],[6.0837,8.3011],[6.0894,8.3247],[6.087,8.354],[6.0625,8.3548],[6.0275,8.345],[5.985,8.322],[5.9368,8.2897],[5.8631,8.2244],[5.8398,8.2065],[5.8257,8.1879],[5.8079,8.1519],[5.7979,8.1218],[5.782,8.0972],[5.7629,8.0547],[5.7536,8.0408],[5.7535,8.0254],[5.7697,7.9758],[5.7982,7.9579],[5.8055,7.9505],[5.8275,7.9408],[5.8349,7.924],[5.86,7.9392],[5.886,7.9709],[5.8909,7.9814],[5.908,7.9993],[5.9202,8.0319],[5.9438,8.0701],[5.9487,8.0847],[5.9576,8.0961],[5.9771,8.1067],[5.9909,8.1352],[6.012,8.1463],[6.018,8.1298],[6.0274,8.12]]]},"properties":{"lga_pcode":"NG023013","lga_name":"Mopa-Muro","state_pcode":"NG023","state_name":"Kogi"}},
{"type":"Feature","geometry":{"type":"Polygon","coordinates":[[[4.4791,8.5614],[4.4929,8.5606],[4.4985,8.5667],[4.5138,8.5703],[4.5408,8.5726],[4.5799,8.5637],[4.5945,8.5278],[4.6138,8.5394],[4.6314,8.5396],[4.6334,8.5557],[4.6469,8.5698],[4.6644,8.5779],[4.6779,8.5898],[4.7155,8.6173],[4.7201,8.6323],[4.7194,8.6855],[4.7318,8.6955],[4.7433,8.6965],[4.788,8.6906],[4.806,8.6899],[4.825,8.6932],[4.8406,8.7135],[4.8454,8.7244],[4.861,8.7373],[4.8808,8.7464],[4.8626,8.7832],[4.8353,8.8139],[4.8154,8.8462],[4.8062,8.8951],[4.8071,8.9142],[4.8021,8.9515],[4.8129,8.9747],[4.8303,8.9905],[4.851,8.998],[4.8519,9.0137],[4.8776,9.0212],[4.88,9.0427],[4.8904,9.0568],[4.8976,9.0751],[4.9003,9.0995],[4.8976,9.1171],[4.8861,9.1246],[4.8895,9.1361],[4.8761,9.1576],[4.8481,9.1412],[4.8282,9.1342],[4.8105,9.1364],[4.7853,9.1353],[4.7646,9.1499],[4.7526,9.1396],[4.7172,9.1015],[4.7027,9.0935],[4.6545,9.0806],[4.588,9.0827],[4.5499,9.0747],[4.5241,9.0742],[4.5021,9.0683],[4.4882,9.0597],[4.3981,9.0237],[4.36,8.9985],[4.329,8.9896],[4.3349,8.9808],[4.3349,8.9577],[4.321,8.9424],[4.258,8.9009],[4.2211,8.8609],[4.195,8.818],[4.2033,8.8034],[4.2407,8.7684],[4.2594,8.7478],[4.2917,8.7214],[4.3438,8.689],[4.3526,8.6708],[4.3839,8.6637],[4.3948,8.6562],[4.4421,8.6089],[4.4548,8.5906],[4.4725,8.5764],[4.4791,8.5614]]]},"properties":{"lga_pcode":"NG024012","lga_name":"Moro","state_pcode":"NG024","state_name":"Kwara"}},
{"type":"Feature","geometry":{"type":"Polygon","coordinates":[[[13.2402,10.4974],[13.2398,10.4854],[13.2209,10.4308],[13.2167,10.4059],[13.2165,10.3839],[13.2255,10.3516],[13.2199,10.3144],[13.2221,10.2817],[13.2307,10.2751],[13.2648,10.2634],[13.286,10.2722],[13.3034,10.2663],[13.3519,10.2631],[13.3829,10.2513],[13.404,10.2395],[13.4249,10.2376],[13.4444,10.232],[13.4524,10.2171],[13.4697,10.2093],[13.4859,10.2182],[13.4938,10.2559],[13.5094,10.3097],[13.5111,10.3221],[13.5072,10.3419],[13.5077,10.3609],[13.5232,10.3908],[13.5213,10.4155],[13.4994,10.4069],[13.4753,10.4097],[13.4652,10.4148],[13.4527,10.4301],[13.4197,10.438],[13.3895,10.4635],[13.3807,10.4762],[13.3493,10.5056],[13.3366,10.507],[13.2417,10.5022],[13.2402,10.4974]]]},"properties":{"lga_pcode":"NG002014","lga_name":"Mubi North","state_pcode":"NG002","state_name":"Adamawa"}},
{"type":"Feature","geometry":{"type":"Polygon","coordinates":[[[13.1246,10.2308],[13.1468,10.2068],[13.1553,10.2016],[13.173,10.1769],[13.1785,10.1379],[13.1835,10.1259],[13.1929,10.1199],[13.2066,10.1265],[13.2177,10.1196],[13.2235,10.1094],[13.249,10.0972],[13.2609,10.0878],[13.2828,10.0614],[13.2867,10.0703],[13.3126,10.0945],[13.3209,10.096],[13.3285,10.1107],[13.36,10.1095],[13.3808,10.1134],[13.3957,10.1108],[13.4283,10.1235],[13.4335,10.1465],[13.4656,10.1946],[13.4697,10.2093],[13.4524,10.2171],[13.4444,10.232],[13.4249,10.2376],[13.404,10.2395],[13.3829,10.2513],[13.3519,10.2631],[13.3034,10.2663],[13.286,10.2722],[13.2648,10.2634],[13.2307,10.2751],[13.2221,10.2817],[13.2211,10.2636],[13.2241,10.233],[13.2197,10.2229],[13.194,10.219],[13.1685,10.2303],[13.1469,10.2462],[13.1293,10.2417],[13.1246,10.2308]]]},"properties":{"lga_pcode":"NG002015","lga_name":"Mubi South","state_pcode":"NG002","state_name":"Adamawa"}},
{"type":"Feature","geometry":{"type":"Polygon","coordinates":[[[7.4862,12.0925],[7.4975,12.089],[7.5132,12.0775],[7.5129,12.0516],[7.5195,12.0373],[7.5373,12.0462],[7.5448,12.0445],[7.5564,12.0186],[7.5517,12.0047],[7.5166,11.9781],[7.4945,11.9678],[7.5227,11.9273],[7.5403,11.932],[7.5667,11.95],[7.5928,11.9647],[7.6073,11.9804],[7.6167,11.996],[7.6403,12.0061],[7.6616,12.0116],[7.7108,12.0149],[7.7298,12.0189],[7.7409,12.0143],[7.7481,12.0041],[7.7965,11.9957],[7.8372,11.9901],[7.8355,12.0093],[7.8404,12.022],[7.853,12.0475],[7.8563,12.092],[7.8632,12.1169],[7.8606,12.1374],[7.8536,12.1477],[7.8491,12.1828],[7.863,12.2322],[7.8682,12.2454],[7.8282,12.2663],[7.8081,12.2709],[7.79,12.2844],[7.7734,12.2449],[7.77,12.2157],[7.7569,12.2051],[7.74,12.2013],[7.6866,12.1715],[7.6505,12.1594],[7.6374,12.1501],[7.5965,12.1421],[7.5717,12.1355],[7.5595,12.1221],[7.5342,12.1123],[7.5181,12.1134],[7.4997,12.108],[7.4862,12.0925]]]},"properties":{"lga_pcode":"NG021029","lga_name":"Musawa","state_pcode":"NG021","state_name":"Katsina"}},
{"type":"Feature","geometry":{"type":"Polygon","coordinates":[[[3.3526,6.5548],[3.3381,6.5453],[3.3364,6.5183],[3.3235,6.5019],[3.351,6.5148],[3.3683,6.5186],[3.3684,6.5234],[3.3677,6.5572],[3.3526,6.5548]]]},"properties":{"lga_pcode":"NG025016","lga_name":"Mushin","state_pcode":"NG025","state_name":"Lagos"}},
{"type":"Feature","geometry":{"type":"Polygon","coordinates":[[[6.9012,10.0764],[6.8934,10.0728],[6.885,10.0274],[6.8757,10.0055],[6.869,9.9727],[6.8682,9.9584],[6.8547,9.9306],[6.8471,9.9231],[6.8497,9.8961],[6.848,9.8684],[6.8528,9.8362],[6.8586,9.8165],[6.8701,9.7922],[6.8834,9.7784],[6.8983,9.7724],[6.9027,9.7655],[6.8748,9.7467],[6.8698,9.7389],[6.8438,9.7262],[6.8303,9.7077],[6.8396,9.6716],[6.8354,9.6547],[6.8456,9.6343],[6.8654,9.6062],[6.8873,9.5824],[6.9052,9.5806],[6.9223,9.5573],[6.9204,9.5269],[6.9497,9.521],[6.9565,9.5227],[6.9783,9.5614],[6.9842,9.5647],[7.0019,9.5546],[7.0301,9.5533],[7.0344,9.5586],[7.0375,9.5789],[7.0448,9.5883],[7.0675,9.6312],[7.0726,9.6573],[7.0811,9.6683],[7.0978,9.6675],[7.1232,9.6537],[7.1355,9.6555],[7.1522,9.6356],[7.1645,9.6287],[7.1821,9.6288],[7.1934,9.6332],[7.2073,9.6533],[7.2054,9.6845],[7.1642,9.701],[7.1516,9.7161],[7.1415,9.7397],[7.1659,9.7473],[7.1819,9.7456],[7.1861,9.7599],[7.1937,9.7675],[7.2047,9.7583],[7.2105,9.7801],[7.2315,9.791],[7.2517,9.7944],[7.2601,9.7868],[7.2736,9.7834],[7.2854,9.7893],[7.2929,9.8112],[7.2887,9.8406],[7.3005,9.8625],[7.2955,9.8718],[7.298,9.8987],[7.2854,9.9332],[7.2862,9.95],[7.2811,9.965],[7.2811,9.9937],[7.2778,10.0164],[7.2702,10.0282],[7.2541,10.0392],[7.216,10.0374],[7.2071,10.0417],[7.2004,10.0333],[7.1794,10.0274],[7.1668,10.0333],[7.1382,10.0358],[7.1054,10.0265],[7.0852,10.0366],[7.065,10.0425],[7.0339,10.0442],[7.0187,10.0383],[7.0078,10.045],[6.9523,10.0476],[6.9405,10.061],[6.9144,10.0778],[6.9012,10.0764]]]},"properties":{"lga_pcode":"NG027018","lga_name":"Muya","state_pcode":"NG027","state_name":"Niger"}},
{"type":"Feature","geometry":{"type":"Polygon","coordinates":[[[10.9496,11.1827],[10.9992,11.1238],[11.0157,11.108],[11.0557,11.0805],[11.079,11.0787],[11.1007,11.0719],[11.1134,11.0542],[11.1156,11.0244],[11.1201,10.998],[11.1071,10.954],[11.1002,10.922],[11.1022,10.9037],[11.1183,10.8902],[11.1586,10.8418],[11.1727,10.8266],[11.2058,10.8125],[11.217,10.8035],[11.2379,10.8022],[11.2711,10.796],[11.317,10.7895],[11.3401,10.7953],[11.3521,10.8072],[11.3568,10.8311],[11.3478,10.8732],[11.346,10.9267],[11.3333,10.9451],[11.3218,10.9498],[11.331,11.0085],[11.3785,11.0392],[11.3801,11.048],[11.3756,11.0705],[11.3908,11.09],[11.4001,11.0891],[11.3859,11.1018],[11.3652,11.1272],[11.3489,11.1645],[11.3292,11.2024],[11.3209,11.2235],[11.3091,11.2451],[11.2961,11.2529],[11.2866,11.2533],[11.2702,11.2421],[11.2379,11.2427],[11.2072,11.2592],[11.1785,11.2662],[11.155,11.2689],[11.1377,11.2798],[11.1303,11.2787],[11.0985,11.2954],[11.0806,11.3098],[11.0715,11.3125],[11.0513,11.3065],[11.0369,11.3065],[11.0283,11.2986],[11.0073,11.2959],[11.0222,11.2923],[11.0233,11.2854],[11.0004,11.2362],[10.9707,11.202],[10.9496,11.1827]]]},"properties":{"lga_pcode":"NG016009","lga_name":"Nafada","state_pcode":"NG016","state_name":"Gombe"}},
{"type":"Feature","geometry":{"type":"Polygon","coordinates":[[[10.9297,11.516],[10.9602,11.5331],[10.9852,11.5591],[10.9925,11.5699],[11.0085,11.5688],[11.0555,11.5849],[11.095,11.5889],[11.0728,11.5926],[11.0523,11.6006],[11.0286,11.6255],[11.0268,11.6614],[11.021,11.6758],[11.0222,11.6955],[11.0312,11.7221],[11.0438,11.7331],[11.0597,11.7389],[11.0888,11.7413],[11.0968,11.7478],[11.1089,11.7712],[11.1209,11.7849],[11.1408,11.7971],[11.1746,11.8041],[11.2045,11.815],[11.2129,11.8219],[11.2146,11.8372],[11.1968,11.8653],[11.1889,11.8647],[11.1689,11.8453],[11.1504,11.8428],[11.1285,11.8462],[11.106,11.8528],[11.067,11.8827],[11.0369,11.9165],[10.9992,11.9841],[10.9826,11.9998],[10.9701,12.0167],[10.967,12.0277],[10.9722,12.0727],[10.9807,12.0978],[10.9698,12.094],[10.9341,12.0901],[10.9274,12.0836],[10.908,12.0427],[10.8788,12.0118],[10.8754,12.0003],[10.8352,11.9522],[10.8168,11.9236],[10.8147,11.9167],[10.8279,11.8921],[10.8184,11.866],[10.8254,11.849],[10.8498,11.8405],[10.8908,11.822],[10.9008,11.819],[10.9059,11.8058],[10.9025,11.7823],[10.9053,11.7696],[10.9167,11.7573],[10.9157,11.7088],[10.9134,11.6744],[10.9205,11.6622],[10.9245,11.6442],[10.9287,11.5856],[10.9321,11.5712],[10.9297,11.516]]]},"properties":{"lga_pcode":"NG036012","lga_name":"Nangere","state_pcode":"NG036","state_name":"Yobe"}},
{"type":"Feature","geometry":{"type":"Polygon","coordinates":[[[8.5546,11.9944],[8.5674,11.9938],[8.5625,11.9815],[8.5709,11.9723],[8.5916,11.9598],[8.6029,11.9713],[8.6098,11.98],[8.613,12.0058],[8.5963,12.0214],[8.5831,12.0357],[8.5632,12.0335],[8.5519,12.0503],[8.5372,12.0279],[8.5443,12.0144],[8.56,12.0108],[8.5546,11.9944]]]},"properties":{"lga_pcode":"NG020031","lga_name":"Nasarawa","state_pcode":"NG020","state_name":"Kano"}},
{"type":"Feature","geometry":{"type":"Polygon","coordinates":[[[7.4932,8.6507],[7.5124,8.647],[7.5489,8.5722],[7.5747,8.5399],[7.5906,8.5272],[7.5916,8.5183],[7.5837,8.5065],[7.5276,8.4817],[7.4941,8.458],[7.4459,8.4166],[7.4318,8.3969],[7.4314,8.3814],[7.4426,8.3454],[7.4426,8.3341],[7.4322,8.3173],[7.4346,8.3004],[7.4314,8.2836],[7.433,8.2683],[7.4161,8.2459],[7.4089,8.2258],[7.3929,8.1921],[7.3816,8.1448],[7.3832,8.1039],[7.3937,8.0702],[7.4045,8.043],[7.4458,8.0449],[7.451,8.0465],[7.5053,8.0472],[7.5835,8.0377],[7.6249,8.0295],[7.6772,8.0166],[7.6768,8.0145],[7.6975,8.0137],[7.7607,8.0034],[7.8384,7.9853],[7.8799,7.9854],[7.918,7.9757],[8.0629,7.927],[8.0555,7.9651],[8.0477,8.0292],[8.0498,8.0574],[8.0618,8.0905],[8.0844,8.1053],[8.0942,8.1088],[8.1125,8.1251],[8.1351,8.1377],[8.1626,8.1617],[8.1682,8.1878],[8.1661,8.2371],[8.1619,8.2568],[8.164,8.2787],[8.1562,8.2942],[8.1464,8.2998],[8.1295,8.3019],[8.1154,8.3097],[8.0914,8.3062],[8.078,8.3083],[8.0611,8.3182],[8.0583,8.3252],[8.0653,8.3393],[8.0845,8.3519],[8.0433,8.3867],[7.9354,8.5096],[7.9112,8.5354],[7.9066,8.5503],[7.9188,8.6191],[7.9282,8.6519],[7.9,8.6545],[7.8762,8.6607],[7.8612,8.6677],[7.8453,8.6695],[7.8313,8.6809],[7.8066,8.6942],[7.7916,8.6994],[7.7432,8.7074],[7.7255,8.7135],[7.6959,8.7091],[7.6511,8.7071],[7.6195,8.7031],[7.586,8.6941],[7.5346,8.7028],[7.5185,8.6987],[7.4932,8.6507]]]},"properties":{"lga_pcode":"NG026009","lga_name":"Nasarawa","state_pcode":"NG026","state_name":"Nasarawa"}},
{"type":"Feature","geometry":{"type":"Polygon","coordinates":[[[8.2513,8.8534],[8.2546,8.843],[8.2537,8.8122],[8.2457,8.7946],[8.2466,8.7726],[8.2387,8.7523],[8.2422,8.7215],[8.259,8.7188],[8.259,8.7083],[8.2519,8.6959],[8.2524,8.6871],[8.2427,8.673],[8.2427,8.6563],[8.2568,8.6448],[8.2515,8.6325],[8.2497,8.5911],[8.2435,8.5664],[8.2673,8.5585],[8.2867,8.5717],[8.2955,8.5884],[8.3114,8.6105],[8.336,8.6193],[8.3572,8.6166],[8.3757,8.6096],[8.4004,8.6087],[8.4092,8.6131],[8.4356,8.6175],[8.449,8.6246],[8.4638,8.6395],[8.4858,8.651],[8.5034,8.6528],[8.5404,8.6528],[8.5589,8.6616],[8.5792,8.6633],[8.5968,8.6607],[8.6391,8.6633],[8.6558,8.673],[8.6779,8.6915],[8.7065,8.7331],[8.7131,8.7682],[8.7087,8.7849],[8.6972,8.7937],[8.6631,8.804],[8.6395,8.8237],[8.6029,8.8133],[8.5792,8.7999],[8.5572,8.8052],[8.5302,8.8206],[8.5096,8.8245],[8.5043,8.836],[8.5065,8.8474],[8.5153,8.8554],[8.5312,8.8792],[8.5243,8.9054],[8.4812,8.9064],[8.4655,8.9004],[8.4436,8.8981],[8.4053,8.8989],[8.3703,8.916],[8.3363,8.8957],[8.3117,8.8981],[8.2975,8.9039],[8.2773,8.9216],[8.2737,8.9074],[8.2762,8.8756],[8.2702,8.8636],[8.2513,8.8534]]]},"properties":{"lga_pcode":"NG026010","lga_name":"Nasarawa-Eggon","state_pcode":"NG026","state_name":"Nasarawa"}},
{"type":"Feature","geometry":{"type":"Polygon","coordinates":[[[6.4792,5.9853],[6.459,5.9338],[6.4428,5.9004],[6.4497,5.8879],[6.4715,5.877],[6.4776,5.8694],[6.4729,5.8507],[6.4615,5.8312],[6.4432,5.8123],[6.4365,5.7914],[6.438,5.7679],[6.4478,5.7444],[6.4591,5.7274],[6.4741,5.7157],[6.4764,5.704],[6.4705,5.6914],[6.4601,5.6869],[6.4347,5.684],[6.4266,5.6705],[6.418,5.6664],[6.4008,5.667],[6.3828,5.653],[6.3688,5.651],[6.3535,5.6423],[6.3256,5.6379],[6.3277,5.6269],[6.3569,5.6159],[6.3821,5.6097],[6.3685,5.5694],[6.3663,5.5507],[6.3774,5.5096],[6.3744,5.4865],[6.3799,5.4625],[6.3847,5.4577],[6.4247,5.458],[6.4472,5.4523],[6.4544,5.4417],[6.4454,5.4308],[6.432,5.428],[6.4102,5.4292],[6.3734,5.4442],[6.3667,5.4365],[6.347,5.4485],[6.3545,5.4388],[6.3366,5.4044],[6.3283,5.3765],[6.3388,5.3199],[6.3476,5.3205],[6.3804,5.309],[6.4089,5.3048],[6.426,5.3112],[6.4345,5.3233],[6.4502,5.3276],[6.4731,5.3219],[6.4902,5.324],[6.5026,5.3389],[6.4959,5.3697],[6.4855,5.3792],[6.4766,5.4041],[6.4831,5.4206],[6.5088,5.4257],[6.5245,5.4387],[6.5348,5.459],[6.5382,5.4758],[6.5308,5.532],[6.5426,5.5492],[6.5689,5.5534],[6.5848,5.5617],[6.601,5.5969],[6.6038,5.6149],[6.6176,5.6315],[6.6213,5.6426],[6.6065,5.6702],[6.6066,5.68],[6.614,5.6907],[6.6183,5.7169],[6.6261,5.7236],[6.6336,5.73],[6.6549,5.7715],[6.6508,5.8171],[6.6609,5.8565],[6.6737,5.8824],[6.6883,5.8969],[6.7038,5.9268],[6.7132,5.9567],[6.7199,5.9921],[6.6994,6.003],[6.6586,6.0041],[6.643,6.009],[6.6291,6.0185],[6.6171,5.9968],[6.6076,5.994],[6.5832,5.9938],[6.5668,5.9964],[6.5274,5.9961],[6.5165,5.9925],[6.4886,5.9909],[6.4792,5.9853]]]},"properties":{"lga_pcode":"NG010011","lga_name":"Ndokwa East","state_pcode":"NG010","state_name":"Delta"}},
{"type":"Feature","geometry":{"type":"Polygon","coordinates":[[[6.3192,6.0186],[6.3097,6.0102],[6.2995,6.0108],[6.2934,6.0191],[6.2566,6.0167],[6.2438,5.9674],[6.271,5.9601],[6.2979,5.9426],[6.3213,5.9225],[6.3619,5.8595],[6.3739,5.8306],[6.377,5.8153],[6.3746,5.8015],[6.3274,5.7871],[6.3048,5.7753],[6.2969,5.7672],[6.2747,5.7763],[6.2431,5.7732],[6.218,5.7732],[6.1986,5.7856],[6.1994,5.7544],[6.1871,5.7374],[6.1668,5.7265],[6.1737,5.7067],[6.18,5.6652],[6.191,5.6444],[6.2115,5.6217],[6.2366,5.6192],[6.2774,5.623],[6.3121,5.6323],[6.3256,5.6379],[6.3535,5.6423],[6.3688,5.651],[6.3828,5.653],[6.4008,5.667],[6.418,5.6664],[6.4266,5.6705],[6.4347,5.684],[6.4601,5.6869],[6.4705,5.6914],[6.4764,5.704],[6.4741,5.7157],[6.4591,5.7274],[6.4478,5.7444],[6.438,5.7679],[6.4365,5.7914],[6.4432,5.8123],[6.4615,5.8312],[6.4729,5.8507],[6.4776,5.8694],[6.4715,5.877],[6.4497,5.8879],[6.4428,5.9004],[6.459,5.9338],[6.4792,5.9853],[6.4445,5.9843],[6.4118,5.9875],[6.4036,5.9985],[6.394,6.0248],[6.3831,6.0302],[6.3743,6.0191],[6.3608,5.9891],[6.3458,5.9918],[6.3192,6.0186]]]},"properties":{"lga_pcode":"NG010012","lga_name":"Ndokwa West","state_pcode":"NG010","state_name":"Delta"}},
{"type":"Feature","geometry":{"type":"Polygon","coordinates":[[[6.4611,4.7133],[6.4506,4.6935],[6.422,4.6587],[6.3865,4.6198],[6.3384,4.6207],[6.3267,4.6302],[6.3147,4.6522],[6.2929,4.6623],[6.2687,4.6646],[6.2512,4.6598],[6.2242,4.6408],[6.2018,4.6421],[6.1931,4.6176],[6.1597,4.5666],[6.1649,4.5526],[6.1581,4.5318],[6.1467,4.5111],[6.1457,4.4851],[6.1508,4.4627],[6.1875,4.4388],[6.2212,4.4313],[6.2373,4.4091],[6.2434,4.3923],[6.2565,4.38],[6.267,4.3789],[6.3038,4.3634],[6.3547,4.3657],[6.3796,4.3778],[6.392,4.3781],[6.4077,4.3843],[6.4299,4.4215],[6.432,4.4351],[6.441,4.4485],[6.4642,4.4461],[6.4784,4.441],[6.505,4.4217],[6.5161,4.4062],[6.5273,4.3687],[6.5314,4.3376],[6.5411,4.3312],[6.5659,4.3277],[6.5885,4.3279],[6.6018,4.3348],[6.59,4.3577],[6.5727,4.3659],[6.5606,4.3764],[6.5522,4.3937],[6.5475,4.4276],[6.5541,4.4511],[6.5637,4.467],[6.5787,4.4784],[6.5883,4.4981],[6.5993,4.5344],[6.6029,4.5616],[6.5817,4.5939],[6.5665,4.6202],[6.561,4.6519],[6.5631,4.6791],[6.5727,4.6965],[6.5929,4.714],[6.598,4.7299],[6.5685,4.737],[6.5611,4.7444],[6.5601,4.7566],[6.5526,4.7586],[6.5273,4.753],[6.499,4.7326],[6.4785,4.7139],[6.4611,4.7133]]]},"properties":{"lga_pcode":"NG006004","lga_name":"Nembe","state_pcode":"NG006","state_name":"Bayelsa"}},
{"type":"Feature","geometry":{"type":"Polygon","coordinates":[[[14.3298,12.0705],[14.3383,12.0855],[14.3447,12.1065],[14.3545,12.1606],[14.3627,12.1797],[14.3619,12.1946],[14.369,12.2448],[14.3695,12.2837],[14.3656,12.3107],[14.3575,12.3331],[14.3528,12.358],[14.3295,12.3699],[14.3114,12.3574],[14.2925,12.3492],[14.2845,12.3649],[14.2744,12.3688],[14.2256,12.3595],[14.2172,12.3729],[14.199,12.3838],[14.1863,12.4013],[14.1739,12.4047],[14.1763,12.4233],[14.1954,12.429],[14.192,12.4383],[14.1814,12.4452],[14.1753,12.4694],[14.1869,12.4836],[14.1965,12.5012],[14.195,12.5169],[14.1859,12.5249],[14.1784,12.5512],[14.1774,12.5708],[14.1726,12.5907],[14.0919,12.4236],[14.0699,12.3934],[14.0474,12.3819],[14.0421,12.3727],[14.0529,12.3471],[14.0173,12.2595],[13.9971,12.2285],[13.9657,12.2001],[13.963,12.1925],[13.9661,12.1687],[13.9708,12.1593],[13.9899,12.1673],[14.0065,12.164],[14.0316,12.1466],[14.0481,12.127],[14.0691,12.0911],[14.0984,12.0374],[14.1101,12.0101],[14.1186,12.0024],[14.1374,11.9962],[14.1607,12.0001],[14.1835,12.0303],[14.2283,12.0398],[14.237,12.0482],[14.252,12.0742],[14.2618,12.0986],[14.2722,12.1052],[14.3039,12.0946],[14.3298,12.0705]]]},"properties":{"lga_pcode":"NG008025","lga_name":"Ngala","state_pcode":"NG008","state_name":"Borno"}},
{"type":"Feature","geometry":{"type":"Polygon","coordinates":[[[12.8828,12.3636],[12.9022,12.329],[12.9125,12.3187],[12.953,12.3115],[13.008,12.2967],[13.0485,12.2827],[13.0871,12.2802],[13.1099,12.2868],[13.1247,12.3117],[13.1315,12.3015],[13.1228,12.2642],[13.119,12.2385],[13.1238,12.1997],[13.1349,12.1769],[13.1495,12.1558],[13.1781,12.1032],[13.2008,12.0831],[13.2424,12.0564],[13.2653,12.0778],[13.279,12.1085],[13.2817,12.1296],[13.2722,12.1549],[13.2661,12.1827],[13.2609,12.2199],[13.2454,12.2803],[13.2453,12.3088],[13.2662,12.3109],[13.2815,12.3289],[13.2981,12.3751],[13.3123,12.429],[13.3,12.4528],[13.311,12.4868],[13.3219,12.5095],[13.3378,12.5265],[13.3321,12.5586],[13.3411,12.5841],[13.3453,12.6097],[13.332,12.6284],[13.3041,12.6291],[13.2835,12.6248],[13.2555,12.6229],[13.2254,12.6299],[13.2135,12.6457],[13.2198,12.6694],[13.2217,12.7043],[13.2128,12.7156],[13.2018,12.7491],[13.1865,12.7665],[13.1455,12.784],[13.1426,12.7904],[13.1489,12.8077],[13.1468,12.8292],[13.1407,12.8399],[13.1133,12.8506],[13.0878,12.8632],[13.0602,12.8622],[13.0306,12.8502],[13.0362,12.8094],[13.0321,12.7924],[13.0204,12.783],[13.0125,12.767],[13.0144,12.7584],[13.0295,12.7308],[13.0387,12.6947],[13.0353,12.6501],[13.0305,12.6436],[12.9942,12.634],[12.968,12.6229],[12.9592,12.6116],[12.953,12.5738],[12.9537,12.5453],[12.9507,12.533],[12.9284,12.5209],[12.9196,12.5077],[12.9124,12.468],[12.9149,12.4301],[12.9099,12.4216],[12.8875,12.3972],[12.8828,12.3636]]]},"properties":{"lga_pcode":"NG008026","lga_name":"Nganzai","state_pcode":"NG008","state_name":"Borno"}},
{"type":"Feature","geometry":{"type":"Polygon","coordinates":[[[4.5109,10.5355],[4.4985,10.5174],[4.4856,10.4698],[4.4795,10.4213],[4.4864,10.3685],[4.483,10.3287],[4.4908,10.314],[4.5418,10.2871],[4.56,10.2681],[4.5687,10.246],[4.5674,10.2229],[4.5518,10.1949],[4.5275,10.143],[4.5269,10.1143],[4.5794,10.132],[4.614,10.1225],[4.6356,10.1276],[4.6439,10.1207],[4.6681,10.1131],[4.6899,10.114],[4.7108,10.1315],[4.7129,10.1617],[4.7054,10.1725],[4.6928,10.1801],[4.6786,10.1976],[4.6711,10.2118],[4.6694,10.2261],[4.697,10.2403],[4.7054,10.2528],[4.702,10.2729],[4.702,10.2938],[4.7129,10.3106],[4.7313,10.3147],[4.7489,10.3055],[4.7765,10.2955],[4.8028,10.2963],[4.8416,10.2925],[4.8546,10.2944],[4.8535,10.3203],[4.8403,10.3715],[4.8442,10.3892],[4.8467,10.421],[4.8526,10.4444],[4.8534,10.4603],[4.8451,10.4787],[4.8329,10.4879],[4.8187,10.5071],[4.822,10.559],[4.8279,10.5699],[4.8237,10.595],[4.802,10.6134],[4.7961,10.6293],[4.8028,10.6527],[4.812,10.6619],[4.8145,10.6744],[4.807,10.6929],[4.8145,10.7046],[4.8471,10.7046],[4.8622,10.7071],[4.8681,10.7004],[4.8906,10.7012],[4.894,10.6937],[4.909,10.6878],[4.9233,10.6937],[4.9417,10.6887],[4.9484,10.7012],[4.9735,10.7104],[4.9793,10.7171],[5.0086,10.7213],[5.0119,10.7405],[5.027,10.7481],[5.0404,10.7372],[5.0571,10.7397],[5.0797,10.7556],[5.1009,10.7598],[5.109,10.7957],[5.0998,10.8083],[5.0839,10.8175],[5.0471,10.825],[5.0387,10.8359],[5.0287,10.8593],[5.0253,10.8903],[5.0345,10.8995],[5.0546,10.9045],[5.0755,10.9154],[5.0822,10.9271],[5.0814,10.9505],[5.068,10.9898],[5.063,11.0124],[5.0406,11.0519],[5.0111,11.0325],[4.95,10.9982],[4.9141,10.9681],[4.889,10.9505],[4.8766,10.9451],[4.8677,10.9288],[4.8022,10.8937],[4.8024,10.8787],[4.7967,10.8552],[4.7916,10.8471],[4.7739,10.8403],[4.7449,10.8112],[4.7443,10.7673],[4.7384,10.7221],[4.7342,10.7012],[4.721,10.686],[4.7138,10.6647],[4.715,10.6252],[4.6988,10.6213],[4.6892,10.6424],[4.6613,10.6212],[4.607,10.576],[4.5851,10.5639],[4.5255,10.542],[4.5109,10.5355]]]},"properties":{"lga_pcode":"NG022015","lga_name":"Ngaski","state_pcode":"NG022","state_name":"Kebbi"}},
{"type":"Feature","geometry":{"type":"Polygon","coordinates":[[[7.1748,5.4595],[7.1596,5.4477],[7.1535,5.4324],[7.1565,5.4167],[7.1459,5.4061],[7.0965,5.4022],[7.0867,5.3951],[7.0606,5.3496],[7.0354,5.3239],[7.0354,5.3087],[7.0307,5.2982],[6.9882,5.2666],[6.9827,5.2655],[6.9832,5.2574],[6.9984,5.2392],[7.04,5.2496],[7.056,5.2441],[7.094,5.2255],[7.1128,5.2375],[7.1159,5.2464],[7.1381,5.2372],[7.1571,5.2345],[7.1663,5.212],[7.1983,5.1998],[7.2245,5.1951],[7.2421,5.1959],[7.2514,5.2019],[7.2561,5.2135],[7.2639,5.2156],[7.2669,5.2394],[7.2761,5.2557],[7.2778,5.2729],[7.2886,5.2983],[7.2916,5.3196],[7.2768,5.3263],[7.2521,5.3512],[7.2395,5.3751],[7.2211,5.3896],[7.2198,5.4053],[7.2284,5.4429],[7.211,5.4536],[7.1851,5.4495],[7.1748,5.4595]]]},"properties":{"lga_pcode":"NG017012","lga_name":"Ngor-Okpala","state_pcode":"NG017","state_name":"Imo"}},
{"type":"Feature","geometry":{"type":"Polygon","coordinates":[[[10.3345,12.8588],[10.3668,12.8617],[10.3915,12.8527],[10.4056,12.8437],[10.4425,12.8357],[10.4606,12.8216],[10.4902,12.8217],[10.5089,12.8249],[10.527,12.8394],[10.5599,12.8352],[10.5708,12.8425],[10.5949,12.866],[10.5835,12.8866],[10.571,12.8969],[10.547,12.9083],[10.5274,12.9239],[10.5117,12.9433],[10.4889,12.9916],[10.4922,13.0149],[10.4829,13.0378],[10.46,13.0717],[10.4527,13.0789],[10.4225,13.0934],[10.4184,13.1037],[10.4278,13.1149],[10.4268,13.1283],[10.4111,13.1359],[10.3988,13.1345],[10.3539,13.1383],[10.3061,13.1252],[10.2917,13.1113],[10.2771,13.1032],[10.2572,13.0688],[10.2464,13.0309],[10.2548,13.0121],[10.2535,13.006],[10.2779,12.9654],[10.2817,12.9332],[10.2716,12.8997],[10.2767,12.8753],[10.274,12.8674],[10.2534,12.861],[10.2475,12.851],[10.2522,12.8441],[10.2722,12.8409],[10.299,12.847],[10.3345,12.8588]]]},"properties":{"lga_pcode":"NG036013","lga_name":"Nguru","state_pcode":"NG036","state_name":"Yobe"}},
{"type":"Feature","geometry":{"type":"Polygon","coordinates":[[[9.1935,11.3509],[9.1612,11.3321],[9.1429,11.332],[9.1334,11.319],[9.1117,11.3055],[9.097,11.291],[9.0763,11.2845],[9.033,11.2563],[9.0153,11.2289],[8.9827,11.1952],[8.9474,11.1719],[8.8962,11.1015],[8.8745,11.0891],[8.8369,11.0984],[8.8229,11.0995],[8.8104,11.0906],[8.796,11.0679],[8.7885,11.0502],[8.7782,11.0114],[8.7802,10.987],[8.7897,10.9477],[8.7887,10.9423],[8.7857,10.9277],[8.7726,10.9028],[8.7646,10.8653],[8.7694,10.8293],[8.7856,10.7972],[8.7922,10.7914],[8.821,10.8179],[8.8494,10.836],[8.8695,10.8461],[8.8977,10.8504],[8.9129,10.8444],[8.934,10.843],[8.9878,10.8158],[9.0123,10.7982],[9.0215,10.7866],[9.054,10.7649],[9.0852,10.753],[9.1018,10.7503],[9.1423,10.7503],[9.1893,10.7722],[9.227,10.7863],[9.2542,10.8032],[9.2672,10.8088],[9.3294,10.8057],[9.3682,10.8064],[9.3905,10.8107],[9.4281,10.8114],[9.4705,10.8201],[9.5177,10.8425],[9.5719,10.8534],[9.5938,10.8615],[9.6068,10.9042],[9.6065,10.9196],[9.6121,10.9327],[9.626,10.9508],[9.6316,10.9679],[9.633,10.9864],[9.6289,11.0141],[9.6218,11.0278],[9.6203,11.0575],[9.6199,11.0659],[9.6074,11.1098],[9.5973,11.1537],[9.5976,11.1779],[9.612,11.21],[9.6182,11.2399],[9.625,11.2525],[9.5956,11.2599],[9.5823,11.2597],[9.5768,11.2724],[9.5764,11.3035],[9.5704,11.3241],[9.5468,11.3388],[9.528,11.3409],[9.5,11.3348],[9.4663,11.3079],[9.4466,11.3079],[9.4241,11.3131],[9.4017,11.3232],[9.3688,11.3423],[9.3493,11.3504],[9.3131,11.3693],[9.279,11.372],[9.2391,11.3691],[9.2249,11.3658],[9.1935,11.3509]]]},"properties":{"lga_pcode":"NG005015","lga_name":"Ningi","state_pcode":"NG005","state_name":"Bauchi"}},
{"type":"Feature","geometry":{"type":"Polygon","coordinates":[[[7.0734,5.7327],[7.0603,5.7496],[7.0456,5.7443],[7.0203,5.7453],[7.0105,5.7622],[6.9805,5.7639],[6.9738,5.7611],[6.9668,5.7506],[6.9669,5.729],[6.9801,5.7133],[6.9858,5.6993],[6.9858,5.6804],[6.9789,5.6581],[6.9823,5.645],[7.0037,5.6396],[7.0209,5.6432],[7.0264,5.6581],[7.0285,5.6854],[7.0174,5.7023],[7.0327,5.7234],[7.0626,5.7271],[7.0734,5.7327]]]},"properties":{"lga_pcode":"NG017013","lga_name":"Njaba","state_pcode":"NG017","state_name":"Imo"}},
{"type":"Feature","geometry":{"type":"Polygon","coordinates":[[[7.0395,6.1583],[7.0413,6.171],[7.034,6.2033],[7.0189,6.2382],[7.0084,6.2555],[6.9968,6.2355],[6.9658,6.2506],[6.9542,6.2362],[6.9502,6.2166],[6.9581,6.2003],[6.9785,6.2035],[6.9782,6.189],[6.9595,6.1883],[6.9444,6.1816],[6.9445,6.171],[6.952,6.1611],[6.965,6.1452],[6.9749,6.1236],[7.0038,6.1265],[7.0129,6.1422],[7.0169,6.1601],[7.0395,6.1583]]]},"properties":{"lga_pcode":"NG004013","lga_name":"Njikoka","state_pcode":"NG004","state_name":"Anambra"}},
{"type":"Feature","geometry":{"type":"Polygon","coordinates":[[[7.6683,6.0606],[7.6862,6.0713],[7.698,6.074],[7.7138,6.0839],[7.7262,6.1149],[7.7385,6.1703],[7.7303,6.178],[7.7302,6.2103],[7.733,6.2266],[7.725,6.2426],[7.7089,6.2779],[7.708,6.2984],[7.721,6.331],[7.7387,6.3538],[7.7514,6.3855],[7.7491,6.4473],[7.7469,6.4727],[7.7307,6.5599],[7.7039,6.6071],[7.6819,6.6033],[7.6535,6.6016],[7.6491,6.5824],[7.6522,6.5527],[7.65,6.5418],[7.6574,6.513],[7.6518,6.4864],[7.6443,6.4711],[7.6321,6.4571],[7.6307,6.4482],[7.6188,6.4199],[7.6216,6.339],[7.6144,6.3135],[7.5887,6.3102],[7.5906,6.2951],[7.5834,6.2694],[7.5752,6.2645],[7.5638,6.2439],[7.5334,6.2441],[7.5124,6.2313],[7.5319,6.2091],[7.5448,6.1869],[7.5492,6.169],[7.5714,6.1555],[7.585,6.1528],[7.6046,6.1581],[7.6221,6.1572],[7.6304,6.1524],[7.6408,6.1323],[7.6544,6.0987],[7.6614,6.0695],[7.6683,6.0606]]]},"properties":{"lga_pcode":"NG014011","lga_name":"Nkanu East","state_pcode":"NG014","state_name":"Enugu"}},
{"type":"Feature","geometry":{"type":"Polygon","coordinates":[[[7.5124,6.2313],[7.5334,6.2441],[7.5638,6.2439],[7.5752,6.2645],[7.5834,6.2694],[7.5906,6.2951],[7.5887,6.3102],[7.6144,6.3135],[7.6216,6.339],[7.6188,6.4199],[7.5853,6.4279],[7.5802,6.4227],[7.5817,6.3973],[7.5662,6.3868],[7.5592,6.3763],[7.5403,6.3663],[7.5144,6.3589],[7.469,6.3795],[7.4601,6.3916],[7.4409,6.4104],[7.437,6.4065],[7.4317,6.3628],[7.444,6.3388],[7.466,6.2956],[7.4852,6.2698],[7.5031,6.238],[7.5124,6.2313]]]},"properties":{"lga_pcode":"NG014012","lga_name":"Nkanu West","state_pcode":"NG014","state_name":"Enugu"}},
{"type":"Feature","geometry":{"type":"Polygon","coordinates":[[[7.1097,5.7706],[7.0898,5.7772],[7.0737,5.7744],[7.0772,5.7616],[7.0603,5.7496],[7.0734,5.7327],[7.083,5.7312],[7.0911,5.7223],[7.0969,5.7265],[7.0984,5.7407],[7.1282,5.7357],[7.1385,5.7489],[7.1615,5.7563],[7.1621,5.7589],[7.141,5.7681],[7.1097,5.7706]]]},"properties":{"lga_pcode":"NG017014","lga_name":"Nkwerre","state_pcode":"NG017","state_name":"Imo"}},
{"type":"Feature","geometry":{"type":"Polygon","coordinates":[[[6.9021,5.9652],[6.9082,5.9707],[6.9466,5.9673],[6.9543,5.9925],[6.9604,6.0038],[6.9526,6.0203],[6.936,6.0288],[6.9223,6.0515],[6.8967,6.0737],[6.8927,6.0611],[6.8911,6.0351],[6.8761,6.0255],[6.8813,6.0091],[6.8725,5.9845],[6.8856,5.9754],[6.8984,5.977],[6.9021,5.9652]]]},"properties":{"lga_pcode":"NG004014","lga_name":"Nnewi North","state_pcode":"NG004","state_name":"Anambra"}},
{"type":"Feature","geometry":{"type":"Polygon","coordinates":[[[6.9927,6.024],[6.9843,6.0207],[6.9644,6.0171],[6.9526,6.0203],[6.9604,6.0038],[6.9543,5.9925],[6.9466,5.9673],[6.9082,5.9707],[6.9021,5.9652],[6.9005,5.9438],[6.8884,5.9364],[6.8877,5.9194],[6.881,5.9124],[6.8929,5.9073],[6.9316,5.9031],[6.9566,5.9074],[6.9777,5.9017],[6.995,5.8968],[7.0031,5.9052],[7.031,5.9121],[7.0478,5.9272],[7.0564,5.9306],[7.0461,5.938],[7.0522,5.9605],[7.0362,5.9836],[6.9881,5.9997],[6.9837,6.0081],[6.9927,6.0151],[6.9927,6.024]]]},"properties":{"lga_pcode":"NG004015","lga_name":"Nnewi South","state_pcode":"NG004","state_name":"Anambra"}},
{"type":"Feature","geometry":{"type":"Polygon","coordinates":[[[7.9749,4.8347],[7.9744,4.8231],[7.984,4.7935],[8.0007,4.7783],[8.0077,4.764],[8.0146,4.7606],[8.0337,4.7411],[8.0504,4.7331],[8.0508,4.7493],[8.0581,4.7649],[8.0788,4.7942],[8.0768,4.7999],[8.0559,4.8146],[8.0501,4.8266],[8.0619,4.844],[8.0745,4.8534],[8.0778,4.8632],[8.0892,4.8697],[8.0724,4.8915],[8.0275,4.9049],[8.0081,4.8994],[8.0065,4.8755],[8.0119,4.8643],[8.0217,4.8582],[8.0185,4.8496],[7.9961,4.8479],[7.9749,4.8347]]]},"properties":{"lga_pcode":"NG003019","lga_name":"Nsit Atai","state_pcode":"NG003","state_name":"Akwa Ibom"}},
{"type":"Feature","geometry":{"type":"Polygon","coordinates":[[[7.883,4.7935],[7.9063,4.8128],[7.9212,4.8175],[7.9392,4.8139],[7.9347,4.8298],[7.9347,4.8498],[7.9313,4.8768],[7.9153,4.9185],[7.9153,4.9303],[7.8939,4.9633],[7.8826,5.0007],[7.8693,5.0133],[7.8552,4.9953],[7.8455,4.9877],[7.8531,4.9768],[7.8523,4.9353],[7.8565,4.9215],[7.8752,4.8847],[7.8656,4.8655],[7.8734,4.8385],[7.8679,4.8125],[7.883,4.7935]]]},"properties":{"lga_pcode":"NG003020","lga_name":"Nsit Ibom","state_pcode":"NG003","state_name":"Akwa Ibom"}},
{"type":"Feature","geometry":{"type":"Polygon","coordinates":[[[8.0222,4.6925],[8.0365,4.6921],[8.0479,4.6996],[8.0679,4.7033],[8.0558,4.7153],[8.0504,4.7331],[8.0337,4.7411],[8.0146,4.7606],[8.0077,4.764],[8.0007,4.7783],[7.984,4.7935],[7.9744,4.8231],[7.9749,4.8347],[7.9611,4.8357],[7.9543,4.8192],[7.9519,4.7926],[7.9422,4.7926],[7.9392,4.8139],[7.9212,4.8175],[7.9063,4.8128],[7.883,4.7935],[7.8854,4.7855],[7.8815,4.767],[7.8863,4.7486],[7.8844,4.7212],[7.8849,4.7162],[7.897,4.714],[7.9258,4.6964],[7.9432,4.6815],[7.954,4.6822],[7.9688,4.6967],[7.9862,4.6813],[8.013,4.6919],[8.0222,4.6925]]]},"properties":{"lga_pcode":"NG003021","lga_name":"Nsit Ubium","state_pcode":"NG003","state_name":"Akwa Ibom"}},
{"type":"Feature","geometry":{"type":"Polygon","coordinates":[[[7.2099,6.9028],[7.217,6.8932],[7.2418,6.8832],[7.2816,6.8587],[7.2903,6.85],[7.2982,6.8338],[7.2995,6.8076],[7.2898,6.777],[7.2945,6.7681],[7.3117,6.7544],[7.3287,6.7334],[7.3324,6.7248],[7.3484,6.7212],[7.3674,6.7307],[7.3787,6.7458],[7.3929,6.7581],[7.4223,6.7645],[7.427,6.7586],[7.4245,6.7439],[7.4325,6.7381],[7.4518,6.7491],[7.4644,6.7609],[7.4776,6.7535],[7.499,6.7491],[7.5081,6.7409],[7.5105,6.7292],[7.5457,6.7175],[7.56,6.7037],[7.5828,6.6895],[7.5903,6.6958],[7.5756,6.7088],[7.5519,6.7365],[7.5612,6.7382],[7.5645,6.7495],[7.5824,6.7807],[7.5829,6.7966],[7.5898,6.812],[7.6119,6.8157],[7.6209,6.8378],[7.6072,6.8392],[7.5879,6.8324],[7.5631,6.8194],[7.5457,6.8234],[7.5181,6.8336],[7.4879,6.8224],[7.4806,6.8366],[7.4609,6.8459],[7.4318,6.8524],[7.4322,6.8612],[7.4417,6.8797],[7.4274,6.8915],[7.4063,6.9],[7.3946,6.9144],[7.3741,6.9032],[7.3278,6.912],[7.313,6.9238],[7.303,6.9486],[7.3071,6.9672],[7.3203,6.97],[7.3232,6.9792],[7.3148,6.9888],[7.313,6.9997],[7.2933,6.9942],[7.2578,6.9808],[7.2413,6.9713],[7.2381,6.9579],[7.2429,6.928],[7.235,6.9107],[7.2099,6.9028]]]},"properties":{"lga_pcode":"NG014013","lga_name":"Nsukka","state_pcode":"NG014","state_name":"Enugu"}},
{"type":"Feature","geometry":{"type":"Polygon","coordinates":[[[12.0709,9.6465],[12.0599,9.6357],[12.0485,9.6327],[12.0092,9.6351],[11.9844,9.6342],[11.9581,9.642],[11.969,9.6203],[11.9701,9.578],[11.963,9.5118],[11.9607,9.5026],[11.9467,9.4866],[11.934,9.4809],[11.9074,9.4878],[11.8912,9.4958],[11.862,9.5031],[11.831,9.5062],[11.7801,9.4983],[11.7407,9.4903],[11.6752,9.4697],[11.6656,9.4634],[11.6282,9.4479],[11.5435,9.4004],[11.5345,9.4032],[11.541,9.3926],[11.5573,9.3809],[11.5963,9.3792],[11.6222,9.3371],[11.6391,9.3187],[11.6608,9.2782],[11.6705,9.2531],[11.6796,9.2693],[11.6942,9.2784],[11.7803,9.3188],[11.803,9.3369],[11.818,9.3702],[11.8424,9.4045],[11.8702,9.4193],[11.8991,9.4295],[11.9107,9.4307],[11.9535,9.4283],[11.9732,9.4249],[12.0184,9.4328],[12.0381,9.4385],[12.044,9.4453],[12.0532,9.4831],[12.0579,9.5254],[12.0538,9.543],[12.0604,9.5734],[12.0708,9.6042],[12.0744,9.6362],[12.0709,9.6465]]]},"properties":{"lga_pcode":"NG002016","lga_name":"Numan","state_pcode":"NG002","state_name":"Adamawa"}},
{"type":"Feature","geometry":{"type":"Polygon","coordinates":[[[7.1758,5.736],[7.177,5.7465],[7.1615,5.7563],[7.1385,5.7489],[7.1282,5.7357],[7.0984,5.7407],[7.0969,5.7265],[7.0911,5.7223],[7.0765,5.7145],[7.0749,5.6975],[7.0823,5.6635],[7.095,5.6753],[7.1127,5.6851],[7.1231,5.6793],[7.1402,5.6608],[7.1512,5.671],[7.1467,5.6854],[7.1639,5.7074],[7.1758,5.736]]]},"properties":{"lga_pcode":"NG017015","lga_name":"Nwangele","state_pcode":"NG017","state_name":"Imo"}},
{"type":"Feature","geometry":{"type":"Polygon","coordinates":[[[3.3129,7.113],[3.314,7.0844],[3.3231,7.0537],[3.313,7.0411],[3.3011,7.0079],[3.3013,6.9933],[3.3115,6.9654],[3.3123,6.9278],[3.3077,6.9137],[3.3197,6.882],[3.3357,6.8551],[3.3648,6.8305],[3.3873,6.8174],[3.396,6.8018],[3.3964,6.7826],[3.3878,6.7381],[3.3883,6.7232],[3.3957,6.6984],[3.4153,6.6885],[3.4383,6.6898],[3.4445,6.7257],[3.4455,6.7432],[3.4531,6.7771],[3.4657,6.7968],[3.4718,6.8189],[3.4843,6.8311],[3.4855,6.8444],[3.4931,6.8513],[3.5106,6.8524],[3.5217,6.865],[3.5403,6.8719],[3.5487,6.8856],[3.5696,6.9034],[3.5883,6.9015],[3.5898,6.9278],[3.6044,6.9403],[3.6416,6.9735],[3.6401,6.9922],[3.6496,7.0009],[3.6496,7.0127],[3.662,7.0347],[3.6793,7.052],[3.7077,7.0629],[3.7276,7.0836],[3.7274,7.0969],[3.7815,7.1212],[3.7944,7.1395],[3.7872,7.1639],[3.7773,7.1806],[3.7804,7.2027],[3.7636,7.2307],[3.7507,7.2269],[3.7222,7.2129],[3.7118,7.2193],[3.6657,7.1889],[3.6403,7.1836],[3.6219,7.1828],[3.5998,7.1738],[3.5751,7.16],[3.5487,7.1542],[3.5319,7.1534],[3.51,7.1676],[3.5036,7.1659],[3.487,7.1489],[3.4683,7.1378],[3.4265,7.1418],[3.3993,7.153],[3.3954,7.1334],[3.3475,7.1165],[3.3331,7.1149],[3.3188,7.1204],[3.3129,7.113]]]},"properties":{"lga_pcode":"NG028015","lga_name":"Obafemi-Owode","state_pcode":"NG028","state_name":"Ogun"}},
{"type":"Feature","geometry":{"type":"Polygon","coordinates":[[[9.3323,6.2664],[9.3461,6.2904],[9.3474,6.3122],[9.3395,6.3249],[9.3442,6.3363],[9.3613,6.3362],[9.384,6.3246],[9.4068,6.3164],[9.4194,6.322],[9.4355,6.3357],[9.4424,6.3494],[9.4496,6.3999],[9.4625,6.4365],[9.4656,6.4556],[9.4673,6.4732],[9.4743,6.4996],[9.4711,6.5249],[9.4495,6.5388],[9.4325,6.5573],[9.4168,6.5827],[9.4021,6.6011],[9.368,6.6289],[9.3522,6.6485],[9.3432,6.6647],[9.3251,6.6843],[9.3003,6.7201],[9.2558,6.7181],[9.2157,6.7057],[9.1928,6.6944],[9.1757,6.6888],[9.1813,6.6773],[9.187,6.6418],[9.1744,6.5924],[9.1736,6.5648],[9.1602,6.5128],[9.1384,6.5002],[9.1196,6.4856],[9.1551,6.491],[9.1836,6.4935],[9.197,6.5052],[9.2104,6.527],[9.2247,6.5027],[9.2506,6.4876],[9.269,6.4742],[9.2868,6.4435],[9.3003,6.4147],[9.3022,6.3676],[9.3018,6.3159],[9.3154,6.2963],[9.3323,6.2664]]]},"properties":{"lga_pcode":"NG009013","lga_name":"Obanliku","state_pcode":"NG009","state_name":"Cross River"}},
{"type":"Feature","geometry":{"type":"Polygon","coordinates":[[[8.1919,6.9694],[8.2142,6.9675],[8.2326,6.9578],[8.2479,6.9372],[8.2599,6.895],[8.2729,6.8972],[8.3163,6.92],[8.3369,6.9244],[8.3664,6.9516],[8.379,6.9684],[8.3873,6.987],[8.4055,7.0149],[8.4078,7.0517],[8.4104,7.0642],[8.3985,7.0872],[8.367,7.1024],[8.3468,7.1042],[8.3129,7.1163],[8.2836,7.1349],[8.2748,7.1466],[8.2481,7.1215],[8.2258,7.114],[8.2062,7.114],[8.2019,7.1064],[8.1998,7.0619],[8.1945,7.0456],[8.176,7.0328],[8.1352,7.0196],[8.1026,7.0172],[8.0999,7.0098],[8.1022,6.9889],[8.1235,6.988],[8.1919,6.9694]]]},"properties":{"lga_pcode":"NG007014","lga_name":"Obi","state_pcode":"NG007","state_name":"Benue"}},
{"type":"Feature","geometry":{"type":"Polygon","coordinates":[[[9.0086,8.4004],[8.9814,8.4021],[8.9696,8.4057],[8.9451,8.406],[8.9221,8.403],[8.8941,8.4079],[8.8829,8.4021],[8.8569,8.4006],[8.8294,8.404],[8.7806,8.431],[8.7492,8.458],[8.7325,8.4629],[8.7247,8.4732],[8.7061,8.482],[8.6649,8.4766],[8.6429,8.479],[8.6306,8.4756],[8.6219,8.4632],[8.6058,8.4536],[8.5685,8.4434],[8.5557,8.406],[8.5514,8.4008],[8.5364,8.407],[8.5222,8.407],[8.483,8.4182],[8.4572,8.4169],[8.4435,8.4251],[8.4535,8.4045],[8.4651,8.3546],[8.4915,8.3468],[8.5069,8.3374],[8.52,8.3186],[8.5306,8.2962],[8.5532,8.268],[8.5967,8.253],[8.6217,8.2598],[8.6614,8.2647],[8.6933,8.2598],[8.7448,8.2593],[8.7674,8.2657],[8.7876,8.278],[8.8005,8.2894],[8.8218,8.3012],[8.8408,8.3],[8.8817,8.2763],[8.891,8.2731],[8.9297,8.276],[8.9591,8.2814],[8.9617,8.2708],[8.9564,8.2541],[8.9887,8.2623],[9.0207,8.28],[9.0133,8.3287],[9.0099,8.3658],[9.0086,8.4004]]]},"properties":{"lga_pcode":"NG026011","lga_name":"Obi","state_pcode":"NG026","state_name":"Nasarawa"}},
{"type":"Feature","geometry":{"type":"Polygon","coordinates":[[[7.4011,5.0819],[7.4089,5.0643],[7.3971,5.0395],[7.4186,5.0125],[7.4202,5.0024],[7.4561,5.0195],[7.4885,5.0377],[7.5251,5.0505],[7.5402,5.069],[7.5469,5.0881],[7.5347,5.1087],[7.5338,5.1405],[7.5308,5.1503],[7.5279,5.156],[7.539,5.1873],[7.5435,5.2583],[7.5531,5.2757],[7.535,5.3038],[7.5176,5.3036],[7.5097,5.2842],[7.4947,5.2719],[7.492,5.2586],[7.4688,5.2316],[7.4537,5.241],[7.409,5.2068],[7.4059,5.1977],[7.3848,5.2008],[7.3635,5.2007],[7.3625,5.1819],[7.3668,5.1574],[7.3653,5.1341],[7.385,5.1334],[7.4017,5.1048],[7.4011,5.0819]]]},"properties":{"lga_pcode":"NG001009","lga_name":"Obi Ngwa","state_pcode":"NG001","state_name":"Abia"}},
{"type":"Feature","geometry":{"type":"Polygon","coordinates":[[[6.9406,4.794],[6.9501,4.7891],[6.9707,4.788],[6.9819,4.8002],[6.9873,4.823],[7.0371,4.8241],[7.0561,4.8224],[7.0766,4.814],[7.0841,4.8326],[7.104,4.8422],[7.1385,4.841],[7.1524,4.8507],[7.1355,4.8677],[7.1182,4.8672],[7.1173,4.8772],[7.126,4.8848],[7.1261,4.8966],[7.1044,4.893],[7.0976,4.9033],[7.0628,4.9199],[7.0531,4.9214],[7.0394,4.9348],[7.0252,4.9398],[7.015,4.9338],[6.9809,4.9224],[6.9762,4.9113],[6.9949,4.8929],[6.9843,4.8902],[6.9636,4.9002],[6.942,4.9008],[6.9199,4.9056],[6.8988,4.9049],[6.9008,4.894],[6.8932,4.8859],[6.9036,4.8688],[6.9081,4.8492],[6.9179,4.8482],[6.9258,4.8396],[6.9219,4.8246],[6.9307,4.8169],[6.9212,4.8069],[6.9244,4.7947],[6.9406,4.794]]]},"properties":{"lga_pcode":"NG033015","lga_name":"Obia/Akpor","state_pcode":"NG033","state_name":"Rivers"}},
{"type":"Feature","geometry":{"type":"Polygon","coordinates":[[[4.6791,7.6718],[4.706,7.667],[4.7372,7.6682],[4.7562,7.6758],[4.7811,7.7173],[4.8062,7.7364],[4.8303,7.7389],[4.8675,7.7337],[4.8818,7.7244],[4.8932,7.7303],[4.9094,7.7664],[4.9153,7.7912],[4.9158,7.8221],[4.9086,7.8298],[4.91,7.8418],[4.8899,7.8447],[4.8682,7.863],[4.8331,7.8759],[4.8077,7.8649],[4.7925,7.8668],[4.7826,7.8794],[4.7197,7.8804],[4.7059,7.8653],[4.7079,7.8468],[4.6905,7.8376],[4.6724,7.8199],[4.6637,7.7905],[4.6426,7.7828],[4.6383,7.7774],[4.608,7.7638],[4.5993,7.7404],[4.6141,7.7321],[4.6338,7.7269],[4.654,7.7067],[4.6791,7.6718]]]},"properties":{"lga_pcode":"NG030024","lga_name":"Obokun","state_pcode":"NG030","state_name":"Osun"}},
{"type":"Feature","geometry":{"type":"Polygon","coordinates":[[[7.6509,5.1818],[7.6571,5.1951],[7.6609,5.2154],[7.66,5.2477],[7.684,5.2554],[7.6881,5.2598],[7.6784,5.2737],[7.6792,5.2981],[7.6797,5.3033],[7.6585,5.336],[7.6489,5.3249],[7.622,5.3178],[7.603,5.3269],[7.5916,5.3187],[7.5721,5.3243],[7.5562,5.3063],[7.5407,5.3091],[7.535,5.3038],[7.5531,5.2757],[7.5435,5.2583],[7.539,5.1873],[7.5279,5.156],[7.5308,5.1503],[7.5657,5.1609],[7.5816,5.1749],[7.608,5.1745],[7.612,5.1705],[7.6398,5.1758],[7.6509,5.1818]]]},"properties":{"lga_pcode":"NG003022","lga_name":"Obot Akara","state_pcode":"NG003","state_name":"Akwa Ibom"}},
{"type":"Feature","geometry":{"type":"Polygon","coordinates":[[[7.3245,5.5416],[7.3393,5.5405],[7.3516,5.5296],[7.3812,5.5167],[7.388,5.5104],[7.4067,5.5332],[7.4095,5.553],[7.4174,5.5621],[7.4152,5.5759],[7.4228,5.5836],[7.4075,5.5931],[7.397,5.5795],[7.3747,5.5841],[7.3463,5.6083],[7.325,5.6064],[7.3089,5.611],[7.3099,5.5856],[7.3053,5.575],[7.3063,5.5566],[7.3151,5.5453],[7.3245,5.5416]]]},"properties":{"lga_pcode":"NG017016","lga_name":"Obowo","state_pcode":"NG017","state_name":"Imo"}},
{"type":"Feature","geometry":{"type":"Polygon","coordinates":[[[8.3303,6.1899],[8.3174,6.1717],[8.3194,6.1598],[8.3083,6.1392],[8.3154,6.1177],[8.302,6.1081],[8.2985,6.0909],[8.2982,6.0675],[8.2888,6.0457],[8.2866,6.0166],[8.2743,5.999],[8.2584,5.9981],[8.2527,6.0122],[8.2448,6.018],[8.2303,6.0127],[8.2148,6.0122],[8.173,5.9738],[8.1879,5.9493],[8.197,5.9435],[8.23,5.9318],[8.2412,5.9134],[8.2297,5.8985],[8.2307,5.8802],[8.2398,5.8686],[8.2534,5.8639],[8.2671,5.8684],[8.2807,5.85],[8.2986,5.8097],[8.3234,5.7647],[8.3382,5.7428],[8.3681,5.7597],[8.4136,5.7944],[8.4318,5.8037],[8.4387,5.8026],[8.4628,5.7809],[8.4809,5.7616],[8.4857,5.7992],[8.4745,5.8326],[8.4655,5.851],[8.4647,5.89],[8.467,5.8957],[8.4991,5.9127],[8.5037,5.9208],[8.4845,5.9496],[8.5033,5.9828],[8.5198,5.988],[8.5408,6.0066],[8.5432,6.0181],[8.5376,6.0261],[8.5081,6.0482],[8.4852,6.0629],[8.4819,6.0794],[8.4736,6.0942],[8.4582,6.1002],[8.4538,6.1094],[8.466,6.1288],[8.4665,6.1381],[8.4583,6.1475],[8.4451,6.1486],[8.4484,6.1667],[8.4429,6.1876],[8.4264,6.2095],[8.4303,6.2238],[8.4467,6.2337],[8.4469,6.2512],[8.4747,6.2529],[8.4634,6.2632],[8.4603,6.2725],[8.4731,6.2844],[8.4596,6.2873],[8.4311,6.2875],[8.4109,6.2821],[8.4091,6.2635],[8.4173,6.2596],[8.4053,6.2371],[8.3933,6.2325],[8.3838,6.2135],[8.368,6.1984],[8.3474,6.19],[8.3409,6.1834],[8.3303,6.1899]]]},"properties":{"lga_pcode":"NG009014","lga_name":"Obubra","state_pcode":"NG009","state_name":"Cross River"}},
{"type":"Feature","geometry":{"type":"Polygon","coordinates":[[[8.9723,6.6431],[8.9881,6.6292],[8.9971,6.6085],[8.9981,6.5924],[8.9946,6.5741],[8.9783,6.5386],[8.9566,6.5086],[8.9734,6.5086],[9.0035,6.4617],[9.0219,6.4475],[9.0454,6.4374],[9.0638,6.4324],[9.0806,6.4332],[9.1074,6.4659],[9.1196,6.4856],[9.1384,6.5002],[9.1602,6.5128],[9.1736,6.5648],[9.1744,6.5924],[9.187,6.6418],[9.1813,6.6773],[9.1757,6.6888],[9.1682,6.6867],[9.1494,6.6844],[9.1231,6.6731],[9.1117,6.6599],[9.0874,6.6513],[9.0704,6.6425],[9.0476,6.6438],[9.0271,6.6508],[8.9977,6.6831],[8.992,6.6924],[8.9712,6.6558],[8.9723,6.6431]]]},"properties":{"lga_pcode":"NG009015","lga_name":"Obudu","state_pcode":"NG009","state_name":"Cross River"}},
{"type":"Feature","geometry":{"type":"Polygon","coordinates":[[[3.3529,7.1907],[3.3698,7.1998],[3.3838,7.1958],[3.3977,7.1696],[3.3993,7.153],[3.4265,7.1418],[3.4683,7.1378],[3.487,7.1489],[3.5036,7.1659],[3.51,7.1676],[3.5319,7.1534],[3.5487,7.1542],[3.5751,7.16],[3.5998,7.1738],[3.6219,7.1828],[3.6403,7.1836],[3.6657,7.1889],[3.7118,7.2193],[3.7222,7.2129],[3.7507,7.2269],[3.7636,7.2307],[3.7598,7.2811],[3.7619,7.301],[3.7468,7.2995],[3.7184,7.3013],[3.7143,7.3048],[3.7175,7.328],[3.7198,7.3876],[3.7082,7.3894],[3.7067,7.4091],[3.7071,7.4473],[3.6572,7.4434],[3.6038,7.443],[3.5458,7.4408],[3.5405,7.4397],[3.5223,7.4154],[3.4977,7.3946],[3.4744,7.3889],[3.4734,7.3964],[3.4829,7.4172],[3.4715,7.4387],[3.4594,7.4497],[3.4666,7.4711],[3.4459,7.4938],[3.4115,7.4713],[3.3931,7.4558],[3.3961,7.4406],[3.3827,7.4332],[3.3813,7.4158],[3.3858,7.4013],[3.3758,7.3868],[3.35,7.3632],[3.3329,7.3342],[3.324,7.3152],[3.3066,7.314],[3.287,7.3245],[3.2825,7.3355],[3.2566,7.3634],[3.23,7.3699],[3.183,7.37],[3.1553,7.3782],[3.1439,7.3909],[3.1421,7.3801],[3.1558,7.3527],[3.1657,7.3413],[3.192,7.3272],[3.2091,7.2872],[3.221,7.284],[3.2376,7.2635],[3.2917,7.2391],[3.3175,7.2314],[3.3403,7.2151],[3.3529,7.1907]]]},"properties":{"lga_pcode":"NG028016","lga_name":"Odeda","state_pcode":"NG028","state_name":"Ogun"}},
{"type":"Feature","geometry":{"type":"Polygon","coordinates":[[[4.9881,6.8987],[4.9747,6.9075],[4.9535,6.9302],[4.937,6.9401],[4.89,6.9567],[4.8743,6.9562],[4.8372,6.9437],[4.8132,6.9279],[4.7883,6.9148],[4.7605,6.9054],[4.7198,6.8886],[4.6865,6.8699],[4.6634,6.867],[4.629,6.8696],[4.6078,6.8602],[4.5661,6.8517],[4.5483,6.8442],[4.5476,6.8405],[4.5153,6.82],[4.5023,6.8163],[4.4764,6.8023],[4.4395,6.7744],[4.4182,6.7604],[4.4137,6.7447],[4.3888,6.7131],[4.3872,6.6697],[4.3761,6.6632],[4.3771,6.6451],[4.3902,6.6282],[4.4032,6.6246],[4.4265,6.6127],[4.4543,6.6073],[4.4581,6.6027],[4.4675,6.5668],[4.4788,6.5354],[4.491,6.5087],[4.4966,6.5051],[4.5171,6.5318],[4.5256,6.5795],[4.5374,6.6006],[4.5255,6.5989],[4.5102,6.6168],[4.51,6.6301],[4.5171,6.6374],[4.5294,6.6375],[4.563,6.6451],[4.5776,6.6585],[4.567,6.6776],[4.5594,6.6841],[4.5569,6.7108],[4.5599,6.7258],[4.5925,6.7324],[4.6111,6.7329],[4.6381,6.7385],[4.6882,6.7305],[4.7132,6.7334],[4.7329,6.7067],[4.7479,6.668],[4.7587,6.6488],[4.7945,6.5914],[4.8098,6.5729],[4.8226,6.5876],[4.8421,6.5886],[4.842,6.5933],[4.864,6.5964],[4.8724,6.629],[4.8815,6.6457],[4.8973,6.6532],[4.9269,6.6626],[4.9747,6.6588],[4.9971,6.6463],[5.0175,6.621],[5.0415,6.6095],[5.1001,6.5885],[5.1136,6.5814],[5.1314,6.5666],[5.1422,6.5621],[5.1606,6.5631],[5.1369,6.5779],[5.1276,6.5935],[5.1116,6.6304],[5.1141,6.6691],[5.1223,6.6987],[5.1056,6.7125],[5.0888,6.7189],[5.0782,6.7149],[5.0535,6.7344],[5.0469,6.7528],[5.0404,6.7601],[5.0171,6.7739],[5.0022,6.7913],[5.0011,6.8218],[4.9935,6.8633],[4.9914,6.8938],[4.9881,6.8987]]]},"properties":{"lga_pcode":"NG029013","lga_name":"Odigbo","state_pcode":"NG029","state_name":"Ondo"}},
{"type":"Feature","geometry":{"type":"Polygon","coordinates":[[[4.7936,8.0287],[4.7891,8.0383],[4.793,8.0665],[4.7662,8.0681],[4.7548,8.065],[4.7212,8.0642],[4.7117,8.0597],[4.7044,8.0482],[4.6873,8.057],[4.6656,8.0433],[4.6484,8.0536],[4.6373,8.0536],[4.6339,8.0715],[4.6217,8.0757],[4.5981,8.0639],[4.569,8.0548],[4.5592,8.049],[4.563,8.0341],[4.563,8.009],[4.5576,7.982],[4.5565,7.948],[4.5962,7.9609],[4.6442,7.9548],[4.6671,7.9594],[4.6789,7.9689],[4.7032,7.9735],[4.722,7.959],[4.7327,7.9525],[4.7517,7.9369],[4.7624,7.9381],[4.7856,7.9762],[4.7956,8.0059],[4.7936,8.0287]]]},"properties":{"lga_pcode":"NG030025","lga_name":"Odo-Otin","state_pcode":"NG030","state_name":"Osun"}},
{"type":"Feature","geometry":{"type":"Polygon","coordinates":[[[3.9168,6.6807],[3.9364,6.7278],[3.9477,6.7481],[3.9507,6.766],[3.945,6.7782],[3.9305,6.7965],[3.9012,6.8102],[3.8986,6.8205],[3.9031,6.8352],[3.9156,6.8529],[3.9391,6.8775],[3.9363,6.8916],[3.8851,6.8905],[3.8649,6.8924],[3.819,6.8909],[3.8015,6.8947],[3.784,6.9054],[3.7579,6.9305],[3.7538,6.9081],[3.7522,6.8882],[3.7396,6.8513],[3.737,6.8319],[3.7169,6.7996],[3.7008,6.7736],[3.7036,6.7614],[3.7044,6.7244],[3.7002,6.7071],[3.7,6.6824],[3.7079,6.683],[3.9168,6.6807]]]},"properties":{"lga_pcode":"NG028017","lga_name":"Odogbolu","state_pcode":"NG028","state_name":"Ogun"}},
{"type":"Feature","geometry":{"type":"Polygon","coordinates":[[[8.1397,5.2874],[8.1077,5.2804],[8.0837,5.2895],[8.0357,5.3042],[8.0254,5.3145],[8.0264,5.3513],[8.0387,5.3904],[8.0422,5.4237],[8.0283,5.4358],[8.0152,5.4628],[8.0134,5.4831],[8.02,5.5041],[8.0108,5.5202],[7.9993,5.5236],[7.932,5.5232],[7.9149,5.5209],[7.9206,5.5094],[7.931,5.4773],[7.9391,5.4612],[7.954,5.4417],[7.9598,5.4257],[7.9863,5.3706],[7.9875,5.3626],[7.9773,5.3545],[7.9339,5.3577],[7.8804,5.3668],[7.8813,5.3626],[7.9045,5.3414],[7.8965,5.3333],[7.8759,5.3372],[7.8683,5.3429],[7.8488,5.3444],[7.8409,5.3375],[7.8652,5.3146],[7.8749,5.3181],[7.8921,5.3165],[7.9094,5.3068],[7.9227,5.2942],[7.935,5.2736],[7.9378,5.2543],[7.9435,5.2451],[7.9664,5.2315],[7.9698,5.2203],[7.9761,5.2083],[7.9927,5.2067],[8.0033,5.2192],[8.0098,5.2382],[8.0168,5.247],[8.0348,5.2432],[8.0552,5.2173],[8.0726,5.1854],[8.0739,5.1768],[8.0664,5.162],[8.0648,5.1455],[8.0697,5.136],[8.0952,5.1152],[8.0993,5.1071],[8.1004,5.0811],[8.0982,5.043],[8.1026,5.0238],[8.1222,4.9942],[8.1282,4.969],[8.1492,4.9394],[8.1531,4.9385],[8.1715,4.9335],[8.1974,4.9135],[8.2074,4.9083],[8.2155,4.8972],[8.2229,4.8728],[8.2303,4.8602],[8.2403,4.8541],[8.2662,4.8353],[8.2717,4.8354],[8.2713,4.8576],[8.2595,4.8835],[8.2628,4.9042],[8.2942,4.9468],[8.3135,4.9698],[8.302,4.9928],[8.3121,5.0216],[8.3338,5.0285],[8.3395,5.0355],[8.3347,5.0687],[8.3449,5.0849],[8.3603,5.0892],[8.3735,5.0989],[8.3817,5.092],[8.4008,5.0921],[8.4076,5.1128],[8.3881,5.1242],[8.3778,5.146],[8.3571,5.1677],[8.3073,5.1974],[8.2957,5.2114],[8.2757,5.2055],[8.2141,5.2314],[8.2073,5.2372],[8.1787,5.2485],[8.1592,5.2599],[8.1443,5.2748],[8.1397,5.2874]]]},"properties":{"lga_pcode":"NG009016","lga_name":"Odukpani","state_pcode":"NG009","state_name":"Cross River"}},
{"type":"Feature","geometry":{"type":"Polygon","coordinates":[[[4.7466,8.1226],[4.7321,8.1486],[4.731,8.1621],[4.7217,8.1666],[4.7097,8.1977],[4.7071,8.2101],[4.6938,8.2174],[4.6697,8.1981],[4.6637,8.1818],[4.6504,8.1625],[4.6303,8.1505],[4.6213,8.1393],[4.6333,8.1213],[4.6324,8.1093],[4.6473,8.1088],[4.6579,8.1215],[4.6759,8.1142],[4.7144,8.1119],[4.7393,8.1175],[4.7466,8.1226]]]},"properties":{"lga_pcode":"NG024013","lga_name":"Offa","state_pcode":"NG024","state_name":"Kwara"}},
{"type":"Feature","geometry":{"type":"Polygon","coordinates":[[[6.6902,7.2196],[6.6976,7.2042],[6.7034,7.1706],[6.7238,7.1873],[6.7241,7.2059],[6.7362,7.2346],[6.7391,7.259],[6.7468,7.2887],[6.765,7.2882],[6.7765,7.2733],[6.8076,7.247],[6.8277,7.2422],[6.8392,7.235],[6.8641,7.2298],[6.8904,7.2178],[6.8998,7.2179],[6.9182,7.1996],[6.9493,7.1924],[6.99,7.1948],[6.9981,7.1991],[7.0317,7.2058],[7.0412,7.2173],[7.0456,7.2413],[7.0441,7.2599],[7.0479,7.2638],[7.0647,7.2528],[7.0767,7.2523],[7.1237,7.2377],[7.1648,7.2273],[7.1963,7.2401],[7.2139,7.235],[7.238,7.2097],[7.2511,7.1912],[7.264,7.184],[7.2867,7.182],[7.3074,7.1833],[7.3301,7.2074],[7.3515,7.2732],[7.3683,7.2811],[7.3762,7.293],[7.4016,7.3005],[7.4085,7.3226],[7.4411,7.3311],[7.4589,7.3502],[7.471,7.3703],[7.4743,7.4035],[7.4506,7.3993],[7.4154,7.397],[7.3943,7.4003],[7.3608,7.3973],[7.3301,7.4026],[7.3074,7.399],[7.2732,7.4125],[7.2538,7.4075],[7.2468,7.3835],[7.2347,7.3641],[7.2133,7.3519],[7.1645,7.3516],[7.1482,7.3558],[7.1265,7.412],[7.1242,7.423],[7.1297,7.4346],[7.1153,7.4424],[7.1102,7.4511],[7.1063,7.476],[7.0938,7.4893],[7.0808,7.4916],[7.061,7.4859],[7.0453,7.4762],[7.0237,7.4465],[7.0146,7.4252],[7.0035,7.4187],[6.9822,7.4186],[6.9688,7.4148],[6.9517,7.418],[6.9338,7.4105],[6.9158,7.4194],[6.8976,7.4132],[6.8713,7.4089],[6.8492,7.4218],[6.8229,7.4486],[6.8132,7.453],[6.8076,7.4448],[6.7851,7.4438],[6.7745,7.452],[6.7654,7.4682],[6.7544,7.4802],[6.7085,7.4859],[6.703,7.4518],[6.7039,7.3958],[6.7085,7.3691],[6.703,7.3489],[6.6993,7.3204],[6.6929,7.2947],[6.691,7.2763],[6.6938,7.2432],[6.6902,7.2196]]]},"properties":{"lga_pcode":"NG023014","lga_name":"Ofu","state_pcode":"NG023","state_name":"Kogi"}},
{"type":"Feature","geometry":{"type":"Polygon","coordinates":[[[6.7175,5.1822],[6.7155,5.2052],[6.7101,5.2178],[6.7307,5.2639],[6.7423,5.2733],[6.7567,5.2757],[6.7788,5.2727],[6.7944,5.2773],[6.7707,5.3008],[6.7558,5.3235],[6.7605,5.3534],[6.7581,5.3898],[6.7621,5.4115],[6.7774,5.4243],[6.7728,5.4319],[6.7504,5.4371],[6.7437,5.4589],[6.7512,5.4648],[6.7432,5.4743],[6.7392,5.4898],[6.7333,5.4939],[6.7156,5.4891],[6.6527,5.4907],[6.6391,5.4934],[6.6584,5.6249],[6.6699,5.6963],[6.6524,5.6999],[6.6325,5.7112],[6.6261,5.7236],[6.6183,5.7169],[6.614,5.6907],[6.6066,5.68],[6.6065,5.6702],[6.6213,5.6426],[6.6176,5.6315],[6.6038,5.6149],[6.601,5.5969],[6.5848,5.5617],[6.5689,5.5534],[6.5426,5.5492],[6.5308,5.532],[6.5382,5.4758],[6.5348,5.459],[6.5245,5.4387],[6.5088,5.4257],[6.4831,5.4206],[6.4766,5.4041],[6.4855,5.3792],[6.54,5.3806],[6.562,5.3792],[6.5696,5.3721],[6.5671,5.3336],[6.5632,5.3202],[6.5309,5.2845],[6.5374,5.2649],[6.5478,5.2578],[6.5666,5.237],[6.5528,5.2265],[6.5492,5.2127],[6.5558,5.2029],[6.5782,5.2006],[6.6052,5.2019],[6.6226,5.1986],[6.6298,5.191],[6.6395,5.2044],[6.6578,5.1757],[6.6703,5.1723],[6.6794,5.1804],[6.7175,5.1822]]]},"properties":{"lga_pcode":"NG033016","lga_name":"Ogba/Egbema/Ndoni","state_pcode":"NG033","state_name":"Rivers"}},
{"type":"Feature","geometry":{"type":"Polygon","coordinates":[[[7.5564,6.9788],[7.5643,6.9524],[7.5777,6.9327],[7.6202,6.9193],[7.6504,6.8894],[7.6746,6.8555],[7.6923,6.8518],[7.7202,6.8626],[7.7344,6.8634],[7.7502,6.8784],[7.7628,6.8799],[7.776,6.8759],[7.7277,6.9291],[7.7254,6.9543],[7.7375,6.9601],[7.7605,6.958],[7.7726,6.9743],[7.7468,6.994],[7.7406,7.0096],[7.7406,7.0226],[7.747,7.0639],[7.7588,7.09],[7.7582,7.1206],[7.7037,7.1649],[7.6864,7.191],[7.6467,7.172],[7.6228,7.1633],[7.6055,7.1447],[7.5915,7.1219],[7.585,7.1067],[7.5807,7.085],[7.5841,7.0676],[7.5787,7.0557],[7.5305,7.0323],[7.5383,7.0202],[7.5493,6.991],[7.5564,6.9788]]]},"properties":{"lga_pcode":"NG007015","lga_name":"Ogbadibo","state_pcode":"NG007","state_name":"Benue"}},
{"type":"Feature","geometry":{"type":"Polygon","coordinates":[[[6.7842,6.0581],[6.7789,6.0598],[6.7754,6.0803],[6.7759,6.0973],[6.7942,6.1022],[6.7951,6.1291],[6.7876,6.1296],[6.7558,6.1233],[6.7492,6.1137],[6.7221,6.0975],[6.7093,6.078],[6.7251,6.0463],[6.7265,6.0289],[6.7199,5.9921],[6.7132,5.9567],[6.7038,5.9268],[6.6883,5.8969],[6.6737,5.8824],[6.6609,5.8565],[6.6508,5.8171],[6.6549,5.7715],[6.6336,5.73],[6.6261,5.7236],[6.6325,5.7112],[6.6524,5.6999],[6.6699,5.6963],[6.6958,5.7087],[6.7423,5.7349],[6.8021,5.7789],[6.8096,5.7803],[6.7949,5.7897],[6.7889,5.8145],[6.7937,5.852],[6.7872,5.8659],[6.7977,5.882],[6.8112,5.8951],[6.8029,5.9064],[6.825,5.9455],[6.8047,5.9794],[6.7929,6.0306],[6.7842,6.0581]]]},"properties":{"lga_pcode":"NG004016","lga_name":"Ogbaru","state_pcode":"NG004","state_name":"Anambra"}},
{"type":"Feature","geometry":{"type":"Polygon","coordinates":[[[6.4404,4.9548],[6.4374,4.9665],[6.4217,4.9816],[6.4183,4.9724],[6.349,4.916],[6.3235,4.9025],[6.2909,4.8792],[6.272,4.8449],[6.2604,4.8439],[6.238,4.8519],[6.2353,4.8386],[6.214,4.8008],[6.207,4.7721],[6.207,4.7201],[6.2006,4.6979],[6.1963,4.6668],[6.2018,4.6421],[6.2242,4.6408],[6.2512,4.6598],[6.2687,4.6646],[6.2929,4.6623],[6.3147,4.6522],[6.3267,4.6302],[6.3384,4.6207],[6.3865,4.6198],[6.422,4.6587],[6.4506,4.6935],[6.4611,4.7133],[6.4594,4.724],[6.4459,4.73],[6.4414,4.7453],[6.4229,4.7772],[6.4023,4.8272],[6.3993,4.8384],[6.3984,4.8645],[6.4066,4.8871],[6.4207,4.9068],[6.4256,4.9207],[6.4406,4.9432],[6.4404,4.9548]]]},"properties":{"lga_pcode":"NG006005","lga_name":"Ogbia","state_pcode":"NG006","state_name":"Bayelsa"}},
{"type":"Feature","geometry":{"type":"Polygon","coordinates":[[[4.2824,8.0834],[4.2969,8.1051],[4.3017,8.1211],[4.2971,8.157],[4.2724,8.1826],[4.2605,8.19],[4.2519,8.2066],[4.2497,8.223],[4.2409,8.2192],[4.2209,8.2003],[4.2138,8.1885],[4.2067,8.1638],[4.1904,8.1292],[4.2225,8.1363],[4.2356,8.1321],[4.2519,8.1176],[4.259,8.1028],[4.2824,8.0834]]]},"properties":{"lga_pcode":"NG031021","lga_name":"Ogbomosho North","state_pcode":"NG031","state_name":"Oyo"}},
{"type":"Feature","geometry":{"type":"Polygon","coordinates":[[[4.1904,8.1292],[4.1778,8.1122],[4.1823,8.1011],[4.2058,8.0935],[4.2216,8.1076],[4.2325,8.1123],[4.2556,8.0886],[4.28,8.0811],[4.2824,8.0834],[4.259,8.1028],[4.2519,8.1176],[4.2356,8.1321],[4.2225,8.1363],[4.1904,8.1292]]]},"properties":{"lga_pcode":"NG031022","lga_name":"Ogbomosho South","state_pcode":"NG031","state_name":"Oyo"}},
{"type":"Feature","geometry":{"type":"Polygon","coordinates":[[[4.2765,7.9711],[4.2775,7.9793],[4.2653,8.016],[4.2498,8.0458],[4.268,8.0705],[4.28,8.0811],[4.2556,8.0886],[4.2325,8.1123],[4.2216,8.1076],[4.2058,8.0935],[4.1823,8.1011],[4.1833,8.0831],[4.1619,8.0679],[4.1425,8.0484],[4.1271,8.0032],[4.1079,7.9703],[4.0838,7.9439],[4.095,7.9262],[4.0879,7.9116],[4.0807,7.8806],[4.0896,7.8681],[4.0911,7.8502],[4.1025,7.8436],[4.1198,7.8492],[4.1471,7.8496],[4.1864,7.8649],[4.2108,7.8668],[4.2165,7.8747],[4.1973,7.8888],[4.1913,7.9102],[4.2356,7.9327],[4.2388,7.9542],[4.2508,7.9655],[4.2765,7.9711]]]},"properties":{"lga_pcode":"NG031023","lga_name":"Ogo Oluwa","state_pcode":"NG031","state_name":"Oyo"}},
{"type":"Feature","geometry":{"type":"Polygon","coordinates":[[[8.8153,6.7131],[8.8073,6.704],[8.7787,6.6915],[8.7661,6.6836],[8.7511,6.6676],[8.7453,6.6562],[8.7315,6.6459],[8.7154,6.6277],[8.7009,6.6155],[8.6918,6.5853],[8.6817,6.5728],[8.6637,6.5587],[8.637,6.5508],[8.5963,6.5241],[8.5768,6.5163],[8.5541,6.4857],[8.5442,6.4658],[8.5453,6.4555],[8.5293,6.4499],[8.4906,6.4616],[8.478,6.4548],[8.4699,6.4445],[8.4857,6.4226],[8.4936,6.4065],[8.4957,6.3846],[8.5034,6.3628],[8.5309,6.3637],[8.5594,6.3544],[8.573,6.3462],[8.597,6.3426],[8.6095,6.3437],[8.6662,6.3564],[8.6694,6.3635],[8.6831,6.3637],[8.6953,6.3695],[8.7113,6.3832],[8.7125,6.3912],[8.7334,6.4301],[8.7552,6.4449],[8.7655,6.4586],[8.7713,6.4734],[8.7773,6.5113],[8.7763,6.5228],[8.7879,6.5491],[8.8143,6.5776],[8.8351,6.5798],[8.8469,6.5488],[8.8494,6.5145],[8.8549,6.5039],[8.8787,6.4934],[8.9107,6.4909],[8.934,6.5019],[8.9566,6.5086],[8.9783,6.5386],[8.9946,6.5741],[8.9981,6.5924],[8.9971,6.6085],[8.9881,6.6292],[8.9723,6.6431],[8.9653,6.634],[8.9333,6.6158],[8.9189,6.6115],[8.908,6.598],[8.8923,6.5917],[8.8532,6.5934],[8.843,6.6038],[8.8388,6.6429],[8.8298,6.6636],[8.8153,6.7131]]]},"properties":{"lga_pcode":"NG009017","lga_name":"Ogoja","state_pcode":"NG009","state_name":"Cross River"}},
{"type":"Feature","geometry":{"type":"Polygon","coordinates":[[[6.2253,7.4684],[6.2063,7.4704],[6.1981,7.4961],[6.1724,7.5196],[6.1583,7.5283],[6.1465,7.516],[6.1148,7.4988],[6.1083,7.4907],[6.1091,7.4633],[6.1124,7.4487],[6.1279,7.4462],[6.1428,7.4496],[6.1709,7.4441],[6.1828,7.4294],[6.1869,7.4387],[6.2187,7.4565],[6.2253,7.4684]]]},"properties":{"lga_pcode":"NG023015","lga_name":"Ogori/Magongo","state_pcode":"NG023","state_name":"Kogi"}},
{"type":"Feature","geometry":{"type":"Polygon","coordinates":[[[7.2407,4.6419],[7.2419,4.6663],[7.2526,4.6852],[7.2374,4.6853],[7.2261,4.7004],[7.2063,4.7094],[7.2002,4.7379],[7.1952,4.7478],[7.1756,4.7357],[7.2014,4.7138],[7.1894,4.7007],[7.1746,4.695],[7.1634,4.6966],[7.1503,4.6492],[7.1673,4.6204],[7.1642,4.6098],[7.176,4.6029],[7.17,4.5857],[7.1748,4.568],[7.2332,4.552],[7.2405,4.5547],[7.2444,4.5747],[7.2363,4.5914],[7.2088,4.627],[7.2407,4.6419]]]},"properties":{"lga_pcode":"NG033017","lga_name":"Ogu/Bolo","state_pcode":"NG033","state_name":"Rivers"}},
{"type":"Feature","geometry":{"type":"Polygon","coordinates":[[[4.3508,6.371],[4.4154,6.3581],[4.4605,6.3433],[4.4789,6.3545],[4.4974,6.3592],[4.5133,6.3473],[4.5515,6.3096],[4.5756,6.3042],[4.5876,6.319],[4.5958,6.3357],[4.5984,6.3662],[4.5758,6.381],[4.5608,6.3826],[4.5148,6.3971],[4.4871,6.3877],[4.4731,6.3932],[4.4798,6.4091],[4.526,6.421],[4.5388,6.4147],[4.5563,6.4426],[4.5663,6.4768],[4.5643,6.499],[4.5934,6.4929],[4.6061,6.4992],[4.5882,6.5324],[4.5889,6.5432],[4.5815,6.5563],[4.5751,6.5787],[4.5828,6.6167],[4.5816,6.6331],[4.5723,6.6391],[4.5553,6.6236],[4.5374,6.6006],[4.5256,6.5795],[4.5171,6.5318],[4.4966,6.5051],[4.491,6.5087],[4.4788,6.5354],[4.4675,6.5668],[4.4581,6.6027],[4.4543,6.6073],[4.4265,6.6127],[4.4032,6.6246],[4.3902,6.6282],[4.3771,6.6451],[4.3625,6.6298],[4.3459,6.6244],[4.3169,6.6257],[4.2962,6.6182],[4.2771,6.5979],[4.2676,6.5963],[4.2469,6.5834],[4.2299,6.5797],[4.22,6.5675],[4.2287,6.5576],[4.2223,6.5377],[4.2111,6.5281],[4.1783,6.5151],[4.1677,6.5036],[4.1562,6.4988],[4.1611,6.4747],[4.2035,6.4619],[4.2173,6.4631],[4.2258,6.4456],[4.2369,6.4382],[4.2533,6.4343],[4.2638,6.4436],[4.279,6.4379],[4.2987,6.4352],[4.3092,6.4395],[4.3372,6.4395],[4.3508,6.4276],[4.3508,6.371]]]},"properties":{"lga_pcode":"NG028018","lga_name":"Ogun waterside","state_pcode":"NG028","state_name":"Ogun"}},
{"type":"Feature","geometry":{"type":"Polygon","coordinates":[[[6.8096,5.7803],[6.8021,5.7789],[6.7423,5.7349],[6.6958,5.7087],[6.6699,5.6963],[6.6584,5.6249],[6.6836,5.6212],[6.7317,5.618],[6.754,5.6126],[6.7807,5.613],[6.8047,5.6071],[6.8226,5.5987],[6.8376,5.5831],[6.8613,5.5522],[6.8905,5.5281],[6.8977,5.5373],[6.9347,5.5513],[6.9287,5.5596],[6.946,5.5825],[6.9432,5.6376],[6.9183,5.637],[6.8939,5.6582],[6.8699,5.6853],[6.8492,5.7053],[6.8333,5.7372],[6.8361,5.7549],[6.8281,5.7662],[6.8096,5.7803]]]},"properties":{"lga_pcode":"NG017017","lga_name":"Oguta","state_pcode":"NG017","state_name":"Imo"}},
{"type":"Feature","geometry":{"type":"Polygon","coordinates":[[[7.7131,5.818],[7.7149,5.8032],[7.7093,5.7574],[7.7006,5.7415],[7.6927,5.735],[7.6659,5.6953],[7.6568,5.6782],[7.676,5.6699],[7.6884,5.6713],[7.7098,5.683],[7.7373,5.6789],[7.7552,5.6647],[7.7793,5.609],[7.789,5.5838],[7.8038,5.5353],[7.8055,5.5105],[7.8141,5.5105],[7.842,5.5325],[7.8564,5.5395],[7.8801,5.5349],[7.89,5.5371],[7.9046,5.5687],[7.91,5.5881],[7.902,5.5974],[7.9122,5.6095],[7.9154,5.6554],[7.8901,5.6848],[7.862,5.6974],[7.8406,5.7107],[7.8306,5.7231],[7.8206,5.7278],[7.8039,5.745],[7.7968,5.7616],[7.793,5.7916],[7.7863,5.8049],[7.7642,5.814],[7.7566,5.813],[7.7131,5.818]]]},"properties":{"lga_pcode":"NG001010","lga_name":"Ohafia","state_pcode":"NG001","state_name":"Abia"}},
{"type":"Feature","geometry":{"type":"Polygon","coordinates":[[[6.849,5.2498],[6.8765,5.2368],[6.8974,5.2357],[6.9251,5.2257],[6.9677,5.2347],[6.9865,5.2343],[6.9984,5.2392],[6.9832,5.2574],[6.9827,5.2655],[6.9822,5.2962],[6.9725,5.3163],[6.9709,5.3273],[6.9743,5.3465],[6.9814,5.3628],[6.9729,5.3758],[6.9501,5.3874],[6.9314,5.4045],[6.9187,5.4273],[6.9174,5.4434],[6.9112,5.4616],[6.8922,5.4759],[6.8785,5.4799],[6.8806,5.4929],[6.8916,5.5204],[6.8905,5.5281],[6.8613,5.5522],[6.8376,5.5831],[6.8226,5.5987],[6.8047,5.6071],[6.7807,5.613],[6.754,5.6126],[6.7317,5.618],[6.6836,5.6212],[6.6584,5.6249],[6.6391,5.4934],[6.6527,5.4907],[6.7156,5.4891],[6.7333,5.4939],[6.7392,5.4898],[6.7432,5.4743],[6.7512,5.4648],[6.7437,5.4589],[6.7504,5.4371],[6.7728,5.4319],[6.7774,5.4243],[6.7621,5.4115],[6.7581,5.3898],[6.7605,5.3534],[6.7558,5.3235],[6.7707,5.3008],[6.7944,5.2773],[6.8182,5.258],[6.8361,5.2499],[6.849,5.2498]]]},"properties":{"lga_pcode":"NG017018","lga_name":"Ohaji/Egbema","state_pcode":"NG017","state_name":"Imo"}},
{"type":"Feature","geometry":{"type":"Polygon","coordinates":[[[7.9263,5.9738],[7.9199,5.9882],[7.9081,6.0031],[7.9029,5.9872],[7.8922,5.9844],[7.8953,6.022],[7.8916,6.0395],[7.8987,6.0482],[7.8932,6.0609],[7.8927,6.0779],[7.8654,6.0822],[7.8254,6.0591],[7.8018,6.0672],[7.7614,6.0777],[7.7138,6.0839],[7.698,6.074],[7.6862,6.0713],[7.6683,6.0606],[7.6758,6.01],[7.6971,5.9887],[7.7112,5.971],[7.7148,5.946],[7.7048,5.9292],[7.6919,5.9246],[7.7108,5.9219],[7.7203,5.9319],[7.7381,5.9196],[7.7725,5.941],[7.783,5.9528],[7.7957,5.9555],[7.802,5.9492],[7.8197,5.9582],[7.8265,5.9673],[7.8556,5.9532],[7.868,5.9518],[7.8792,5.9605],[7.9201,5.9623],[7.9263,5.9738]]]},"properties":{"lga_pcode":"NG011011","lga_name":"Ohaozara","state_pcode":"NG011","state_name":"Ebonyi"}},
{"type":"Feature","geometry":{"type":"Polygon","coordinates":[[[7.8719,6.5667],[7.852,6.5556],[7.8316,6.53],[7.8224,6.5073],[7.8345,6.4903],[7.8622,6.4677],[7.873,6.4415],[7.9382,6.4239],[7.933,6.3837],[7.9334,6.3619],[7.9407,6.3619],[7.9548,6.3719],[7.9689,6.3751],[7.9989,6.3687],[8.0116,6.3524],[8.0279,6.3556],[8.0348,6.3693],[8.0334,6.383],[8.0397,6.3958],[8.0446,6.4178],[8.0573,6.4562],[8.0693,6.4796],[8.0678,6.4938],[8.0607,6.5179],[8.0613,6.5406],[8.0542,6.5647],[8.057,6.5697],[8.0846,6.5903],[8.0988,6.6081],[8.0979,6.633],[8.0903,6.65],[8.0936,6.6684],[8.0907,6.6925],[8.0796,6.7132],[8.0509,6.7093],[8.0382,6.7119],[8.0218,6.7235],[8.0062,6.7164],[7.9948,6.7039],[7.9822,6.6638],[7.9875,6.6478],[7.9875,6.6132],[7.9711,6.6021],[7.9654,6.5914],[7.9716,6.5706],[7.9625,6.544],[7.9494,6.5322],[7.9324,6.5318],[7.9109,6.5508],[7.8872,6.5526],[7.8719,6.5667]]]},"properties":{"lga_pcode":"NG011012","lga_name":"Ohaukwu","state_pcode":"NG011","state_name":"Ebonyi"}},
{"type":"Feature","geometry":{"type":"Polygon","coordinates":[[[7.7747,7.3012],[7.8187,7.2869],[7.8066,7.2544],[7.7945,7.2272],[7.8127,7.2182],[7.8954,7.1859],[7.9345,7.1697],[7.9628,7.1687],[8.0016,7.1302],[8.0361,7.1493],[8.0822,7.1698],[8.0999,7.188],[8.1119,7.2121],[8.1106,7.2461],[8.1068,7.2656],[8.1012,7.2763],[8.0878,7.2796],[8.0679,7.2905],[8.0352,7.298],[8.0145,7.3142],[8.0058,7.3261],[7.9688,7.3423],[7.9319,7.3455],[7.9123,7.3497],[7.8688,7.342],[7.8514,7.3441],[7.8445,7.3495],[7.8328,7.382],[7.8154,7.3918],[7.7954,7.3896],[7.7981,7.3591],[7.7873,7.3385],[7.7747,7.3012]]]},"properties":{"lga_pcode":"NG007016","lga_name":"Ohimini","state_pcode":"NG007","state_name":"Benue"}},
{"type":"Feature","geometry":{"type":"Polygon","coordinates":[[[7.371,6.2041],[7.3499,6.2091],[7.3289,6.1978],[7.3176,6.1991],[7.3132,6.2218],[7.3084,6.2301],[7.2814,6.254],[7.2927,6.2663],[7.2854,6.2762],[7.2618,6.266],[7.2455,6.2756],[7.1945,6.2807],[7.1844,6.2838],[7.1603,6.3035],[7.1426,6.2891],[7.1491,6.2625],[7.1477,6.2425],[7.151,6.2326],[7.157,6.23],[7.1893,6.2395],[7.1995,6.2348],[7.2043,6.2088],[7.224,6.1914],[7.2223,6.1529],[7.2149,6.1369],[7.2237,6.1181],[7.2403,6.1138],[7.2548,6.1047],[7.2631,6.0707],[7.2731,6.0572],[7.3019,6.045],[7.3391,6.0421],[7.3763,6.04],[7.3848,6.0373],[7.39,6.0463],[7.3918,6.0708],[7.3861,6.0952],[7.394,6.1376],[7.3866,6.1589],[7.3748,6.1812],[7.371,6.2041]]]},"properties":{"lga_pcode":"NG014014","lga_name":"Oji-River","state_pcode":"NG014","state_name":"Enugu"}},
{"type":"Feature","geometry":{"type":"Polygon","coordinates":[[[3.1039,6.4995],[3.112,6.4917],[3.1152,6.4718],[3.0935,6.4604],[3.1067,6.438],[3.1091,6.4252],[3.1069,6.4091],[3.0696,6.4093],[3.0561,6.4056],[3.0471,6.3956],[3.1137,6.3987],[3.1508,6.3987],[3.2021,6.4008],[3.2006,6.4317],[3.2207,6.4364],[3.2298,6.4446],[3.2319,6.4591],[3.2388,6.472],[3.2505,6.4784],[3.2405,6.487],[3.2195,6.4919],[3.204,6.5295],[3.1866,6.5191],[3.1795,6.5098],[3.1302,6.5007],[3.1039,6.4995]]]},"properties":{"lga_pcode":"NG025017","lga_name":"Ojo","state_pcode":"NG025","state_name":"Lagos"}},
{"type":"Feature","geometry":{"type":"Polygon","coordinates":[[[8.2413,6.7912],[8.2494,6.7685],[8.2557,6.7661],[8.2661,6.7415],[8.2516,6.7356],[8.2688,6.7279],[8.2738,6.7166],[8.2856,6.7102],[8.2788,6.698],[8.2945,6.6787],[8.3211,6.6786],[8.3611,6.6933],[8.3749,6.7069],[8.3934,6.7424],[8.4106,6.7538],[8.4278,6.7582],[8.4403,6.757],[8.4505,6.7478],[8.4687,6.7465],[8.5156,6.7599],[8.5441,6.7586],[8.5784,6.7652],[8.6207,6.781],[8.6368,6.7981],[8.6416,6.8188],[8.6019,6.85],[8.609,6.8596],[8.6006,6.8757],[8.5943,6.8967],[8.6013,6.9023],[8.5992,6.9135],[8.5719,6.9156],[8.5391,6.9429],[8.5216,6.9631],[8.5132,6.9785],[8.4915,7.0002],[8.4615,7.0254],[8.4385,7.0469],[8.4104,7.0642],[8.4078,7.0517],[8.4055,7.0149],[8.3873,6.987],[8.379,6.9684],[8.3664,6.9516],[8.3369,6.9244],[8.3163,6.92],[8.2729,6.8972],[8.2599,6.895],[8.2479,6.9372],[8.2326,6.9578],[8.2142,6.9675],[8.1919,6.9694],[8.1805,6.949],[8.1686,6.9338],[8.1556,6.9284],[8.1263,6.924],[8.1192,6.9121],[8.1231,6.8819],[8.1329,6.8586],[8.1622,6.8242],[8.1868,6.8191],[8.2187,6.8084],[8.2438,6.8081],[8.2413,6.7912]]]},"properties":{"lga_pcode":"NG007017","lga_name":"Oju","state_pcode":"NG007","state_name":"Benue"}},
{"type":"Feature","geometry":{"type":"Polygon","coordinates":[[[5.4575,8.2064],[5.4188,8.2355],[5.4223,8.2512],[5.4184,8.2838],[5.3971,8.292],[5.3723,8.2742],[5.3567,8.2747],[5.3532,8.2868],[5.3532,8.3099],[5.3323,8.3312],[5.3245,8.3338],[5.3062,8.3007],[5.281,8.2738],[5.2558,8.2655],[5.2399,8.2551],[5.2276,8.2403],[5.2176,8.236],[5.198,8.2142],[5.1915,8.1908],[5.1819,8.1925],[5.1753,8.159],[5.1765,8.1491],[5.1515,8.1355],[5.1276,8.1112],[5.0698,8.0569],[5.0549,8.0492],[5.0576,8.0395],[5.0844,8.0242],[5.1037,8.0326],[5.1059,8.0486],[5.1179,8.0626],[5.1423,8.0619],[5.1626,8.0495],[5.1702,8.0812],[5.1906,8.1134],[5.2287,8.142],[5.2397,8.1467],[5.2637,8.1492],[5.2962,8.1612],[5.3236,8.1681],[5.3662,8.1712],[5.4345,8.1851],[5.4541,8.1977],[5.4575,8.2064]]]},"properties":{"lga_pcode":"NG024014","lga_name":"Oke-Ero","state_pcode":"NG024","state_name":"Kwara"}},
{"type":"Feature","geometry":{"type":"Polygon","coordinates":[[[6.5706,7.8697],[6.5596,7.8839],[6.5467,7.8876],[6.5292,7.8784],[6.4962,7.8692],[6.4805,7.8609],[6.4456,7.8545],[6.4244,7.8333],[6.3868,7.8113],[6.3445,7.8076],[6.3362,7.8186],[6.3153,7.8333],[6.2948,7.814],[6.2774,7.8012],[6.2682,7.7828],[6.2682,7.7534],[6.2719,7.7295],[6.2682,7.7065],[6.259,7.7065],[6.2342,7.7184],[6.2038,7.7203],[6.1726,7.7147],[6.1597,7.7056],[6.133,7.6927],[6.1227,7.6781],[6.1219,7.6472],[6.1048,7.6146],[6.0987,7.5882],[6.1188,7.5914],[6.1266,7.573],[6.1544,7.5763],[6.1734,7.5671],[6.1941,7.5766],[6.1982,7.5934],[6.2171,7.602],[6.2321,7.6015],[6.25,7.5794],[6.2624,7.5804],[6.2719,7.5895],[6.2759,7.6078],[6.2839,7.6181],[6.3121,7.6306],[6.3437,7.6356],[6.3598,7.6436],[6.3914,7.6826],[6.4013,7.7095],[6.4011,7.7443],[6.4081,7.7529],[6.4679,7.7675],[6.4834,7.7868],[6.5032,7.8054],[6.5515,7.8313],[6.5614,7.8398],[6.5706,7.8697]]]},"properties":{"lga_pcode":"NG023016","lga_name":"Okehi","state_pcode":"NG023","state_name":"Kogi"}},
{"type":"Feature","geometry":{"type":"Polygon","coordinates":[[[6.1647,7.5383],[6.1583,7.5283],[6.1724,7.5196],[6.1981,7.4961],[6.2063,7.4704],[6.2253,7.4684],[6.2379,7.4756],[6.2638,7.4801],[6.2766,7.4957],[6.2958,7.4947],[6.3245,7.4443],[6.3366,7.4341],[6.3574,7.4111],[6.3781,7.3975],[6.4222,7.4168],[6.4322,7.4023],[6.4222,7.389],[6.4341,7.3767],[6.4357,7.3597],[6.4505,7.3555],[6.4669,7.3653],[6.4858,7.342],[6.4888,7.3572],[6.4887,7.3907],[6.4716,7.4471],[6.4559,7.4736],[6.4343,7.4846],[6.4238,7.5085],[6.4045,7.5215],[6.3858,7.4996],[6.3665,7.4969],[6.3206,7.5024],[6.2994,7.5144],[6.2902,7.53],[6.2774,7.5337],[6.2737,7.541],[6.2525,7.553],[6.2373,7.5547],[6.2306,7.5601],[6.2075,7.5599],[6.1928,7.5547],[6.1883,7.5478],[6.1647,7.5383]]]},"properties":{"lga_pcode":"NG023017","lga_name":"Okene","state_pcode":"NG023","state_name":"Kogi"}},
{"type":"Feature","geometry":{"type":"Polygon","coordinates":[[[7.3612,5.7143],[7.3816,5.7056],[7.3913,5.7019],[7.4003,5.7127],[7.3943,5.7558],[7.3924,5.8338],[7.3864,5.8609],[7.3964,5.9007],[7.3942,5.9102],[7.3879,5.9128],[7.3672,5.9035],[7.3352,5.9114],[7.2695,5.9199],[7.261,5.9389],[7.257,5.9296],[7.2231,5.9323],[7.2309,5.8975],[7.2418,5.8906],[7.2569,5.893],[7.2603,5.8759],[7.254,5.8638],[7.2412,5.8648],[7.2261,5.854],[7.2366,5.8467],[7.2458,5.8245],[7.2595,5.8023],[7.2742,5.7859],[7.293,5.7697],[7.3092,5.7612],[7.3331,5.7257],[7.3466,5.7228],[7.3612,5.7143]]]},"properties":{"lga_pcode":"NG017019","lga_name":"Okigwe","state_pcode":"NG017","state_name":"Imo"}},
{"type":"Feature","geometry":{"type":"Polygon","coordinates":[[[4.8549,6.4313],[4.8316,6.458],[4.8278,6.4672],[4.833,6.512],[4.8283,6.5382],[4.84,6.5703],[4.8421,6.5886],[4.8226,6.5876],[4.8098,6.5729],[4.7945,6.5914],[4.7587,6.6488],[4.7479,6.668],[4.7329,6.7067],[4.7132,6.7334],[4.6882,6.7305],[4.6381,6.7385],[4.6111,6.7329],[4.5925,6.7324],[4.5599,6.7258],[4.5569,6.7108],[4.5594,6.6841],[4.567,6.6776],[4.5776,6.6585],[4.563,6.6451],[4.5294,6.6375],[4.5171,6.6374],[4.51,6.6301],[4.5102,6.6168],[4.5255,6.5989],[4.5374,6.6006],[4.5553,6.6236],[4.5723,6.6391],[4.5816,6.6331],[4.5828,6.6167],[4.5751,6.5787],[4.5815,6.5563],[4.5889,6.5432],[4.5882,6.5324],[4.6061,6.4992],[4.5934,6.4929],[4.5998,6.4761],[4.6131,6.4686],[4.6326,6.4645],[4.6387,6.4597],[4.6584,6.4275],[4.6705,6.4165],[4.7003,6.3972],[4.717,6.3918],[4.79,6.397],[4.8047,6.4048],[4.8355,6.4146],[4.8549,6.4313]]]},"properties":{"lga_pcode":"NG029014","lga_name":"Okitipupa","state_pcode":"NG029","state_name":"Ondo"}},
{"type":"Feature","geometry":{"type":"Polygon","coordinates":[[[8.0921,4.6902],[8.1227,4.7314],[8.1289,4.7459],[8.1408,4.7558],[8.1614,4.7571],[8.1803,4.7654],[8.1767,4.7774],[8.1914,4.7995],[8.1911,4.8079],[8.2049,4.8247],[8.2064,4.8338],[8.2351,4.8454],[8.2403,4.8541],[8.2303,4.8602],[8.2229,4.8728],[8.2155,4.8972],[8.2074,4.9083],[8.1974,4.9135],[8.1715,4.9335],[8.1531,4.9385],[8.1409,4.9197],[8.1159,4.8993],[8.1108,4.8889],[8.0892,4.8697],[8.0778,4.8632],[8.0745,4.8534],[8.0619,4.844],[8.0501,4.8266],[8.0559,4.8146],[8.0768,4.7999],[8.0788,4.7942],[8.0581,4.7649],[8.0508,4.7493],[8.0504,4.7331],[8.0558,4.7153],[8.0679,4.7033],[8.0921,4.6902]]]},"properties":{"lga_pcode":"NG003023","lga_name":"Okobo","state_pcode":"NG003","state_name":"Akwa Ibom"}},
{"type":"Feature","geometry":{"type":"Polygon","coordinates":[[[5.9061,5.7704],[5.9026,5.7946],[5.8942,5.7986],[5.8674,5.7809],[5.8622,5.7888],[5.8137,5.7789],[5.8125,5.7889],[5.7972,5.7907],[5.792,5.8118],[5.7856,5.8103],[5.7749,5.8248],[5.7326,5.7569],[5.7184,5.7365],[5.7041,5.7267],[5.6711,5.7178],[5.6454,5.7197],[5.6242,5.7145],[5.6296,5.7035],[5.6532,5.684],[5.6876,5.6618],[5.6759,5.6553],[5.6397,5.6111],[5.6784,5.582],[5.6968,5.5728],[5.7059,5.5818],[5.7669,5.6235],[5.7823,5.6284],[5.7999,5.6227],[5.8075,5.6163],[5.8145,5.6009],[5.8185,5.5827],[5.826,5.5758],[5.8461,5.5873],[5.8587,5.6136],[5.8784,5.6137],[5.9058,5.6084],[5.9082,5.6121],[5.9183,5.629],[5.8998,5.6621],[5.8698,5.6862],[5.85,5.6964],[5.8682,5.7479],[5.8879,5.753],[5.8905,5.7633],[5.9061,5.7704]]]},"properties":{"lga_pcode":"NG010013","lga_name":"Okpe","state_pcode":"NG010","state_name":"Delta"}},
{"type":"Feature","geometry":{"type":"Polygon","coordinates":[[[8.0495,7.0293],[8.0398,7.0493],[8.0236,7.0684],[7.9975,7.1047],[7.9839,7.115],[8.0016,7.1302],[7.9628,7.1687],[7.9345,7.1697],[7.8954,7.1859],[7.8127,7.2182],[7.7945,7.2272],[7.7834,7.206],[7.7367,7.1973],[7.7085,7.1961],[7.6922,7.1993],[7.6864,7.191],[7.7037,7.1649],[7.7582,7.1206],[7.7588,7.09],[7.747,7.0639],[7.7406,7.0226],[7.7406,7.0096],[7.7468,6.994],[7.7726,6.9743],[7.7605,6.958],[7.7375,6.9601],[7.7254,6.9543],[7.7277,6.9291],[7.776,6.8759],[7.7852,6.873],[7.8007,6.8882],[7.8268,6.8917],[7.8638,6.88],[7.8826,6.8583],[7.8967,6.8639],[7.9273,6.8726],[7.9273,6.8902],[7.9081,6.9203],[7.9081,6.9375],[7.9222,6.9516],[7.9449,6.9604],[7.9829,6.9681],[7.9949,6.9605],[8.0068,6.9627],[7.9992,6.9757],[7.9969,7.0093],[8.0019,7.0289],[8.0347,7.0265],[8.0495,7.0293]]]},"properties":{"lga_pcode":"NG007018","lga_name":"Okpokwu","state_pcode":"NG007","state_name":"Benue"}},
{"type":"Feature","geometry":{"type":"Polygon","coordinates":[[[7.1748,4.568],[7.17,4.5857],[7.176,4.6029],[7.1642,4.6098],[7.1673,4.6204],[7.1503,4.6492],[7.1634,4.6966],[7.1746,4.695],[7.1894,4.7007],[7.2014,4.7138],[7.1756,4.7357],[7.1587,4.7224],[7.136,4.724],[7.1173,4.739],[7.1069,4.754],[7.0933,4.7831],[7.0765,4.8042],[7.0761,4.7957],[7.0634,4.7885],[7.0712,4.7768],[7.0665,4.7653],[7.078,4.7378],[7.0702,4.7277],[7.0449,4.7233],[7.0315,4.7124],[7.0021,4.7436],[6.9921,4.749],[6.9822,4.7403],[6.9883,4.7252],[7.0088,4.7056],[7.0033,4.687],[7.0035,4.6504],[7.0096,4.6407],[7.0187,4.6404],[7.0461,4.6566],[7.0593,4.6388],[7.0709,4.6337],[7.0756,4.6026],[7.095,4.582],[7.1189,4.5674],[7.1588,4.557],[7.1754,4.5577],[7.1748,4.568]]]},"properties":{"lga_pcode":"NG033018","lga_name":"Okrika","state_pcode":"NG033","state_name":"Rivers"}},
{"type":"Feature","geometry":{"type":"Polygon","coordinates":[[[4.3199,7.679],[4.3087,7.709],[4.3007,7.7208],[4.2939,7.7509],[4.3,7.7631],[4.2931,7.7768],[4.2794,7.7852],[4.2584,7.8146],[4.2394,7.8309],[4.2214,7.8397],[4.1765,7.8386],[4.1658,7.8348],[4.1486,7.8207],[4.1231,7.8142],[4.0725,7.8087],[4.0694,7.7706],[4.0708,7.7598],[4.0903,7.7486],[4.142,7.742],[4.1555,7.7341],[4.1974,7.6937],[4.2214,7.6674],[4.2519,7.6525],[4.3199,7.679]]]},"properties":{"lga_pcode":"NG030026","lga_name":"Ola-oluwa","state_pcode":"NG030","state_name":"Osun"}},
{"type":"Feature","geometry":{"type":"Polygon","coordinates":[[[7.4016,7.3005],[7.3762,7.293],[7.3683,7.2811],[7.3515,7.2732],[7.3301,7.2074],[7.3074,7.1833],[7.2982,7.1652],[7.2837,7.1162],[7.2929,7.1056],[7.3272,7.1004],[7.3594,7.0893],[7.3671,7.0648],[7.3753,7.0921],[7.386,7.1093],[7.3982,7.1137],[7.4176,7.1138],[7.442,7.1182],[7.4657,7.1118],[7.4866,7.094],[7.504,7.0704],[7.5263,7.0575],[7.5305,7.0323],[7.5787,7.0557],[7.5841,7.0676],[7.5807,7.085],[7.585,7.1067],[7.5915,7.1219],[7.6055,7.1447],[7.6228,7.1633],[7.6467,7.172],[7.6864,7.191],[7.6922,7.1993],[7.7085,7.1961],[7.7367,7.1973],[7.7834,7.206],[7.7945,7.2272],[7.8066,7.2544],[7.8187,7.2869],[7.7747,7.3012],[7.7454,7.2969],[7.7237,7.289],[7.7095,7.289],[7.6882,7.2994],[7.6578,7.3032],[7.6449,7.3082],[7.6245,7.3215],[7.5974,7.3228],[7.5715,7.3107],[7.5444,7.2907],[7.514,7.2915],[7.4923,7.2886],[7.474,7.2923],[7.4564,7.2894],[7.4016,7.3005]]]},"properties":{"lga_pcode":"NG023018","lga_name":"Olamabolo","state_pcode":"NG023","state_name":"Kogi"}},
{"type":"Feature","geometry":{"type":"Polygon","coordinates":[[[4.613,7.8434],[4.5976,7.8633],[4.6063,7.8968],[4.6029,7.9061],[4.5683,7.9262],[4.5565,7.948],[4.5576,7.982],[4.5255,7.9604],[4.5293,7.9436],[4.5409,7.9344],[4.543,7.885],[4.5433,7.8712],[4.5587,7.8572],[4.5611,7.842],[4.547,7.8222],[4.5295,7.8126],[4.526,7.8056],[4.5329,7.8007],[4.5504,7.7784],[4.562,7.7701],[4.5776,7.7888],[4.5993,7.8013],[4.5966,7.8283],[4.613,7.8434]]]},"properties":{"lga_pcode":"NG030027","lga_name":"Olorunda","state_pcode":"NG030","state_name":"Osun"}},
{"type":"Feature","geometry":{"type":"Polygon","coordinates":[[[4.195,8.818],[4.2211,8.8609],[4.258,8.9009],[4.321,8.9424],[4.3349,8.9577],[4.3349,8.9808],[4.329,8.9896],[4.3164,8.9977],[4.2903,8.9916],[4.2534,8.967],[4.2105,8.97],[4.173,8.9264],[4.1268,8.9058],[4.0569,8.8861],[3.9772,8.8755],[3.9654,8.8596],[3.9162,8.775],[3.8966,8.7504],[3.8857,8.7248],[3.8779,8.6923],[3.8857,8.6854],[3.9054,8.6549],[3.9182,8.6421],[3.9261,8.6235],[3.9239,8.6176],[3.946,8.618],[3.9635,8.6148],[3.9706,8.6134],[4.0274,8.615],[4.0612,8.6134],[4.1043,8.6134],[4.1473,8.6242],[4.1688,8.6442],[4.1965,8.6749],[4.2091,8.6807],[4.2134,8.6826],[4.1904,8.7533],[4.1829,8.7652],[4.1826,8.786],[4.1861,8.8056],[4.195,8.818]]]},"properties":{"lga_pcode":"NG031024","lga_name":"Olorunsogo","state_pcode":"NG031","state_name":"Oyo"}},
{"type":"Feature","geometry":{"type":"Polygon","coordinates":[[[3.8719,7.3407],[3.8497,7.3363],[3.8245,7.3356],[3.792,7.3275],[3.7697,7.3133],[3.7619,7.301],[3.7598,7.2811],[3.7636,7.2307],[3.7804,7.2027],[3.7773,7.1806],[3.7872,7.1639],[3.7944,7.1395],[3.7815,7.1212],[3.7274,7.0969],[3.7276,7.0836],[3.74,7.0816],[3.7838,7.0801],[3.8428,7.0829],[3.9389,7.0839],[3.9602,7.0923],[3.9656,7.1098],[3.9954,7.125],[3.9899,7.1476],[3.9847,7.2025],[3.9932,7.2544],[3.9872,7.294],[3.9833,7.303],[3.9476,7.3464],[3.9264,7.3626],[3.9181,7.347],[3.9017,7.3385],[3.8719,7.3407]]]},"properties":{"lga_pcode":"NG031025","lga_name":"Oluyole","state_pcode":"NG031","state_name":"Oyo"}},
{"type":"Feature","geometry":{"type":"Polygon","coordinates":[[[7.6768,8.0145],[7.6772,8.0166],[7.6249,8.0295],[7.5835,8.0377],[7.5053,8.0472],[7.451,8.0465],[7.4458,8.0449],[7.4181,8.0074],[7.4095,7.9897],[7.3965,7.9748],[7.3779,7.9356],[7.3587,7.914],[7.3506,7.9001],[7.3463,7.8748],[7.3491,7.847],[7.3552,7.8271],[7.3885,7.787],[7.4021,7.7619],[7.4123,7.7367],[7.4275,7.7183],[7.4144,7.6977],[7.4151,7.6789],[7.4013,7.6579],[7.4193,7.6465],[7.4311,7.6339],[7.4346,7.6185],[7.4471,7.5892],[7.449,7.5717],[7.461,7.5551],[7.4719,7.5458],[7.4827,7.5206],[7.5055,7.5247],[7.5205,7.5354],[7.5448,7.583],[7.5578,7.6344],[7.5703,7.6363],[7.6155,7.6365],[7.6274,7.6478],[7.6436,7.671],[7.6501,7.6879],[7.7015,7.6987],[7.714,7.705],[7.7536,7.6881],[7.7526,7.7442],[7.7447,7.7687],[7.7282,7.7924],[7.6929,7.8386],[7.6698,7.8848],[7.6638,7.9143],[7.695,7.9316],[7.6928,7.9414],[7.665,7.9402],[7.6768,8.0145]]]},"properties":{"lga_pcode":"NG023019","lga_name":"Omala","state_pcode":"NG023","state_name":"Kogi"}},
{"type":"Feature","geometry":{"type":"Polygon","coordinates":[[[7.1851,4.9823],[7.219,4.9783],[7.2351,4.981],[7.2412,4.994],[7.2517,5.0331],[7.2514,5.0494],[7.2558,5.0773],[7.2704,5.1023],[7.2787,5.1168],[7.2802,5.1316],[7.2652,5.1491],[7.2843,5.1709],[7.2835,5.1854],[7.2639,5.2156],[7.2561,5.2135],[7.2514,5.2019],[7.2421,5.1959],[7.2439,5.1861],[7.2349,5.1628],[7.2247,5.1512],[7.2091,5.1038],[7.2041,5.0703],[7.1906,5.0522],[7.1761,5.0206],[7.1649,5.0114],[7.1625,4.9979],[7.1679,4.9853],[7.1851,4.9823]]]},"properties":{"lga_pcode":"NG033019","lga_name":"Omumma","state_pcode":"NG033","state_name":"Rivers"}},
{"type":"Feature","geometry":{"type":"Polygon","coordinates":[[[3.9317,7.3792],[3.9266,7.3656],[3.9264,7.3626],[3.9476,7.3464],[3.9833,7.303],[3.9872,7.294],[3.9932,7.2544],[3.9847,7.2025],[3.9899,7.1476],[3.9954,7.125],[4.0055,7.1285],[4.0193,7.1246],[4.0459,7.1383],[4.0691,7.1323],[4.0884,7.1334],[4.0726,7.1468],[4.0855,7.1512],[4.072,7.1628],[4.0776,7.1778],[4.0814,7.201],[4.0942,7.2282],[4.1026,7.2331],[4.1113,7.2513],[4.1254,7.2578],[4.1297,7.2768],[4.1313,7.2995],[4.1289,7.3106],[4.1183,7.3133],[4.0745,7.3533],[4.0441,7.3494],[4.0117,7.3568],[3.9892,7.3683],[3.9669,7.3752],[3.9344,7.382],[3.9317,7.3792]]]},"properties":{"lga_pcode":"NG031026","lga_name":"Ona-Ara","state_pcode":"NG031","state_name":"Oyo"}},
{"type":"Feature","geometry":{"type":"Polygon","coordinates":[[[5.0367,7.256],[5.0421,7.2883],[5.0409,7.3216],[5.0331,7.3361],[5.0128,7.3603],[4.9898,7.3777],[4.9856,7.3768],[4.9841,7.3555],[4.986,7.3241],[4.9918,7.2992],[4.9904,7.2814],[4.9966,7.2525],[5.0121,7.2458],[5.0186,7.2364],[5.0144,7.225],[4.9939,7.2288],[4.979,7.2201],[4.9479,7.1916],[4.933,7.185],[4.9171,7.1826],[4.8962,7.1837],[4.8889,7.1878],[4.8566,7.1839],[4.8405,7.1939],[4.8218,7.2132],[4.8076,7.2212],[4.7744,7.2214],[4.7679,7.2126],[4.7553,7.1796],[4.762,7.1353],[4.7668,7.1389],[4.8032,7.1377],[4.8405,7.1282],[4.8502,7.1174],[4.8799,7.1037],[4.9199,7.0928],[4.9329,7.0809],[4.9362,7.0688],[4.9685,7.052],[4.9715,7.0303],[4.9605,7.0126],[4.9527,6.9879],[4.9566,6.9649],[4.9645,6.9529],[4.9858,6.9418],[4.9988,6.9389],[5.005,6.9671],[5.0146,6.9921],[5.0126,7.007],[4.9999,7.0225],[4.9974,7.0332],[5.0013,7.062],[4.9927,7.0774],[4.995,7.0905],[5.015,7.1232],[5.0104,7.1485],[5.0106,7.1632],[5.0228,7.1952],[5.0334,7.2045],[5.0322,7.2352],[5.0367,7.256]]]},"properties":{"lga_pcode":"NG029015","lga_name":"Ondo East","state_pcode":"NG029","state_name":"Ondo"}},
{"type":"Feature","geometry":{"type":"Polygon","coordinates":[[[4.9988,6.9389],[4.9858,6.9418],[4.9645,6.9529],[4.9566,6.9649],[4.9527,6.9879],[4.9605,7.0126],[4.9715,7.0303],[4.9685,7.052],[4.9362,7.0688],[4.9329,7.0809],[4.9199,7.0928],[4.8799,7.1037],[4.8502,7.1174],[4.8405,7.1282],[4.8032,7.1377],[4.7668,7.1389],[4.762,7.1353],[4.7546,7.1251],[4.7297,7.1158],[4.7111,7.1138],[4.6796,7.1044],[4.651,7.0867],[4.6167,7.0847],[4.6139,7.08],[4.6107,7.0352],[4.6096,7.0311],[4.5848,7.014],[4.5643,6.9957],[4.5562,6.9588],[4.5575,6.8895],[4.552,6.8747],[4.5483,6.8442],[4.5661,6.8517],[4.6078,6.8602],[4.629,6.8696],[4.6634,6.867],[4.6865,6.8699],[4.7198,6.8886],[4.7605,6.9054],[4.7883,6.9148],[4.8132,6.9279],[4.8372,6.9437],[4.8743,6.9562],[4.89,6.9567],[4.937,6.9401],[4.9535,6.9302],[4.9747,6.9075],[4.9881,6.8987],[4.9988,6.9389]]]},"properties":{"lga_pcode":"NG029016","lga_name":"Ondo West","state_pcode":"NG029","state_name":"Ondo"}},
{"type":"Feature","geometry":{"type":"Polygon","coordinates":[[[8.0318,6.0005],[8.0183,6.0097],[8.0167,6.0287],[8.0348,6.0532],[8.0339,6.0569],[8.0008,6.0522],[7.9925,6.0609],[7.9988,6.0747],[7.9865,6.0742],[7.9726,6.0801],[7.9576,6.0586],[7.9321,6.0459],[7.9215,6.0437],[7.922,6.0626],[7.904,6.072],[7.904,6.1022],[7.9067,6.1336],[7.9111,6.143],[7.8984,6.1493],[7.879,6.1676],[7.8823,6.1844],[7.871,6.1873],[7.8626,6.2094],[7.8381,6.2125],[7.8215,6.2069],[7.8175,6.2176],[7.8059,6.2295],[7.7939,6.2511],[7.7777,6.2611],[7.7596,6.2507],[7.725,6.2426],[7.733,6.2266],[7.7302,6.2103],[7.7303,6.178],[7.7385,6.1703],[7.7262,6.1149],[7.7138,6.0839],[7.7614,6.0777],[7.8018,6.0672],[7.8254,6.0591],[7.8654,6.0822],[7.8927,6.0779],[7.8932,6.0609],[7.8987,6.0482],[7.8916,6.0395],[7.8953,6.022],[7.8922,5.9844],[7.9029,5.9872],[7.9081,6.0031],[7.9199,5.9882],[7.9263,5.9738],[7.9662,5.9775],[7.9792,5.9703],[7.9862,5.9817],[8.0318,6.0005]]]},"properties":{"lga_pcode":"NG011013","lga_name":"Onicha","state_pcode":"NG011","state_name":"Ebonyi"}},
{"type":"Feature","geometry":{"type":"Polygon","coordinates":[[[6.7812,6.1893],[6.7629,6.1854],[6.7694,6.168],[6.7648,6.1558],[6.7893,6.1498],[6.7876,6.1296],[6.7951,6.1291],[6.8133,6.1294],[6.8351,6.1823],[6.8229,6.1945],[6.816,6.1906],[6.795,6.1927],[6.7812,6.1893]]]},"properties":{"lga_pcode":"NG004017","lga_name":"Onitsha North","state_pcode":"NG004","state_name":"Anambra"}},
{"type":"Feature","geometry":{"type":"Polygon","coordinates":[[[6.7876,6.1296],[6.7893,6.1498],[6.7648,6.1558],[6.7558,6.1233],[6.7876,6.1296]]]},"properties":{"lga_pcode":"NG004018","lga_name":"Onitsha South","state_pcode":"NG004","state_name":"Anambra"}},
{"type":"Feature","geometry":{"type":"Polygon","coordinates":[[[7.814,4.5552],[7.8968,4.5541],[7.9001,4.5709],[7.8931,4.5807],[7.8889,4.5968],[7.8923,4.6026],[7.9067,4.5969],[7.9256,4.5971],[7.9261,4.6069],[7.9071,4.6189],[7.9155,4.6328],[7.9126,4.6426],[7.9006,4.6402],[7.8839,4.6464],[7.8797,4.6648],[7.8938,4.6874],[7.8845,4.6995],[7.8849,4.7162],[7.8844,4.7212],[7.8667,4.7114],[7.8448,4.704],[7.824,4.7129],[7.8101,4.7224],[7.8083,4.6954],[7.7962,4.6922],[7.8304,4.661],[7.8357,4.6454],[7.8301,4.6379],[7.8015,4.6243],[7.8002,4.6013],[7.8107,4.5644],[7.814,4.5552]]]},"properties":{"lga_pcode":"NG003024","lga_name":"Onna","state_pcode":"NG003","state_name":"Akwa Ibom"}},
{"type":"Feature","geometry":{"type":"Polygon","coordinates":[[[7.5087,4.4529],[7.5815,4.4519],[7.5974,4.4648],[7.5906,4.4903],[7.5803,4.5021],[7.5685,4.5074],[7.5524,4.5144],[7.5294,4.5437],[7.5178,4.532],[7.5004,4.5407],[7.4975,4.5576],[7.4759,4.5743],[7.4582,4.5713],[7.4592,4.5591],[7.4465,4.5398],[7.4613,4.5282],[7.4472,4.5129],[7.479,4.5153],[7.4822,4.5083],[7.4742,4.4957],[7.4981,4.4808],[7.5087,4.4529]]]},"properties":{"lga_pcode":"NG033020","lga_name":"Opobo/Nkoro","state_pcode":"NG033","state_name":"Rivers"}},
{"type":"Feature","geometry":{"type":"Polygon","coordinates":[[[5.562,6.306],[5.5514,6.2893],[5.5378,6.2787],[5.5153,6.2529],[5.499,6.2278],[5.4909,6.2111],[5.4801,6.1796],[5.4685,6.124],[5.4622,6.1],[5.4795,6.0946],[5.4922,6.0975],[5.5112,6.0912],[5.5203,6.0996],[5.5311,6.1209],[5.5473,6.1617],[5.5608,6.1831],[5.568,6.2026],[5.5761,6.2128],[5.5906,6.2185],[5.6178,6.2224],[5.6278,6.2373],[5.6326,6.2598],[5.6276,6.29],[5.6309,6.3189],[5.6449,6.327],[5.639,6.3463],[5.6482,6.3558],[5.6446,6.3742],[5.6264,6.356],[5.6064,6.3517],[5.5955,6.3459],[5.5867,6.3275],[5.5722,6.3181],[5.562,6.306]]]},"properties":{"lga_pcode":"NG012012","lga_name":"Oredo","state_pcode":"NG012","state_name":"Edo"}},
{"type":"Feature","geometry":{"type":"Polygon","coordinates":[[[3.9239,8.6176],[3.9261,8.6235],[3.9182,8.6421],[3.9054,8.6549],[3.8857,8.6854],[3.8779,8.6923],[3.8857,8.7248],[3.8966,8.7504],[3.9162,8.775],[3.9654,8.8596],[3.9772,8.8755],[3.9664,8.8782],[3.9143,8.9127],[3.8779,8.9294],[3.8307,8.9491],[3.7382,8.9609],[3.7047,8.9747],[3.6822,8.9942],[3.6555,8.9808],[3.6038,8.9601],[3.6428,8.8999],[3.6654,8.8694],[3.6733,8.8458],[3.6801,8.8379],[3.6752,8.8074],[3.6772,8.7809],[3.6851,8.7543],[3.7057,8.7327],[3.748,8.7061],[3.7785,8.6913],[3.811,8.6638],[3.8208,8.648],[3.8228,8.5966],[3.8737,8.6011],[3.9106,8.6057],[3.9239,8.6176]]]},"properties":{"lga_pcode":"NG031027","lga_name":"Orelope","state_pcode":"NG031","state_name":"Oyo"}},
{"type":"Feature","geometry":{"type":"Polygon","coordinates":[[[6.2816,6.3603],[6.2694,6.3616],[6.2266,6.4139],[6.2157,6.4212],[6.1958,6.4182],[6.1522,6.4169],[6.1317,6.4045],[6.1259,6.3768],[6.0956,6.3547],[6.0696,6.3494],[6.0513,6.3493],[5.9982,6.3584],[5.9852,6.3574],[5.9802,6.3243],[5.9812,6.313],[5.9693,6.2825],[5.9505,6.2515],[5.9125,6.2502],[5.8726,6.2516],[5.8326,6.2587],[5.8275,6.2528],[5.8191,6.2317],[5.7847,6.2259],[5.7684,6.2165],[5.7539,6.1951],[5.7558,6.1702],[5.745,6.146],[5.7433,6.1276],[5.7271,6.0951],[5.7389,6.0629],[5.7472,6.0481],[5.7642,5.9978],[5.7951,5.9796],[5.812,5.9839],[5.8353,5.9515],[5.8333,5.9411],[5.9213,5.8773],[5.9065,5.8439],[5.9064,5.826],[5.9024,5.8111],[5.8942,5.7986],[5.9026,5.7946],[5.9061,5.7704],[5.9246,5.7483],[5.9409,5.7464],[5.9586,5.7507],[5.9817,5.7481],[5.9919,5.7544],[6.0157,5.7643],[6.0398,5.7646],[6.049,5.7688],[6.0619,5.7751],[6.0736,5.7865],[6.0937,5.7941],[6.1019,5.8032],[6.1209,5.8397],[6.1519,5.8577],[6.1797,5.8822],[6.2014,5.897],[6.2176,5.9165],[6.2291,5.936],[6.2438,5.9674],[6.2566,6.0167],[6.2239,6.0393],[6.2014,6.0495],[6.1693,6.0825],[6.1638,6.0943],[6.1481,6.1143],[6.1196,6.1577],[6.1108,6.1812],[6.1064,6.202],[6.1122,6.2409],[6.0849,6.2635],[6.0766,6.2787],[6.0861,6.2892],[6.088,6.3183],[6.113,6.3491],[6.1266,6.3561],[6.1675,6.3315],[6.1805,6.3212],[6.1887,6.3095],[6.1976,6.2827],[6.2126,6.2792],[6.2466,6.3127],[6.2817,6.3574],[6.2903,6.3619],[6.2816,6.3603]]]},"properties":{"lga_pcode":"NG012013","lga_name":"Orhionmwon","state_pcode":"NG012","state_name":"Edo"}},
{"type":"Feature","geometry":{"type":"Polygon","coordinates":[[[4.2091,8.6807],[4.1965,8.6749],[4.1688,8.6442],[4.1473,8.6242],[4.1043,8.6134],[4.0612,8.6134],[4.0274,8.615],[3.9706,8.6134],[3.9635,8.6148],[3.957,8.595],[3.9546,8.5491],[3.9581,8.5314],[3.9829,8.4878],[3.9911,8.4631],[4.01,8.4277],[4.0218,8.3994],[4.0453,8.3771],[4.0477,8.3629],[4.0418,8.3441],[4.0005,8.284],[3.9864,8.2604],[3.9652,8.2333],[3.964,8.2027],[3.9734,8.1791],[3.9911,8.165],[4.0123,8.1414],[4.0229,8.1202],[4.0304,8.0651],[4.0409,8.0474],[4.0469,8.0269],[4.0429,8.0077],[4.0443,7.9916],[4.0619,7.9723],[4.0838,7.9439],[4.1079,7.9703],[4.1271,8.0032],[4.1425,8.0484],[4.1619,8.0679],[4.1833,8.0831],[4.1823,8.1011],[4.1778,8.1122],[4.1904,8.1292],[4.2067,8.1638],[4.2138,8.1885],[4.2209,8.2003],[4.2409,8.2192],[4.2497,8.223],[4.25,8.2274],[4.2798,8.2579],[4.3497,8.3098],[4.3753,8.3182],[4.3676,8.3502],[4.2598,8.575],[4.2091,8.6807]]]},"properties":{"lga_pcode":"NG031028","lga_name":"Ori Ire","state_pcode":"NG031","state_name":"Oyo"}},
{"type":"Feature","geometry":{"type":"Polygon","coordinates":[[[4.8343,7.3742],[4.8784,7.3788],[4.909,7.3735],[4.9434,7.37],[4.9856,7.3768],[4.9898,7.3777],[5.0063,7.392],[5.0062,7.4137],[4.9871,7.4192],[4.9848,7.4265],[4.9524,7.4478],[4.9202,7.5172],[4.9179,7.5298],[4.9064,7.5628],[4.9022,7.5764],[4.8831,7.6114],[4.868,7.6163],[4.8639,7.6227],[4.8803,7.6761],[4.8932,7.7303],[4.8818,7.7244],[4.8675,7.7337],[4.8303,7.7389],[4.8062,7.7364],[4.7811,7.7173],[4.7562,7.6758],[4.7726,7.6662],[4.7791,7.6572],[4.7908,7.6541],[4.8089,7.6068],[4.8093,7.5915],[4.8106,7.5843],[4.8289,7.5397],[4.8449,7.5081],[4.8449,7.4692],[4.8323,7.4169],[4.8301,7.391],[4.8343,7.3742]]]},"properties":{"lga_pcode":"NG030028","lga_name":"Oriade","state_pcode":"NG030","state_name":"Osun"}},
{"type":"Feature","geometry":{"type":"Polygon","coordinates":[[[7.0159,5.8953],[7.0113,5.8857],[7.0088,5.8603],[7.0104,5.8482],[7.0075,5.8275],[6.9827,5.808],[6.9793,5.7881],[6.9738,5.7611],[6.9805,5.7639],[7.0105,5.7622],[7.0203,5.7453],[7.0456,5.7443],[7.0603,5.7496],[7.0772,5.7616],[7.0737,5.7744],[7.0898,5.7772],[7.1097,5.7706],[7.1048,5.7897],[7.0696,5.8079],[7.0714,5.8176],[7.0598,5.8236],[7.0561,5.8388],[7.0533,5.8626],[7.0469,5.8807],[7.0376,5.8902],[7.0159,5.8953]]]},"properties":{"lga_pcode":"NG017020","lga_name":"Orlu","state_pcode":"NG017","state_name":"Imo"}},
{"type":"Feature","geometry":{"type":"Polygon","coordinates":[[[4.4648,7.8426],[4.4824,7.8434],[4.4948,7.8705],[4.5031,7.8787],[4.5277,7.8753],[4.543,7.885],[4.5409,7.9344],[4.5293,7.9436],[4.5255,7.9604],[4.5071,7.952],[4.4927,7.9522],[4.4825,7.9419],[4.4689,7.9423],[4.4322,7.9383],[4.4296,7.9324],[4.4401,7.9135],[4.4363,7.8868],[4.4227,7.8862],[4.4304,7.8693],[4.4468,7.8517],[4.4648,7.8426]]]},"properties":{"lga_pcode":"NG030029","lga_name":"Orolu","state_pcode":"NG030","state_name":"Osun"}},
{"type":"Feature","geometry":{"type":"Polygon","coordinates":[[[8.2662,4.8353],[8.2403,4.8541],[8.2351,4.8454],[8.2064,4.8338],[8.2049,4.8247],[8.1911,4.8079],[8.1914,4.7995],[8.1966,4.792],[8.2214,4.7775],[8.2702,4.7765],[8.2839,4.7796],[8.2687,4.79],[8.2602,4.8076],[8.2524,4.8141],[8.2687,4.8291],[8.2662,4.8353]]]},"properties":{"lga_pcode":"NG003025","lga_name":"Oron","state_pcode":"NG003","state_name":"Akwa Ibom"}},
{"type":"Feature","geometry":{"type":"Polygon","coordinates":[[[7.0031,5.9052],[6.995,5.8968],[6.9777,5.9017],[6.9526,5.8655],[6.9328,5.8597],[6.9219,5.8433],[6.9156,5.8238],[6.924,5.8201],[6.9492,5.8172],[6.9634,5.8011],[6.9793,5.7881],[6.9827,5.808],[7.0075,5.8275],[7.0104,5.8482],[7.0088,5.8603],[7.0113,5.8857],[7.0159,5.8953],[7.007,5.895],[7.0031,5.9052]]]},"properties":{"lga_pcode":"NG017021","lga_name":"Orsu","state_pcode":"NG017","state_name":"Imo"}},
{"type":"Feature","geometry":{"type":"Polygon","coordinates":[[[6.9071,5.8196],[6.9263,5.8132],[6.9227,5.7883],[6.9353,5.7884],[6.9486,5.7676],[6.9323,5.7636],[6.9217,5.7472],[6.927,5.7335],[6.9275,5.7062],[6.9196,5.6975],[6.8973,5.7006],[6.8812,5.6947],[6.8699,5.6853],[6.8939,5.6582],[6.9183,5.637],[6.9432,5.6376],[6.9499,5.6406],[6.9823,5.645],[6.9789,5.6581],[6.9858,5.6804],[6.9858,5.6993],[6.9801,5.7133],[6.9669,5.729],[6.9668,5.7506],[6.9738,5.7611],[6.9793,5.7881],[6.9634,5.8011],[6.9492,5.8172],[6.924,5.8201],[6.9156,5.8238],[6.9071,5.8196]]]},"properties":{"lga_pcode":"NG017022","lga_name":"Oru East","state_pcode":"NG017","state_name":"Imo"}},
{"type":"Feature","geometry":{"type":"Polygon","coordinates":[[[6.8361,5.7549],[6.8333,5.7372],[6.8492,5.7053],[6.8699,5.6853],[6.8812,5.6947],[6.8973,5.7006],[6.9196,5.6975],[6.9275,5.7062],[6.927,5.7335],[6.9217,5.7472],[6.9323,5.7636],[6.9486,5.7676],[6.9353,5.7884],[6.9227,5.7883],[6.9263,5.8132],[6.9071,5.8196],[6.8856,5.8274],[6.8901,5.8068],[6.8864,5.7923],[6.8837,5.761],[6.8848,5.7454],[6.8723,5.7444],[6.8499,5.7631],[6.8361,5.7549]]]},"properties":{"lga_pcode":"NG017023","lga_name":"Oru West","state_pcode":"NG017","state_name":"Imo"}},
{"type":"Feature","geometry":{"type":"Polygon","coordinates":[[[7.7706,4.993],[7.7567,4.9856],[7.7265,4.9614],[7.6959,4.9462],[7.6662,4.9467],[7.6604,4.9386],[7.6573,4.9011],[7.6608,4.8773],[7.658,4.8607],[7.6491,4.838],[7.6338,4.8259],[7.5933,4.8332],[7.569,4.8297],[7.5595,4.8099],[7.5407,4.8038],[7.5215,4.7885],[7.5252,4.7797],[7.5239,4.7532],[7.5455,4.7323],[7.5452,4.7191],[7.537,4.7019],[7.5279,4.6931],[7.5389,4.6811],[7.5494,4.661],[7.566,4.6663],[7.5895,4.663],[7.6107,4.6725],[7.6314,4.6668],[7.6451,4.6791],[7.6559,4.6797],[7.673,4.6908],[7.6837,4.7094],[7.7028,4.7448],[7.7159,4.7587],[7.7319,4.7675],[7.7357,4.782],[7.7316,4.7981],[7.7343,4.8056],[7.7514,4.8196],[7.7644,4.8353],[7.7854,4.8655],[7.799,4.88],[7.7943,4.8881],[7.7841,4.9039],[7.7814,4.9197],[7.7875,4.9394],[7.789,4.9568],[7.7839,4.9742],[7.7706,4.993]]]},"properties":{"lga_pcode":"NG003026","lga_name":"Oruk Anam","state_pcode":"NG003","state_name":"Akwa Ibom"}},
{"type":"Feature","geometry":{"type":"Polygon","coordinates":[[[7.1465,5.9888],[7.1756,6.0098],[7.1756,6.0161],[7.1525,6.0073],[7.1476,6.0206],[7.1665,6.0365],[7.1956,6.027],[7.2036,6.0408],[7.2147,6.0462],[7.2444,6.0494],[7.2731,6.0572],[7.2631,6.0707],[7.2548,6.1047],[7.2403,6.1138],[7.2237,6.1181],[7.2149,6.1369],[7.2223,6.1529],[7.224,6.1914],[7.2043,6.2088],[7.1995,6.2348],[7.1893,6.2395],[7.157,6.23],[7.151,6.2326],[7.1526,6.1993],[7.1509,6.1853],[7.1398,6.1596],[7.1249,6.1492],[7.1145,6.133],[7.1042,6.1251],[7.0929,6.1235],[7.0818,6.1152],[7.0619,6.0884],[7.056,6.0841],[7.0504,6.0664],[7.0416,6.0563],[7.0535,6.0373],[7.0857,6.0325],[7.0984,6.0376],[7.1235,6.0364],[7.1313,6.0297],[7.1341,6.0001],[7.1465,5.9888]]]},"properties":{"lga_pcode":"NG004019","lga_name":"Orumba North","state_pcode":"NG004","state_name":"Anambra"}},
{"type":"Feature","geometry":{"type":"Polygon","coordinates":[[[7.2028,5.921],[7.2231,5.9323],[7.257,5.9296],[7.261,5.9389],[7.2545,5.9653],[7.264,5.9915],[7.2726,5.9977],[7.3183,5.9986],[7.3226,6.0038],[7.3391,6.0421],[7.3019,6.045],[7.2731,6.0572],[7.2444,6.0494],[7.2147,6.0462],[7.2036,6.0408],[7.1956,6.027],[7.1665,6.0365],[7.1476,6.0206],[7.1525,6.0073],[7.1756,6.0161],[7.1756,6.0098],[7.1465,5.9888],[7.1528,5.9731],[7.1346,5.9716],[7.1326,5.9592],[7.1491,5.9566],[7.1554,5.9465],[7.1703,5.9343],[7.1907,5.9239],[7.2028,5.921]]]},"properties":{"lga_pcode":"NG004020","lga_name":"Orumba South","state_pcode":"NG004","state_name":"Anambra"}},
{"type":"Feature","geometry":{"type":"Polygon","coordinates":[[[5.9577,7.3443],[5.9421,7.3459],[5.9105,7.355],[5.9003,7.3605],[5.8816,7.3844],[5.8469,7.3945],[5.8216,7.4008],[5.8155,7.3985],[5.7909,7.356],[5.7567,7.3412],[5.7475,7.3319],[5.7225,7.3216],[5.7096,7.3096],[5.6966,7.303],[5.6697,7.3001],[5.6754,7.2789],[5.681,7.2715],[5.697,7.2375],[5.7156,7.221],[5.7175,7.209],[5.7269,7.1942],[5.7576,7.1824],[5.7613,7.1704],[5.7382,7.1555],[5.7271,7.1432],[5.7113,7.132],[5.6915,7.1275],[5.6875,7.1183],[5.6977,7.1054],[5.6997,7.0888],[5.6896,7.076],[5.7039,7.0407],[5.6993,7.0126],[5.6893,7.0005],[5.6415,6.9938],[5.611,6.993],[5.5915,6.9948],[5.5798,6.9746],[5.5765,6.9007],[5.5655,6.876],[5.5702,6.8693],[5.5712,6.8453],[5.5638,6.8378],[5.549,6.8331],[5.5435,6.8248],[5.5458,6.8043],[5.5558,6.787],[5.5632,6.7624],[5.5617,6.7298],[5.5766,6.704],[5.5822,6.7041],[5.596,6.7208],[5.62,6.7421],[5.6404,6.7469],[5.6674,6.7276],[5.7026,6.7361],[5.7145,6.7574],[5.7265,6.7695],[5.7516,6.7816],[5.7708,6.7965],[5.7781,6.8178],[5.7697,6.8399],[5.7742,6.8538],[5.7871,6.8714],[5.7879,6.8945],[5.7998,6.9213],[5.7922,6.9555],[5.7856,6.9683],[5.7962,7.0243],[5.8043,7.0485],[5.8096,7.0512],[5.8156,7.0716],[5.8548,7.0965],[5.843,7.1098],[5.8443,7.1203],[5.8628,7.1283],[5.8788,7.1725],[5.8939,7.1829],[5.8837,7.1929],[5.8843,7.1999],[5.9035,7.2172],[5.8973,7.2312],[5.8965,7.2581],[5.9084,7.2765],[5.9235,7.2956],[5.9451,7.3055],[5.9731,7.3122],[5.9793,7.3197],[5.9579,7.3313],[5.9577,7.3443]]]},"properties":{"lga_pcode":"NG029017","lga_name":"Ose","state_pcode":"NG029","state_name":"Ondo"}},
{"type":"Feature","geometry":{"type":"Polygon","coordinates":[[[6.6689,6.5012],[6.6463,6.4887],[6.6327,6.4893],[6.6088,6.4995],[6.5755,6.4951],[6.5708,6.4819],[6.5709,6.4527],[6.5793,6.4147],[6.5746,6.3938],[6.5727,6.3529],[6.566,6.3279],[6.5673,6.3086],[6.5757,6.2983],[6.5941,6.283],[6.6078,6.2644],[6.6345,6.2362],[6.625,6.2119],[6.6102,6.193],[6.6069,6.1646],[6.6104,6.1375],[6.62,6.1244],[6.6316,6.1183],[6.6452,6.1012],[6.6535,6.1061],[6.6885,6.1084],[6.6999,6.1191],[6.7132,6.1527],[6.7093,6.1625],[6.6935,6.1776],[6.6874,6.1889],[6.7058,6.2618],[6.725,6.2658],[6.7192,6.3],[6.7128,6.3534],[6.6998,6.3817],[6.6949,6.4066],[6.6818,6.4557],[6.6739,6.4683],[6.6689,6.5012]]]},"properties":{"lga_pcode":"NG010014","lga_name":"Oshimili North","state_pcode":"NG010","state_name":"Delta"}},
{"type":"Feature","geometry":{"type":"Polygon","coordinates":[[[6.725,6.2658],[6.7058,6.2618],[6.6874,6.1889],[6.6935,6.1776],[6.7093,6.1625],[6.7132,6.1527],[6.6999,6.1191],[6.6885,6.1084],[6.6535,6.1061],[6.6452,6.1012],[6.6466,6.0983],[6.629,6.0746],[6.5937,6.0798],[6.5726,6.0762],[6.5645,6.0595],[6.5728,6.0283],[6.5668,5.9964],[6.5832,5.9938],[6.6076,5.994],[6.6171,5.9968],[6.6291,6.0185],[6.643,6.009],[6.6586,6.0041],[6.6994,6.003],[6.7199,5.9921],[6.7265,6.0289],[6.7251,6.0463],[6.7093,6.078],[6.7221,6.0975],[6.7492,6.1137],[6.7558,6.1233],[6.7648,6.1558],[6.7694,6.168],[6.7629,6.1854],[6.7537,6.1928],[6.7427,6.2094],[6.731,6.2391],[6.725,6.2658]]]},"properties":{"lga_pcode":"NG010015","lga_name":"Oshimili South","state_pcode":"NG010","state_name":"Delta"}},
{"type":"Feature","geometry":{"type":"Polygon","coordinates":[[[3.2909,6.4957],[3.2912,6.4815],[3.3152,6.4878],[3.3233,6.501],[3.3235,6.5019],[3.3364,6.5183],[3.3381,6.5453],[3.3526,6.5548],[3.3397,6.5872],[3.3347,6.5713],[3.3221,6.5645],[3.3237,6.555],[3.3135,6.5503],[3.3048,6.5624],[3.2876,6.5562],[3.2885,6.5347],[3.2839,6.5188],[3.2909,6.4957]]]},"properties":{"lga_pcode":"NG025018","lga_name":"Oshodi-Isolo","state_pcode":"NG025","state_name":"Lagos"}},
{"type":"Feature","geometry":{"type":"Polygon","coordinates":[[[7.3653,5.1341],[7.3668,5.1574],[7.3625,5.1819],[7.3635,5.2007],[7.3848,5.2008],[7.3839,5.2265],[7.3743,5.2462],[7.354,5.2712],[7.3375,5.2733],[7.3074,5.2418],[7.2951,5.2346],[7.2851,5.2203],[7.2776,5.2348],[7.2669,5.2394],[7.2639,5.2156],[7.2835,5.1854],[7.2843,5.1709],[7.2652,5.1491],[7.2802,5.1316],[7.2787,5.1168],[7.2704,5.1023],[7.2849,5.0984],[7.2955,5.0779],[7.3031,5.0755],[7.3074,5.0784],[7.3191,5.1014],[7.3345,5.1049],[7.3312,5.1135],[7.347,5.1255],[7.3653,5.1341]]]},"properties":{"lga_pcode":"NG001011","lga_name":"Osisioma Ngwa","state_pcode":"NG001","state_name":"Abia"}},
{"type":"Feature","geometry":{"type":"Polygon","coordinates":[[[4.5993,7.7404],[4.608,7.7638],[4.6057,7.7841],[4.5993,7.8013],[4.5776,7.7888],[4.562,7.7701],[4.5504,7.7784],[4.5329,7.8007],[4.526,7.8056],[4.526,7.786],[4.5333,7.7749],[4.5245,7.7709],[4.5341,7.7513],[4.5395,7.7327],[4.5659,7.6957],[4.5687,7.694],[4.5764,7.7082],[4.5785,7.7278],[4.5993,7.7404]]]},"properties":{"lga_pcode":"NG030030","lga_name":"Osogbo","state_pcode":"NG030","state_name":"Osun"}},
{"type":"Feature","geometry":{"type":"Polygon","coordinates":[[[8.1022,6.9889],[8.0999,7.0098],[8.1026,7.0172],[8.1352,7.0196],[8.176,7.0328],[8.1945,7.0456],[8.1998,7.0619],[8.2019,7.1064],[8.2062,7.114],[8.2258,7.114],[8.2481,7.1215],[8.2748,7.1466],[8.265,7.1773],[8.2492,7.2098],[8.2362,7.2266],[8.2003,7.2591],[8.1729,7.2931],[8.1585,7.3326],[8.1347,7.374],[8.1229,7.3987],[8.1117,7.4578],[8.1043,7.4731],[8.0966,7.5],[8.0792,7.5216],[8.0726,7.553],[8.0649,7.5791],[8.0703,7.617],[8.0805,7.6355],[8.0763,7.6425],[8.0478,7.6266],[8.0077,7.5908],[7.9673,7.5648],[7.938,7.5401],[7.9064,7.5086],[7.876,7.4939],[7.8358,7.4653],[7.7969,7.4166],[7.7954,7.3896],[7.8154,7.3918],[7.8328,7.382],[7.8445,7.3495],[7.8514,7.3441],[7.8688,7.342],[7.9123,7.3497],[7.9319,7.3455],[7.9688,7.3423],[8.0058,7.3261],[8.0145,7.3142],[8.0352,7.298],[8.0679,7.2905],[8.0878,7.2796],[8.1012,7.2763],[8.1068,7.2656],[8.1106,7.2461],[8.1119,7.2121],[8.0999,7.188],[8.0822,7.1698],[8.0361,7.1493],[8.0016,7.1302],[7.9839,7.115],[7.9975,7.1047],[8.0236,7.0684],[8.0398,7.0493],[8.0495,7.0293],[8.0695,7.0159],[8.0719,7.0036],[8.0875,6.9926],[8.1022,6.9889]]]},"properties":{"lga_pcode":"NG007019","lga_name":"Oturkpo","state_pcode":"NG007","state_name":"Benue"}},
{"type":"Feature","geometry":{"type":"Polygon","coordinates":[[[5.64,6.4098],[5.6453,6.4185],[5.6389,6.4314],[5.6443,6.4536],[5.6786,6.4928],[5.7266,6.5329],[5.7601,6.5545],[5.7727,6.5685],[5.7989,6.6066],[5.8024,6.627],[5.8132,6.6575],[5.8285,6.691],[5.8357,6.715],[5.8438,6.7271],[5.8528,6.7669],[5.8627,6.7809],[5.8699,6.7985],[5.8309,6.8046],[5.8019,6.8117],[5.7928,6.8089],[5.7774,6.7912],[5.7516,6.7816],[5.7265,6.7695],[5.7145,6.7574],[5.7026,6.7361],[5.6674,6.7276],[5.6404,6.7469],[5.62,6.7421],[5.596,6.7208],[5.5822,6.7041],[5.5766,6.704],[5.5617,6.7298],[5.5632,6.7624],[5.5558,6.787],[5.5458,6.8043],[5.5435,6.8248],[5.549,6.8331],[5.5638,6.8378],[5.5712,6.8453],[5.5702,6.8693],[5.5655,6.876],[5.5552,6.883],[5.5371,6.8848],[5.4597,6.886],[5.4616,6.8759],[5.4544,6.8528],[5.4472,6.8425],[5.4328,6.8064],[5.4229,6.773],[5.4157,6.7628],[5.3994,6.7497],[5.3868,6.733],[5.3814,6.7163],[5.3809,6.6926],[5.3726,6.6712],[5.3741,6.6627],[5.3985,6.6374],[5.4244,6.5966],[5.438,6.5838],[5.4671,6.5702],[5.4771,6.5481],[5.4962,6.5298],[5.49,6.5122],[5.4809,6.5121],[5.4782,6.4983],[5.4665,6.4741],[5.4693,6.4603],[5.4494,6.4361],[5.4359,6.3912],[5.4496,6.3536],[5.4676,6.3488],[5.4715,6.3341],[5.4667,6.3027],[5.45,6.2831],[5.4365,6.2798],[5.4158,6.285],[5.3994,6.2812],[5.3898,6.2679],[5.3746,6.2608],[5.3551,6.2412],[5.3535,6.2269],[5.3579,6.2129],[5.3684,6.2001],[5.367,6.1891],[5.3512,6.1636],[5.3396,6.1565],[5.3276,6.1426],[5.3143,6.1457],[5.2869,6.1447],[5.2821,6.139],[5.2806,6.1084],[5.2711,6.0985],[5.2739,6.0808],[5.2899,6.0777],[5.2905,6.0654],[5.2702,6.0543],[5.265,6.0438],[5.2478,5.9866],[5.2491,5.9701],[5.2561,5.9501],[5.2682,5.9392],[5.2697,5.9189],[5.2752,5.9092],[5.2913,5.9122],[5.3043,5.9196],[5.3151,5.9347],[5.3261,5.9418],[5.3587,5.9696],[5.3452,5.9753],[5.3365,5.9844],[5.327,5.9827],[5.323,6.0053],[5.3274,6.0183],[5.3422,6.0162],[5.3657,6.0197],[5.3882,6.0178],[5.4112,6.0202],[5.4154,6.0081],[5.4311,6.0088],[5.4275,6.0307],[5.4425,6.0406],[5.4622,6.1],[5.4685,6.124],[5.4801,6.1796],[5.4909,6.2111],[5.499,6.2278],[5.5153,6.2529],[5.5378,6.2787],[5.5514,6.2893],[5.562,6.306],[5.5347,6.3256],[5.5293,6.3381],[5.5575,6.3715],[5.5638,6.3873],[5.5746,6.4003],[5.5961,6.4042],[5.6207,6.4029],[5.64,6.4098]]]},"properties":{"lga_pcode":"NG012014","lga_name":"Ovia North East","state_pcode":"NG012","state_name":"Edo"}},
{"type":"Feature","geometry":{"type":"Polygon","coordinates":[[[5.1351,6.1698],[5.1455,6.1416],[5.1615,6.1427],[5.1687,6.1636],[5.1794,6.159],[5.184,6.1474],[5.2094,6.1535],[5.2226,6.1487],[5.2174,6.1363],[5.2337,6.1124],[5.2313,6.1012],[5.2337,6.0736],[5.2389,6.0624],[5.2565,6.0652],[5.2702,6.0543],[5.2905,6.0654],[5.2899,6.0777],[5.2739,6.0808],[5.2711,6.0985],[5.2806,6.1084],[5.2821,6.139],[5.2869,6.1447],[5.3143,6.1457],[5.3276,6.1426],[5.3396,6.1565],[5.3512,6.1636],[5.367,6.1891],[5.3684,6.2001],[5.3579,6.2129],[5.3535,6.2269],[5.3551,6.2412],[5.3746,6.2608],[5.3898,6.2679],[5.3994,6.2812],[5.4158,6.285],[5.4365,6.2798],[5.45,6.2831],[5.4667,6.3027],[5.4715,6.3341],[5.4676,6.3488],[5.4496,6.3536],[5.4359,6.3912],[5.4494,6.4361],[5.4693,6.4603],[5.4665,6.4741],[5.4782,6.4983],[5.4809,6.5121],[5.49,6.5122],[5.4962,6.5298],[5.4771,6.5481],[5.4671,6.5702],[5.438,6.5838],[5.4244,6.5966],[5.3985,6.6374],[5.3741,6.6627],[5.3726,6.6712],[5.3809,6.6926],[5.3814,6.7163],[5.3868,6.733],[5.3994,6.7497],[5.4157,6.7628],[5.4229,6.773],[5.4328,6.8064],[5.4472,6.8425],[5.4544,6.8528],[5.4616,6.8759],[5.4597,6.886],[5.2724,6.8889],[5.2548,6.8832],[5.2089,6.81],[5.197,6.7739],[5.173,6.7627],[5.1508,6.746],[5.1407,6.7312],[5.126,6.7015],[5.1223,6.6987],[5.1141,6.6691],[5.1116,6.6304],[5.1276,6.5935],[5.1369,6.5779],[5.1606,6.5631],[5.1642,6.5545],[5.1552,6.5331],[5.1504,6.5117],[5.1537,6.5011],[5.1336,6.4726],[5.1174,6.459],[5.103,6.4423],[5.1078,6.4359],[5.1039,6.4222],[5.1097,6.4147],[5.1037,6.4022],[5.086,6.3892],[5.0757,6.3773],[5.0661,6.3766],[5.0528,6.3842],[5.0392,6.3641],[5.0292,6.3636],[5.0278,6.3452],[5.0349,6.3329],[5.0215,6.3187],[5.0129,6.3021],[5.0156,6.2924],[5.0296,6.2792],[5.0377,6.2774],[5.048,6.2649],[5.0534,6.2468],[5.0635,6.2483],[5.0733,6.2395],[5.0729,6.2312],[5.0872,6.2145],[5.0892,6.2011],[5.1032,6.2022],[5.1128,6.1955],[5.1225,6.2059],[5.1287,6.1897],[5.1359,6.1867],[5.1351,6.1698]]]},"properties":{"lga_pcode":"NG012015","lga_name":"Ovia South West","state_pcode":"NG012","state_name":"Edo"}},
{"type":"Feature","geometry":{"type":"Polygon","coordinates":[[[5.9084,7.2765],[5.8965,7.2581],[5.8973,7.2312],[5.9035,7.2172],[5.8843,7.1999],[5.8837,7.1929],[5.8939,7.1829],[5.8788,7.1725],[5.8628,7.1283],[5.8443,7.1203],[5.843,7.1098],[5.8548,7.0965],[5.8779,7.0882],[5.9162,7.0837],[5.9371,7.0832],[5.9608,7.0688],[5.9804,7.0537],[5.9916,7.0352],[5.9925,7.026],[5.9754,6.9981],[5.9691,6.9805],[5.9745,6.9355],[5.9941,6.9176],[6.0011,6.9032],[6.0057,6.8802],[6.0157,6.8535],[6.0239,6.8508],[6.042,6.8537],[6.0457,6.8334],[6.0431,6.8085],[6.046,6.7763],[6.0568,6.7809],[6.1011,6.8109],[6.1138,6.8174],[6.1419,6.8251],[6.1674,6.8238],[6.1789,6.8652],[6.1879,6.8856],[6.2078,6.9227],[6.2158,6.9468],[6.2157,6.9884],[6.2193,7.0124],[6.2192,7.0374],[6.2137,7.0576],[6.2027,7.0779],[6.1854,7.0999],[6.1803,7.1128],[6.1671,7.1477],[6.1598,7.1724],[6.1489,7.1836],[6.1244,7.1908],[6.1008,7.2025],[6.0753,7.2411],[6.0662,7.2465],[6.0408,7.2389],[6.0245,7.2406],[6.0127,7.2285],[6.0055,7.2321],[5.9873,7.2264],[5.9683,7.2467],[5.937,7.254],[5.9084,7.2765]]]},"properties":{"lga_pcode":"NG012016","lga_name":"Owan East","state_pcode":"NG012","state_name":"Edo"}},
{"type":"Feature","geometry":{"type":"Polygon","coordinates":[[[6.046,6.7763],[6.0431,6.8085],[6.0457,6.8334],[6.042,6.8537],[6.0239,6.8508],[6.0157,6.8535],[6.0057,6.8802],[6.0011,6.9032],[5.9941,6.9176],[5.9745,6.9355],[5.9691,6.9805],[5.9754,6.9981],[5.9925,7.026],[5.9916,7.0352],[5.9804,7.0537],[5.9608,7.0688],[5.9371,7.0832],[5.9162,7.0837],[5.8779,7.0882],[5.8548,7.0965],[5.8156,7.0716],[5.8096,7.0512],[5.8043,7.0485],[5.7962,7.0243],[5.7856,6.9683],[5.7922,6.9555],[5.7998,6.9213],[5.7879,6.8945],[5.7871,6.8714],[5.7742,6.8538],[5.7697,6.8399],[5.7781,6.8178],[5.7708,6.7965],[5.7516,6.7816],[5.7774,6.7912],[5.7928,6.8089],[5.8019,6.8117],[5.8309,6.8046],[5.8699,6.7985],[5.8844,6.7949],[5.9506,6.79],[5.9824,6.7802],[5.9915,6.7812],[6.0133,6.7731],[6.0242,6.7713],[6.046,6.7763]]]},"properties":{"lga_pcode":"NG012017","lga_name":"Owan West","state_pcode":"NG012","state_name":"Edo"}},
{"type":"Feature","geometry":{"type":"Polygon","coordinates":[[[7.0424,5.4522],[7.0581,5.469],[7.0657,5.4848],[7.0633,5.4928],[7.0507,5.4988],[7.0443,5.5077],[7.0282,5.5052],[7.0204,5.5093],[7.0175,5.5221],[7.0065,5.517],[7.0063,5.5014],[6.99,5.4997],[6.9791,5.4793],[6.9728,5.4553],[6.9816,5.4475],[7.0116,5.4389],[7.0203,5.4499],[7.0424,5.4522]]]},"properties":{"lga_pcode":"NG017026","lga_name":"Owerri-Municipal","state_pcode":"NG017","state_name":"Imo"}},
{"type":"Feature","geometry":{"type":"Polygon","coordinates":[[[7.1584,5.485],[7.1476,5.4997],[7.1243,5.5099],[7.1078,5.5261],[7.0819,5.5406],[7.0773,5.5369],[7.0356,5.5304],[7.0139,5.5342],[7.0175,5.5221],[7.0204,5.5093],[7.0282,5.5052],[7.0443,5.5077],[7.0507,5.4988],[7.0633,5.4928],[7.0657,5.4848],[7.0581,5.469],[7.0424,5.4522],[7.0622,5.4311],[7.0515,5.4232],[7.0398,5.4049],[7.0334,5.3802],[7.0373,5.3508],[7.0318,5.3346],[7.0354,5.3239],[7.0606,5.3496],[7.0867,5.3951],[7.0965,5.4022],[7.1459,5.4061],[7.1565,5.4167],[7.1535,5.4324],[7.1596,5.4477],[7.1748,5.4595],[7.1584,5.485]]]},"properties":{"lga_pcode":"NG017024","lga_name":"Owerri North","state_pcode":"NG017","state_name":"Imo"}},
{"type":"Feature","geometry":{"type":"Polygon","coordinates":[[[6.9347,5.5513],[6.8977,5.5373],[6.8905,5.5281],[6.8916,5.5204],[6.8806,5.4929],[6.8785,5.4799],[6.8922,5.4759],[6.9112,5.4616],[6.9174,5.4434],[6.9187,5.4273],[6.9314,5.4045],[6.9501,5.3874],[6.9729,5.3758],[6.9814,5.3628],[6.9743,5.3465],[6.9709,5.3273],[6.9725,5.3163],[6.9822,5.2962],[6.9827,5.2655],[6.9882,5.2666],[7.0307,5.2982],[7.0354,5.3087],[7.0354,5.3239],[7.0318,5.3346],[7.0373,5.3508],[7.0334,5.3802],[7.0398,5.4049],[7.0515,5.4232],[7.0622,5.4311],[7.0424,5.4522],[7.0203,5.4499],[7.0116,5.4389],[6.9816,5.4475],[6.9728,5.4553],[6.9791,5.4793],[6.99,5.4997],[7.0063,5.5014],[7.0065,5.517],[7.0175,5.5221],[7.0139,5.5342],[7.0016,5.5397],[6.9968,5.5505],[6.9705,5.55],[6.9559,5.5467],[6.9347,5.5513]]]},"properties":{"lga_pcode":"NG017025","lga_name":"Owerri West","state_pcode":"NG017","state_name":"Imo"}},
{"type":"Feature","geometry":{"type":"Polygon","coordinates":[[[5.5264,7.3409],[5.5017,7.3254],[5.4505,7.3189],[5.454,7.3006],[5.4269,7.2932],[5.3981,7.2884],[5.3882,7.2832],[5.4188,7.2498],[5.4189,7.2267],[5.4245,7.2083],[5.42,7.1879],[5.4192,7.1676],[5.4277,7.1344],[5.4278,7.1206],[5.4334,7.116],[5.4575,7.1189],[5.4863,7.1098],[5.491,7.1006],[5.4762,7.083],[5.455,7.0718],[5.4497,7.0648],[5.4755,7.0506],[5.4756,7.0313],[5.4925,6.988],[5.5056,6.9723],[5.5197,6.9419],[5.5337,6.9171],[5.5371,6.8848],[5.5552,6.883],[5.5655,6.876],[5.5765,6.9007],[5.5798,6.9746],[5.5915,6.9948],[5.611,6.993],[5.6415,6.9938],[5.6893,7.0005],[5.6993,7.0126],[5.7039,7.0407],[5.6896,7.076],[5.6997,7.0888],[5.6977,7.1054],[5.6875,7.1183],[5.6915,7.1275],[5.7113,7.132],[5.7271,7.1432],[5.7382,7.1555],[5.7613,7.1704],[5.7576,7.1824],[5.7269,7.1942],[5.7175,7.209],[5.7156,7.221],[5.697,7.2375],[5.681,7.2715],[5.6754,7.2789],[5.6697,7.3001],[5.6587,7.3057],[5.6227,7.331],[5.5998,7.3358],[5.5264,7.3409]]]},"properties":{"lga_pcode":"NG029018","lga_name":"Owo","state_pcode":"NG029","state_name":"Ondo"}},
{"type":"Feature","geometry":{"type":"Polygon","coordinates":[[[5.2829,8.0085],[5.2733,7.9542],[5.2609,7.9268],[5.2585,7.9043],[5.2579,7.8662],[5.2545,7.8349],[5.2657,7.7899],[5.2733,7.7785],[5.3027,7.7559],[5.3207,7.7454],[5.3727,7.7247],[5.3874,7.7238],[5.3967,7.7494],[5.3967,7.7845],[5.4075,7.8242],[5.4147,7.8382],[5.4179,7.8798],[5.4266,7.915],[5.436,7.9324],[5.4363,7.9512],[5.451,7.9738],[5.4447,7.9867],[5.4196,7.9978],[5.3887,8.019],[5.3592,8.0361],[5.352,8.0257],[5.3324,8.0096],[5.3177,8.0077],[5.2829,8.0085]]]},"properties":{"lga_pcode":"NG013016","lga_name":"Oye","state_pcode":"NG013","state_name":"Ekiti"}},
{"type":"Feature","geometry":{"type":"Polygon","coordinates":[[[6.8229,6.1945],[6.8351,6.1823],[6.8447,6.167],[6.87,6.1648],[6.8859,6.1576],[6.8989,6.1584],[6.9086,6.1703],[6.9342,6.192],[6.9369,6.2093],[6.9502,6.2166],[6.9542,6.2362],[6.9658,6.2506],[6.9524,6.2442],[6.9526,6.2589],[6.9594,6.2754],[6.9478,6.2879],[6.9304,6.293],[6.8911,6.2742],[6.8804,6.2644],[6.8588,6.2555],[6.8598,6.2373],[6.8396,6.2198],[6.8366,6.2036],[6.8229,6.1945]]]},"properties":{"lga_pcode":"NG004021","lga_name":"Oyi","state_pcode":"NG004","state_name":"Anambra"}},
{"type":"Feature","geometry":{"type":"Polygon","coordinates":[[[7.1818,4.8383],[7.2084,4.8292],[7.2323,4.8248],[7.241,4.8178],[7.2758,4.8007],[7.3212,4.7831],[7.3465,4.7787],[7.3709,4.7832],[7.3827,4.8073],[7.4198,4.8072],[7.4328,4.8149],[7.4477,4.8001],[7.489,4.8018],[7.5016,4.8078],[7.4887,4.8218],[7.4868,4.8276],[7.4662,4.8454],[7.4467,4.8454],[7.4292,4.8624],[7.4164,4.8667],[7.3928,4.8618],[7.362,4.8653],[7.3524,4.8719],[7.3308,4.8735],[7.3198,4.8796],[7.3078,4.8755],[7.2714,4.873],[7.2409,4.8569],[7.2151,4.8572],[7.1912,4.8639],[7.1738,4.8794],[7.1559,4.8837],[7.1404,4.9006],[7.1438,4.9132],[7.1311,4.9073],[7.1261,4.8966],[7.126,4.8848],[7.1173,4.8772],[7.1182,4.8672],[7.1355,4.8677],[7.1524,4.8507],[7.1818,4.8383]]]},"properties":{"lga_pcode":"NG033021","lga_name":"Oyigbo","state_pcode":"NG033","state_name":"Rivers"}},
{"type":"Feature","geometry":{"type":"Polygon","coordinates":[[[4.0208,7.6784],[4.0247,7.6649],[4.039,7.685],[4.0563,7.6988],[4.0778,7.7105],[4.0742,7.7359],[4.0619,7.7488],[4.0708,7.7598],[4.0694,7.7706],[4.0725,7.8087],[4.0762,7.8249],[4.0911,7.8502],[4.0896,7.8681],[4.0807,7.8806],[4.0879,7.9116],[4.095,7.9262],[4.0838,7.9439],[4.0619,7.9723],[4.0443,7.9916],[4.0563,7.9625],[4.0565,7.9484],[4.0151,7.9146],[4.0015,7.9078],[3.9777,7.876],[3.9758,7.86],[3.9633,7.8575],[3.9471,7.8424],[3.9319,7.8511],[3.9148,7.8094],[3.9173,7.7957],[3.938,7.7983],[3.9446,7.8164],[3.9581,7.8303],[3.9848,7.8356],[3.9896,7.8154],[3.9859,7.8066],[3.9621,7.78],[3.9337,7.7686],[3.9082,7.7459],[3.9078,7.7371],[3.9162,7.7279],[3.9327,7.7221],[3.9725,7.7002],[4.0138,7.6926],[4.0208,7.6784]]]},"properties":{"lga_pcode":"NG031029","lga_name":"Oyo East","state_pcode":"NG031","state_name":"Oyo"}},
{"type":"Feature","geometry":{"type":"Polygon","coordinates":[[[3.9148,7.8094],[3.9319,7.8511],[3.9212,7.8651],[3.9228,7.8753],[3.9321,7.8905],[3.9254,7.9086],[3.8871,7.9356],[3.8745,7.9489],[3.8694,7.9634],[3.865,8.0033],[3.8584,8.0141],[3.8092,8.0464],[3.7866,8.0755],[3.7686,8.0749],[3.7552,8.0666],[3.7429,8.0518],[3.7318,8.0508],[3.7269,8.039],[3.7406,8.0137],[3.7386,8.0005],[3.7412,7.9768],[3.734,7.9656],[3.7149,7.9597],[3.7221,7.9445],[3.7162,7.9399],[3.7142,7.9103],[3.7202,7.8832],[3.7248,7.88],[3.7268,7.8602],[3.7195,7.8477],[3.7232,7.8408],[3.7136,7.8059],[3.6806,7.7646],[3.6645,7.7411],[3.6484,7.7083],[3.6421,7.679],[3.6569,7.6885],[3.6771,7.7152],[3.6937,7.7312],[3.7351,7.7142],[3.7473,7.6937],[3.7573,7.7088],[3.7611,7.7189],[3.7805,7.7174],[3.8053,7.7362],[3.8078,7.7441],[3.7998,7.7532],[3.7826,7.753],[3.7563,7.758],[3.7554,7.8074],[3.7669,7.814],[3.8222,7.8132],[3.883,7.824],[3.9002,7.8195],[3.9148,7.8094]]]},"properties":{"lga_pcode":"NG031030","lga_name":"Oyo West","state_pcode":"NG031","state_name":"Oyo"}},
{"type":"Feature","geometry":{"type":"Polygon","coordinates":[[[4.495,8.1228],[4.5056,8.092],[4.5335,8.0716],[4.569,8.0548],[4.5981,8.0639],[4.6217,8.0757],[4.6339,8.0715],[4.6373,8.0536],[4.6484,8.0536],[4.6656,8.0433],[4.6873,8.057],[4.7044,8.0482],[4.7117,8.0597],[4.7212,8.0642],[4.7548,8.065],[4.7662,8.0681],[4.793,8.0665],[4.7995,8.065],[4.8055,8.0786],[4.7979,8.1129],[4.7985,8.1568],[4.7953,8.1655],[4.759,8.1937],[4.7424,8.1977],[4.7461,8.2123],[4.7341,8.238],[4.7195,8.2561],[4.7028,8.2947],[4.6912,8.3153],[4.6641,8.3564],[4.6419,8.3363],[4.629,8.3088],[4.6221,8.2814],[4.6011,8.2634],[4.5908,8.2513],[4.5831,8.235],[4.5848,8.2127],[4.5977,8.1861],[4.5946,8.1711],[4.5843,8.1591],[4.5668,8.1526],[4.5359,8.135],[4.495,8.1228]],[[4.7466,8.1226],[4.7393,8.1175],[4.7144,8.1119],[4.6759,8.1142],[4.6579,8.1215],[4.6473,8.1088],[4.6324,8.1093],[4.6333,8.1213],[4.6213,8.1393],[4.6303,8.1505],[4.6504,8.1625],[4.6637,8.1818],[4.6697,8.1981],[4.6938,8.2174],[4.7071,8.2101],[4.7097,8.1977],[4.7217,8.1666],[4.731,8.1621],[4.7321,8.1486],[4.7466,8.1226]]]},"properties":{"lga_pcode":"NG024015","lga_name":"Oyun","state_pcode":"NG024","state_name":"Kwara"}},
{"type":"Feature","geometry":{"type":"Polygon","coordinates":[[[6.5334,9.2237],[6.5508,9.2241],[6.5671,9.2328],[6.5866,9.2333],[6.5996,9.2274],[6.625,9.2361],[6.6342,9.2209],[6.6824,9.2198],[6.6857,9.2333],[6.7014,9.2404],[6.7166,9.2604],[6.7247,9.2778],[6.7236,9.2891],[6.716,9.2983],[6.716,9.3124],[6.7209,9.3265],[6.7231,9.3525],[6.7409,9.3579],[6.755,9.366],[6.7696,9.366],[6.7973,9.3715],[6.8108,9.3807],[6.8238,9.3812],[6.8372,9.3873],[6.8555,9.3996],[6.8739,9.3915],[6.8915,9.3936],[6.914,9.3686],[6.9366,9.3654],[6.9437,9.3734],[6.9818,9.3867],[7.003,9.4023],[7.0093,9.4164],[7.0212,9.4202],[7.0407,9.411],[7.0548,9.4164],[7.0667,9.4132],[7.0786,9.4207],[7.0862,9.4191],[7.1019,9.4321],[7.1149,9.4289],[7.1138,9.4473],[7.0959,9.4521],[7.0997,9.4771],[7.1301,9.4803],[7.162,9.4792],[7.1777,9.4928],[7.2113,9.5009],[7.2273,9.4949],[7.2391,9.5185],[7.261,9.5269],[7.2842,9.5531],[7.2941,9.5941],[7.3337,9.6067],[7.3435,9.6226],[7.3387,9.637],[7.3114,9.669],[7.2828,9.6842],[7.2887,9.7061],[7.2803,9.7246],[7.2711,9.7321],[7.245,9.7321],[7.2248,9.7389],[7.2047,9.7583],[7.1937,9.7675],[7.1861,9.7599],[7.1819,9.7456],[7.1659,9.7473],[7.1415,9.7397],[7.1516,9.7161],[7.1642,9.701],[7.2054,9.6845],[7.2073,9.6533],[7.1934,9.6332],[7.1821,9.6288],[7.1645,9.6287],[7.1522,9.6356],[7.1355,9.6555],[7.1232,9.6537],[7.0978,9.6675],[7.0811,9.6683],[7.0726,9.6573],[7.0675,9.6312],[7.0448,9.5883],[7.0375,9.5789],[7.0344,9.5586],[7.0301,9.5533],[7.0019,9.5546],[6.9842,9.5647],[6.9783,9.5614],[6.9565,9.5227],[6.9497,9.521],[6.9204,9.5269],[6.8926,9.5303],[6.8648,9.5269],[6.8126,9.5462],[6.8059,9.553],[6.7773,9.5589],[6.7554,9.5437],[6.7176,9.5336],[6.7117,9.5193],[6.6974,9.5185],[6.6839,9.5269],[6.6488,9.535],[6.6293,9.5336],[6.62,9.5412],[6.5973,9.5319],[6.5704,9.5378],[6.5586,9.537],[6.5502,9.5269],[6.5351,9.5294],[6.5216,9.5244],[6.5174,9.5168],[6.5023,9.5176],[6.4964,9.5126],[6.4905,9.4823],[6.4779,9.4781],[6.4737,9.4672],[6.4807,9.4237],[6.4896,9.4117],[6.5065,9.3763],[6.5031,9.3637],[6.5048,9.3444],[6.5031,9.3141],[6.488,9.2964],[6.4913,9.283],[6.5056,9.2687],[6.5073,9.2569],[6.5268,9.23],[6.5334,9.2237]]]},"properties":{"lga_pcode":"NG027019","lga_name":"Paikoro","state_pcode":"NG027","state_name":"Niger"}},
{"type":"Feature","geometry":{"type":"Polygon","coordinates":[[[9.4757,9.4745],[9.4638,9.4754],[9.4228,9.5],[9.4042,9.5083],[9.3948,9.5465],[9.3698,9.5597],[9.3563,9.5723],[9.3221,9.5802],[9.301,9.5751],[9.2918,9.5651],[9.2908,9.5438],[9.2976,9.5262],[9.2704,9.5048],[9.2738,9.4924],[9.2863,9.4856],[9.3067,9.4664],[9.3271,9.4585],[9.3305,9.4506],[9.3259,9.4304],[9.3316,9.3763],[9.3179,9.3673],[9.2838,9.3597],[9.2769,9.3443],[9.2509,9.2975],[9.2452,9.2783],[9.2407,9.2479],[9.2475,9.2186],[9.2474,9.1972],[9.252,9.1893],[9.2792,9.1588],[9.3056,9.1268],[9.317,9.1179],[9.3401,9.113],[9.3645,9.128],[9.3741,9.125],[9.3813,9.0973],[9.3987,9.091],[9.4239,9.0904],[9.5248,9.098],[9.5677,9.0986],[9.574,9.0873],[9.5728,9.0718],[9.592,9.0726],[9.6026,9.0943],[9.6303,9.1206],[9.6435,9.127],[9.6693,9.1289],[9.6794,9.1421],[9.6842,9.1636],[9.6947,9.1853],[9.6944,9.193],[9.7047,9.2185],[9.7121,9.2266],[9.7081,9.2284],[9.6954,9.2529],[9.6926,9.2721],[9.6808,9.2773],[9.6636,9.2746],[9.6417,9.2891],[9.6229,9.2806],[9.6051,9.2489],[9.5982,9.2312],[9.5774,9.2225],[9.5606,9.2102],[9.5459,9.1938],[9.5279,9.1844],[9.5014,9.1779],[9.4862,9.177],[9.4701,9.1836],[9.4663,9.2043],[9.4739,9.2231],[9.4777,9.2429],[9.4863,9.2504],[9.5147,9.2598],[9.5094,9.2755],[9.5072,9.3012],[9.512,9.3342],[9.5263,9.3577],[9.5235,9.4132],[9.506,9.4337],[9.4845,9.4404],[9.4685,9.4513],[9.4757,9.4745]]]},"properties":{"lga_pcode":"NG032013","lga_name":"Pankshin","state_pcode":"NG032","state_name":"Plateau"}},
{"type":"Feature","geometry":{"type":"Polygon","coordinates":[[[5.9809,5.1306],[6.0045,5.1037],[6.0272,5.0957],[6.055,5.0972],[6.0623,5.103],[6.0634,5.1232],[6.0696,5.1413],[6.0858,5.1508],[6.0979,5.1499],[6.1297,5.1293],[6.1437,5.1348],[6.1547,5.1517],[6.1659,5.1611],[6.1909,5.1586],[6.2007,5.1695],[6.2023,5.1793],[6.1942,5.2167],[6.2021,5.2318],[6.2133,5.2387],[6.2335,5.2382],[6.2594,5.2279],[6.279,5.2289],[6.293,5.2388],[6.2838,5.2665],[6.2877,5.2837],[6.2784,5.2756],[6.2785,5.2622],[6.2876,5.2532],[6.2909,5.2403],[6.284,5.236],[6.2547,5.2395],[6.2343,5.2485],[6.2189,5.2484],[6.2036,5.2428],[6.1969,5.2465],[6.1874,5.2304],[6.1615,5.2357],[6.1547,5.226],[6.1119,5.2152],[6.0895,5.213],[6.0712,5.2079],[6.0297,5.193],[6.0021,5.1892],[5.9884,5.1841],[5.9843,5.1594],[5.9867,5.144],[5.9809,5.1306]]]},"properties":{"lga_pcode":"NG010016","lga_name":"Patani","state_pcode":"NG010","state_name":"Delta"}},
{"type":"Feature","geometry":{"type":"Polygon","coordinates":[[[5.5132,8.5385],[5.5241,8.5369],[5.5444,8.5231],[5.5542,8.5125],[5.5745,8.506],[5.5997,8.4889],[5.6429,8.4629],[5.6882,8.4529],[5.7047,8.4458],[5.7486,8.4377],[5.7827,8.4279],[5.8055,8.4255],[5.8185,8.4271],[5.8494,8.4223],[5.9121,8.4239],[5.9568,8.4084],[5.9909,8.4019],[6.0137,8.4003],[6.0406,8.393],[6.0601,8.3938],[6.0827,8.4018],[6.0975,8.4141],[6.1113,8.4312],[6.1131,8.4415],[6.1138,8.4613],[6.1251,8.5556],[6.1479,8.5963],[6.1626,8.6378],[6.1699,8.663],[6.2085,8.7324],[6.1853,8.7297],[6.1691,8.7215],[6.1495,8.7207],[6.1316,8.7516],[6.1146,8.7581],[6.0845,8.7606],[6.0332,8.759],[5.9999,8.7516],[5.9787,8.75],[5.9747,8.7565],[5.9283,8.7427],[5.9015,8.75],[5.8868,8.7468],[5.7958,8.7419],[5.7746,8.7533],[5.7421,8.798],[5.7282,8.82],[5.7128,8.8289],[5.6916,8.8281],[5.6656,8.8305],[5.642,8.8354],[5.6193,8.8525],[5.6014,8.8769],[5.5631,8.8988],[5.5436,8.9167],[5.5396,8.9306],[5.5254,8.9401],[5.5166,8.9204],[5.4929,8.9062],[5.48,8.8953],[5.4583,8.8682],[5.4481,8.8614],[5.4501,8.8268],[5.4617,8.8044],[5.4603,8.7644],[5.4542,8.7475],[5.4501,8.7203],[5.4576,8.6755],[5.4773,8.6355],[5.4861,8.6097],[5.5159,8.5582],[5.5132,8.5385]]]},"properties":{"lga_pcode":"NG024016","lga_name":"Pategi","state_pcode":"NG024","state_name":"Kwara"}},
{"type":"Feature","geometry":{"type":"Polygon","coordinates":[[[7.0021,4.7436],[7.0315,4.7124],[7.0449,4.7233],[7.0702,4.7277],[7.078,4.7378],[7.0665,4.7653],[7.0712,4.7768],[7.0634,4.7885],[7.0761,4.7957],[7.0765,4.8042],[7.0766,4.814],[7.0561,4.8224],[7.0371,4.8241],[6.9873,4.823],[6.9819,4.8002],[6.9707,4.788],[6.9501,4.7891],[6.9406,4.794],[6.9492,4.7727],[6.9646,4.7711],[6.9639,4.7543],[6.9763,4.7559],[7.0029,4.7733],[7.0021,4.7436]]]},"properties":{"lga_pcode":"NG033022","lga_name":"Port-Harcourt","state_pcode":"NG033","state_name":"Rivers"}},
{"type":"Feature","geometry":{"type":"Polygon","coordinates":[[[11.2671,11.6627],[11.2678,11.675],[11.2759,11.6926],[11.2874,11.7648],[11.2861,11.7916],[11.2919,11.8115],[11.2894,11.8416],[11.2809,11.8525],[11.2589,11.8695],[11.2528,11.8684],[11.2404,11.8515],[11.2271,11.84],[11.2129,11.8219],[11.2045,11.815],[11.1746,11.8041],[11.1408,11.7971],[11.1209,11.7849],[11.1089,11.7712],[11.0968,11.7478],[11.0888,11.7413],[11.0597,11.7389],[11.0438,11.7331],[11.0312,11.7221],[11.0222,11.6955],[11.021,11.6758],[11.0268,11.6614],[11.0286,11.6255],[11.0523,11.6006],[11.0728,11.5926],[11.095,11.5889],[11.1195,11.5921],[11.1574,11.5902],[11.2071,11.6003],[11.2304,11.6139],[11.2385,11.6419],[11.2465,11.6601],[11.2568,11.6656],[11.2671,11.6627]]]},"properties":{"lga_pcode":"NG036014","lga_name":"Potiskum","state_pcode":"NG036","state_name":"Yobe"}},
{"type":"Feature","geometry":{"type":"Polygon","coordinates":[[[9.2733,8.4639],[9.2745,8.4813],[9.2843,8.5104],[9.299,8.5158],[9.31,8.5249],[9.3192,8.5623],[9.3348,8.5814],[9.3449,8.5877],[9.3478,8.6203],[9.3623,8.6387],[9.3751,8.6606],[9.3834,8.6806],[9.3779,8.7034],[9.3587,8.7271],[9.3495,8.749],[9.3496,8.7836],[9.3618,8.8018],[9.403,8.8268],[9.4005,8.8382],[9.3907,8.8436],[9.358,8.8421],[9.3415,8.8646],[9.3427,8.8801],[9.3397,8.905],[9.3499,8.9325],[9.3554,8.9405],[9.3547,8.954],[9.3482,8.9711],[9.3216,9.0046],[9.3198,9.0432],[9.3229,9.0587],[9.3236,9.0858],[9.3401,9.113],[9.317,9.1179],[9.3056,9.1268],[9.3064,9.1115],[9.2617,9.0908],[9.2373,9.0762],[9.219,9.0561],[9.2023,9.0418],[9.1915,9.0259],[9.1839,9.0236],[9.1731,9.0077],[9.1581,8.9974],[9.149,8.9854],[9.134,8.977],[9.1281,8.9806],[9.1253,8.9978],[9.1279,9.025],[9.1229,9.0499],[9.1164,9.0669],[9.105,9.0711],[9.1011,9.0643],[9.0732,9.0419],[9.0602,9.0206],[9.067,9.0079],[9.0707,8.9878],[9.0671,8.9663],[9.0719,8.9453],[9.046,8.9229],[9.0445,8.9132],[9.0318,8.8952],[9.0235,8.8659],[9.0106,8.8538],[8.9896,8.8509],[8.974,8.8541],[8.9588,8.8495],[8.9498,8.8356],[8.9506,8.8158],[8.9451,8.7996],[8.9327,8.7855],[8.917,8.7837],[8.9072,8.776],[8.9011,8.7639],[8.9044,8.755],[8.896,8.7483],[8.8921,8.7329],[8.9028,8.7193],[8.9107,8.703],[8.9139,8.6862],[8.9348,8.6679],[8.9498,8.6339],[8.9512,8.6213],[8.9583,8.6122],[8.9778,8.6052],[8.9834,8.5966],[8.981,8.5782],[8.9874,8.5645],[8.975,8.5414],[8.9883,8.5229],[9.0195,8.5099],[9.0368,8.5125],[9.0494,8.5197],[9.0592,8.5123],[9.0599,8.4969],[9.0699,8.4877],[9.0801,8.488],[9.1014,8.4736],[9.1032,8.4642],[9.0968,8.4483],[9.1011,8.4389],[9.1215,8.4382],[9.1324,8.4287],[9.1525,8.4527],[9.1749,8.4672],[9.212,8.4573],[9.2639,8.4596],[9.2733,8.4639]]]},"properties":{"lga_pcode":"NG032014","lga_name":"Qua'an Pan","state_pcode":"NG032","state_name":"Plateau"}},
{"type":"Feature","geometry":{"type":"Polygon","coordinates":[[[6.0455,12.7541],[6.0322,12.787],[6.0179,12.8361],[6.008,12.8851],[6.0101,12.9048],[6.0357,12.9221],[6.0401,12.9384],[6.0261,12.9708],[6.0247,12.9929],[6.0203,13.0085],[6.0136,13.0415],[6.028,13.093],[6.0088,13.0907],[5.9722,13.0822],[5.9538,13.0835],[5.9301,13.0909],[5.9027,13.1135],[5.8744,13.1277],[5.8497,13.1487],[5.8244,13.1608],[5.8039,13.1623],[5.7682,13.1602],[5.733,13.1534],[5.722,13.1592],[5.7209,13.1834],[5.725,13.208],[5.7194,13.2431],[5.6684,13.2643],[5.6343,13.2566],[5.6139,13.2474],[5.5972,13.2325],[5.5653,13.2117],[5.5208,13.1788],[5.4559,13.1445],[5.4294,13.1333],[5.4134,13.1299],[5.3898,13.119],[5.3761,13.1192],[5.3514,13.1131],[5.3535,13.0965],[5.3617,13.082],[5.3815,13.0785],[5.4109,13.0828],[5.4437,13.0903],[5.4674,13.089],[5.4776,13.0583],[5.5114,13.0023],[5.5123,12.9895],[5.5071,12.979],[5.4936,12.9678],[5.501,12.9434],[5.5504,12.8644],[5.5625,12.837],[5.5767,12.8129],[5.5924,12.7982],[5.6276,12.784],[5.6408,12.7761],[5.6707,12.7498],[5.6851,12.7313],[5.6894,12.7651],[5.7052,12.802],[5.7409,12.8233],[5.8131,12.8397],[5.8376,12.8341],[5.853,12.8194],[5.8782,12.804],[5.895,12.7872],[5.923,12.7711],[5.951,12.7627],[5.9671,12.7613],[5.9874,12.7543],[6.0042,12.7424],[6.021,12.7368],[6.0357,12.7424],[6.0455,12.7541]]]},"properties":{"lga_pcode":"NG034012","lga_name":"Rabah","state_pcode":"NG034","state_name":"Sokoto"}},
{"type":"Feature","geometry":{"type":"Polygon","coordinates":[[[6.0897,10.4753],[6.054,10.4536],[6.0476,10.4424],[6.0444,10.4183],[6.0379,10.3974],[6.0452,10.3637],[6.0412,10.3396],[6.0452,10.3147],[6.0588,10.2978],[6.042,10.2737],[6.0379,10.2472],[6.0315,10.236],[6.0187,10.2288],[6.0251,10.195],[6.0211,10.1838],[6.0199,10.1492],[6.0324,10.1345],[6.0175,10.1259],[6.0142,10.1115],[6.0303,10.1043],[6.0223,10.0753],[6.0054,10.0753],[5.9992,10.0704],[5.9924,10.0537],[5.9915,10.0328],[5.9965,10.0245],[5.9965,10.0102],[6.0041,10.0019],[5.9915,9.9851],[5.9798,9.9759],[5.9882,9.9567],[5.9806,9.9425],[5.9826,9.9338],[5.9677,9.9075],[5.9499,9.9014],[5.9219,9.8844],[5.9168,9.8647],[5.9156,9.8266],[5.933,9.8201],[5.9916,9.8198],[6.0567,9.8151],[6.148,9.8203],[6.1679,9.8529],[6.1773,9.8718],[6.1952,9.884],[6.2001,9.8982],[6.2064,9.9006],[6.2082,9.9139],[6.2179,9.9179],[6.2379,9.9115],[6.246,9.9155],[6.2596,9.9067],[6.2901,9.9035],[6.3006,9.897],[6.315,9.8986],[6.3262,9.9158],[6.339,9.9232],[6.3613,9.9023],[6.3938,9.8843],[6.4113,9.8771],[6.4344,9.8727],[6.4584,9.8737],[6.4768,9.8794],[6.4922,9.8903],[6.5022,9.9019],[6.5046,9.9179],[6.4982,9.9251],[6.4982,9.9372],[6.5042,9.9605],[6.5102,9.9691],[6.5253,9.9752],[6.5512,9.9796],[6.5511,9.9882],[6.532,10.0018],[6.517,10.0556],[6.5082,10.0761],[6.4916,10.0923],[6.4682,10.1058],[6.437,10.121],[6.4177,10.1479],[6.426,10.1535],[6.4292,10.1766],[6.4265,10.1937],[6.4186,10.2159],[6.4159,10.233],[6.4201,10.2485],[6.4311,10.2621],[6.4528,10.2777],[6.4793,10.2906],[6.4929,10.3059],[6.5098,10.338],[6.5122,10.3468],[6.5419,10.3741],[6.5508,10.391],[6.546,10.4263],[6.5452,10.4504],[6.5476,10.4818],[6.5403,10.5107],[6.5403,10.5452],[6.5323,10.5532],[6.5216,10.5728],[6.5243,10.595],[6.5138,10.6054],[6.4937,10.6143],[6.4504,10.595],[6.4391,10.5926],[6.4182,10.5765],[6.3966,10.5725],[6.3901,10.5548],[6.3701,10.5324],[6.3259,10.5051],[6.3066,10.489],[6.2986,10.4705],[6.2632,10.4569],[6.2544,10.4432],[6.2496,10.4215],[6.2287,10.4175],[6.2169,10.3947],[6.2014,10.387],[6.1685,10.3838],[6.1541,10.41],[6.1492,10.4504],[6.1323,10.4641],[6.105,10.4569],[6.0897,10.4753]]]},"properties":{"lga_pcode":"NG027020","lga_name":"Rafi","state_pcode":"NG027","state_name":"Niger"}},
{"type":"Feature","geometry":{"type":"Polygon","coordinates":[[[8.4181,11.4101],[8.4467,11.3899],[8.4516,11.383],[8.485,11.362],[8.5156,11.3548],[8.5441,11.3394],[8.5851,11.3315],[8.5991,11.3331],[8.6174,11.3457],[8.6014,11.3658],[8.5924,11.3911],[8.6038,11.3985],[8.6041,11.423],[8.5962,11.4484],[8.5928,11.4786],[8.6019,11.5131],[8.6191,11.5397],[8.6206,11.5566],[8.6138,11.5657],[8.6185,11.5756],[8.6347,11.5911],[8.6457,11.6113],[8.6355,11.634],[8.6085,11.6312],[8.5981,11.626],[8.5921,11.6053],[8.5839,11.5891],[8.5638,11.5755],[8.5607,11.5976],[8.549,11.5983],[8.5306,11.5907],[8.5136,11.5774],[8.4871,11.5683],[8.4721,11.573],[8.4522,11.566],[8.4357,11.5725],[8.4206,11.5708],[8.4226,11.5476],[8.4297,11.5094],[8.4249,11.4812],[8.4116,11.461],[8.4122,11.4435],[8.4187,11.4239],[8.4181,11.4101]]]},"properties":{"lga_pcode":"NG020032","lga_name":"Rano","state_pcode":"NG020","state_name":"Kano"}},
{"type":"Feature","geometry":{"type":"Polygon","coordinates":[[[3.8428,7.0829],[3.7838,7.0801],[3.74,7.0816],[3.7276,7.0836],[3.7077,7.0629],[3.6793,7.052],[3.662,7.0347],[3.6496,7.0127],[3.6496,7.0009],[3.6638,6.9846],[3.6701,6.9682],[3.6835,6.9593],[3.7015,6.9373],[3.7232,6.9207],[3.7413,6.9099],[3.7538,6.9081],[3.7579,6.9305],[3.7683,6.9421],[3.7698,6.96],[3.7878,7.0167],[3.7931,7.0477],[3.8196,7.0732],[3.8428,7.0829]]]},"properties":{"lga_pcode":"NG028019","lga_name":"Remo North","state_pcode":"NG028","state_name":"Ogun"}},
{"type":"Feature","geometry":{"type":"Polygon","coordinates":[[[4.7615,11.3149],[4.7401,11.2976],[4.7471,11.2745],[4.7438,11.2541],[4.7034,11.2285],[4.6992,11.2223],[4.702,11.1922],[4.7104,11.1804],[4.7216,11.1763],[4.7461,11.1476],[4.7794,11.1314],[4.7886,11.1189],[4.8026,11.114],[4.8178,11.1195],[4.8397,11.1139],[4.8607,11.1034],[4.8766,11.0917],[4.8982,11.0875],[4.9087,11.0819],[4.9345,11.084],[4.9799,11.0805],[4.9918,11.0701],[4.996,11.054],[5.0274,11.0505],[5.0406,11.0519],[5.063,11.0124],[5.068,10.9898],[5.0814,10.9505],[5.0822,10.9271],[5.0755,10.9154],[5.0546,10.9045],[5.0345,10.8995],[5.0253,10.8903],[5.0287,10.8593],[5.0387,10.8359],[5.0471,10.825],[5.0839,10.8175],[5.0998,10.8083],[5.109,10.7957],[5.1009,10.7598],[5.1081,10.7573],[5.1123,10.7405],[5.1374,10.7422],[5.15,10.7497],[5.1742,10.7422],[5.1792,10.7338],[5.1977,10.7255],[5.2069,10.7138],[5.2236,10.7188],[5.2345,10.7138],[5.2453,10.7196],[5.2504,10.7297],[5.2654,10.733],[5.2654,10.7589],[5.2838,10.7531],[5.2867,10.7407],[5.2964,10.7386],[5.3274,10.7533],[5.3332,10.7629],[5.3494,10.7663],[5.3548,10.783],[5.3556,10.8006],[5.3637,10.8014],[5.3661,10.8151],[5.3604,10.8376],[5.3556,10.8769],[5.3692,10.9118],[5.3899,10.9206],[5.401,10.9352],[5.4182,10.9465],[5.4345,10.9681],[5.4405,10.9854],[5.44,10.9982],[5.43,11.0168],[5.4288,11.041],[5.404,11.0438],[5.3843,11.0596],[5.3872,11.0848],[5.3871,11.1103],[5.4171,11.1389],[5.417,11.1563],[5.4124,11.1695],[5.3741,11.1918],[5.358,11.2271],[5.3588,11.2448],[5.3532,11.2584],[5.3508,11.2962],[5.3369,11.3355],[5.3173,11.3421],[5.2934,11.3386],[5.279,11.3258],[5.2439,11.316],[5.2392,11.3033],[5.2412,11.2607],[5.1998,11.2364],[5.1711,11.217],[5.1588,11.2062],[5.1395,11.2084],[5.1338,11.2217],[5.1136,11.2304],[5.116,11.2374],[5.1304,11.2368],[5.1529,11.2254],[5.1768,11.2453],[5.1951,11.254],[5.2091,11.2649],[5.2159,11.2836],[5.2167,11.2994],[5.2095,11.3227],[5.203,11.3307],[5.1846,11.3396],[5.1543,11.3466],[5.1179,11.3556],[5.105,11.3524],[5.1002,11.3388],[5.1058,11.3147],[5.1058,11.301],[5.1002,11.2793],[5.0801,11.2552],[5.0713,11.2376],[5.0713,11.2271],[5.0625,11.2086],[5.0488,11.2111],[5.0488,11.2279],[5.0625,11.2448],[5.0649,11.2544],[5.0585,11.2705],[5.0456,11.2729],[5.0327,11.2609],[5.0167,11.2512],[5.0054,11.2576],[5.0111,11.2705],[5.0087,11.2793],[4.991,11.2866],[4.9813,11.3195],[4.9725,11.3396],[4.9709,11.3532],[4.9589,11.3693],[4.934,11.354],[4.9179,11.3709],[4.8906,11.3709],[4.8713,11.3532],[4.8376,11.3372],[4.8263,11.3355],[4.8054,11.3211],[4.7661,11.306],[4.7615,11.3149]]]},"properties":{"lga_pcode":"NG027021","lga_name":"Rijau","state_pcode":"NG027","state_name":"Niger"}},
{"type":"Feature","geometry":{"type":"Polygon","coordinates":[[[7.5707,12.733],[7.5989,12.7254],[7.6311,12.7226],[7.6423,12.7269],[7.6841,12.7228],[7.7054,12.7186],[7.741,12.7168],[7.7566,12.7034],[7.7691,12.7003],[7.7941,12.7009],[7.7919,12.7219],[7.7812,12.7385],[7.7793,12.752],[7.7892,12.7569],[7.7829,12.7851],[7.7876,12.8073],[7.7878,12.8195],[7.7711,12.8489],[7.7704,12.871],[7.7729,12.8901],[7.797,12.9559],[7.7913,12.9816],[7.7981,13.016],[7.808,13.0308],[7.8255,13.048],[7.8346,13.0804],[7.8172,13.0793],[7.7961,13.0498],[7.7818,13.0338],[7.7724,13.0307],[7.7505,13.0423],[7.7454,13.0514],[7.7248,13.0482],[7.7281,13.034],[7.7117,13.0155],[7.7175,13.001],[7.74,13.0023],[7.7504,12.9988],[7.7576,12.9834],[7.7557,12.9729],[7.7395,12.9538],[7.6946,12.9488],[7.6871,12.9395],[7.6728,12.9106],[7.6554,12.8884],[7.6547,12.865],[7.6565,12.8308],[7.6366,12.8059],[7.6149,12.7929],[7.5854,12.762],[7.5741,12.7448],[7.5707,12.733]]]},"properties":{"lga_pcode":"NG021030","lga_name":"Rimi","state_pcode":"NG021","state_name":"Katsina"}},
{"type":"Feature","geometry":{"type":"Polygon","coordinates":[[[8.1314,11.9969],[8.1617,11.9761],[8.1666,11.9693],[8.1906,11.9563],[8.2088,11.9316],[8.2269,11.9166],[8.2331,11.9159],[8.2539,11.9365],[8.2609,11.9324],[8.2623,11.9174],[8.2777,11.8934],[8.2763,11.877],[8.2603,11.8715],[8.2645,11.855],[8.2861,11.8277],[8.3211,11.8361],[8.3256,11.8376],[8.3636,11.8673],[8.3759,11.8829],[8.3975,11.8988],[8.408,11.9099],[8.4102,11.9295],[8.3863,11.9267],[8.3764,11.9318],[8.3681,11.945],[8.3475,11.9513],[8.3259,11.9616],[8.3117,11.9622],[8.2997,11.9578],[8.2848,11.9621],[8.2794,11.983],[8.2907,11.9865],[8.2903,12.0076],[8.2839,12.02],[8.2569,12.0189],[8.2494,12.0258],[8.2366,12.011],[8.2121,12.0159],[8.2002,12.0152],[8.1836,11.9994],[8.1419,12.002],[8.1314,11.9969]]]},"properties":{"lga_pcode":"NG020033","lga_name":"Rimin Gado","state_pcode":"NG020","state_name":"Kano"}},
{"type":"Feature","geometry":{"type":"Polygon","coordinates":[[[9.2512,12.0013],[9.2737,12.0275],[9.279,12.0394],[9.3073,12.0618],[9.3186,12.0555],[9.317,12.0682],[9.3268,12.1311],[9.3368,12.1538],[9.3378,12.1676],[9.2912,12.2013],[9.2528,12.2085],[9.2424,12.2192],[9.1959,12.2356],[9.1839,12.2348],[9.1593,12.245],[9.1493,12.2739],[9.134,12.2913],[9.1289,12.3391],[9.1102,12.3286],[9.0827,12.3286],[9.0536,12.3326],[9.0164,12.3286],[9.0034,12.3247],[8.9622,12.3215],[8.9369,12.3251],[8.9077,12.3167],[8.9054,12.3063],[8.8905,12.2819],[8.8897,12.2728],[8.9106,12.249],[8.9136,12.2375],[8.9274,12.2202],[8.9546,12.1963],[8.9618,12.1838],[8.968,12.1516],[8.9516,12.1445],[8.9414,12.1144],[8.9487,12.088],[8.9454,12.073],[8.9571,12.0755],[8.9686,12.0871],[8.9815,12.0896],[8.9921,12.0794],[9.0109,12.075],[9.0438,12.0795],[9.0588,12.0847],[9.0682,12.0814],[9.0887,12.031],[9.0969,12.0231],[9.1204,12.0153],[9.1357,12.0166],[9.146,12.03],[9.148,12.0651],[9.1652,12.1033],[9.1966,12.1198],[9.213,12.1189],[9.2224,12.0848],[9.223,12.0626],[9.2163,12.0268],[9.226,12.0027],[9.2512,12.0013]]]},"properties":{"lga_pcode":"NG018023","lga_name":"Ringim","state_pcode":"NG018","state_name":"Jigawa"}},
{"type":"Feature","geometry":{"type":"Polygon","coordinates":[[[8.8718,9.6468],[8.8469,9.6297],[8.8303,9.6314],[8.8097,9.6453],[8.7951,9.6396],[8.7847,9.614],[8.7706,9.6148],[8.7709,9.6448],[8.7594,9.6434],[8.7078,9.653],[8.6977,9.6623],[8.6986,9.6835],[8.7109,9.7111],[8.6984,9.7337],[8.6532,9.7359],[8.6286,9.734],[8.6155,9.7424],[8.5996,9.7379],[8.5928,9.7213],[8.5978,9.6984],[8.5966,9.6829],[8.5877,9.667],[8.5625,9.6698],[8.5551,9.6636],[8.5537,9.652],[8.5666,9.6217],[8.5659,9.5966],[8.555,9.5806],[8.5556,9.5473],[8.5703,9.4986],[8.5862,9.4816],[8.6022,9.4765],[8.6177,9.4348],[8.6318,9.4199],[8.6484,9.3956],[8.6695,9.3965],[8.6873,9.3877],[8.6956,9.3741],[8.7159,9.3947],[8.7303,9.4166],[8.7334,9.4322],[8.7521,9.4446],[8.7588,9.4539],[8.7966,9.467],[8.8082,9.481],[8.8102,9.5205],[8.8177,9.5247],[8.8622,9.5634],[8.8765,9.5872],[8.8766,9.6258],[8.8718,9.6468]]]},"properties":{"lga_pcode":"NG032015","lga_name":"Riyom","state_pcode":"NG032","state_name":"Plateau"}},
{"type":"Feature","geometry":{"type":"Polygon","coordinates":[[[7.7651,11.3749],[7.7775,11.3718],[7.7841,11.3775],[7.8339,11.3774],[7.8523,11.3787],[7.8696,11.3844],[7.8824,11.4005],[7.8927,11.4045],[7.9372,11.4417],[7.9458,11.4589],[7.9694,11.4588],[7.9836,11.468],[8.0336,11.4849],[8.0373,11.4847],[8.0341,11.4906],[8.0403,11.5153],[8.0388,11.5223],[8.0176,11.5309],[8.0018,11.5478],[7.9855,11.5811],[7.9697,11.6004],[7.9725,11.6192],[7.9682,11.6435],[7.9416,11.638],[7.9299,11.6387],[7.9092,11.6539],[7.9004,11.6483],[7.884,11.6501],[7.8414,11.6347],[7.7975,11.6251],[7.771,11.6149],[7.7459,11.6001],[7.7289,11.5867],[7.7249,11.5691],[7.6992,11.5368],[7.6894,11.5167],[7.6859,11.4839],[7.6991,11.4389],[7.7086,11.4261],[7.7371,11.3865],[7.7514,11.3777],[7.7651,11.3749]]]},"properties":{"lga_pcode":"NG020034","lga_name":"Rogo","state_pcode":"NG020","state_name":"Kano"}},
{"type":"Feature","geometry":{"type":"Polygon","coordinates":[[[8.15,12.7013],[8.1424,12.6701],[8.1464,12.6632],[8.1616,12.6624],[8.1933,12.6523],[8.2062,12.6385],[8.245,12.648],[8.252,12.6365],[8.2673,12.6355],[8.2861,12.6402],[8.292,12.6207],[8.29,12.6],[8.3053,12.588],[8.3112,12.5789],[8.3119,12.5167],[8.3167,12.5041],[8.3274,12.4927],[8.3556,12.4758],[8.3747,12.4426],[8.3831,12.4437],[8.3919,12.4808],[8.4035,12.4902],[8.4224,12.5137],[8.4311,12.5366],[8.446,12.5655],[8.4635,12.5843],[8.4401,12.6024],[8.4314,12.6047],[8.4191,12.5984],[8.3994,12.5947],[8.3629,12.6144],[8.3596,12.6311],[8.3693,12.6627],[8.3623,12.6679],[8.3381,12.6575],[8.3295,12.6458],[8.3199,12.6508],[8.2993,12.6485],[8.2906,12.6512],[8.2845,12.6695],[8.2669,12.6774],[8.2456,12.6921],[8.2339,12.6937],[8.2207,12.6807],[8.2092,12.6851],[8.1929,12.7007],[8.15,12.7013]]]},"properties":{"lga_pcode":"NG018024","lga_name":"Roni","state_pcode":"NG018","state_name":"Jigawa"}},
{"type":"Feature","geometry":{"type":"Polygon","coordinates":[[[7.6443,11.1256],[7.7075,11.1059],[7.742,11.0885],[7.7518,11.1061],[7.7533,11.1297],[7.7621,11.1323],[7.7715,11.1236],[7.7767,11.1336],[7.8087,11.1583],[7.7907,11.1685],[7.7774,11.1816],[7.7686,11.2022],[7.7511,11.2145],[7.708,11.2205],[7.6822,11.2082],[7.6683,11.2143],[7.6547,11.2265],[7.6253,11.2668],[7.6073,11.2582],[7.5793,11.2177],[7.5716,11.176],[7.5724,11.1601],[7.5797,11.1503],[7.619,11.1418],[7.6434,11.134],[7.6443,11.1256]]]},"properties":{"lga_pcode":"NG019019","lga_name":"Sabon-Gari","state_pcode":"NG019","state_name":"Kaduna"}},
{"type":"Feature","geometry":{"type":"Polygon","coordinates":[[[5.9151,13.5731],[5.9234,13.5362],[5.9354,13.5152],[5.9623,13.4847],[5.9873,13.4418],[6.004,13.4036],[6.0059,13.3976],[6.0455,13.3656],[6.065,13.3452],[6.0817,13.3415],[6.1234,13.3262],[6.1563,13.3197],[6.1823,13.3241],[6.1974,13.3146],[6.2299,13.309],[6.2631,13.3114],[6.2813,13.3106],[6.3075,13.3146],[6.3249,13.309],[6.3431,13.2963],[6.3629,13.2892],[6.4061,13.2927],[6.4306,13.2974],[6.4788,13.294],[6.5606,13.308],[6.5949,13.3323],[6.6437,13.3469],[6.6669,13.3627],[6.6133,13.4172],[6.5843,13.4531],[6.4848,13.5563],[6.4416,13.5967],[6.3367,13.6592],[6.295,13.6771],[6.2664,13.6797],[6.2192,13.6737],[6.1664,13.6537],[6.1467,13.6433],[6.1253,13.6536],[6.0888,13.6766],[6.0437,13.6972],[6.0038,13.6734],[5.9843,13.6493],[5.9815,13.6367],[5.9658,13.6191],[5.9347,13.5987],[5.9194,13.5848],[5.9151,13.5731]]]},"properties":{"lga_pcode":"NG034013","lga_name":"Sabon Birni","state_pcode":"NG034","state_name":"Sokoto"}},
{"type":"Feature","geometry":{"type":"Polygon","coordinates":[[[7.2176,11.1705],[7.2355,11.186],[7.2296,11.209],[7.2131,11.2307],[7.2004,11.2526],[7.1974,11.2695],[7.2069,11.288],[7.1973,11.318],[7.1879,11.3272],[7.1619,11.3422],[7.1417,11.3814],[7.1122,11.4044],[7.0992,11.4182],[7.0933,11.4298],[7.0778,11.4472],[7.081,11.4569],[7.0973,11.461],[7.1046,11.4844],[7.106,11.5126],[7.1019,11.5315],[7.0765,11.5326],[7.0553,11.5293],[7.039,11.5212],[7.004,11.4712],[6.9814,11.4607],[6.9591,11.4387],[6.9545,11.4283],[6.9381,11.4109],[6.9298,11.4098],[6.9017,11.3901],[6.8937,11.3799],[6.9193,11.3831],[6.9404,11.3729],[6.9616,11.358],[6.9757,11.357],[7.0062,11.3618],[7.0132,11.3572],[7.0239,11.3366],[7.0216,11.3147],[7.0087,11.2938],[6.9783,11.2637],[6.9689,11.2498],[6.9736,11.2417],[7.0041,11.2466],[7.0359,11.2272],[7.0441,11.2296],[7.0734,11.2148],[7.0958,11.1965],[7.0958,11.1919],[7.1276,11.1622],[7.1464,11.1416],[7.1581,11.1382],[7.1863,11.1499],[7.1921,11.1569],[7.2062,11.1616],[7.2176,11.1705]]]},"properties":{"lga_pcode":"NG021031","lga_name":"Sabuwa","state_pcode":"NG021","state_name":"Katsina"}},
{"type":"Feature","geometry":{"type":"Polygon","coordinates":[[[7.0472,12.6377],[7.046,12.6196],[7.0512,12.5894],[7.05,12.5732],[7.0537,12.5163],[7.0594,12.4886],[7.0683,12.4113],[7.0927,12.3601],[7.0992,12.3332],[7.1043,12.2973],[7.1303,12.3075],[7.1632,12.3237],[7.1845,12.3483],[7.2046,12.3445],[7.2558,12.3475],[7.2708,12.3424],[7.2871,12.3192],[7.3177,12.3286],[7.3405,12.3217],[7.3656,12.3223],[7.3923,12.3306],[7.4067,12.3455],[7.4214,12.4107],[7.4185,12.4463],[7.4045,12.4666],[7.3988,12.4906],[7.3999,12.5163],[7.3991,12.5531],[7.3731,12.5667],[7.373,12.5793],[7.389,12.6002],[7.3741,12.6316],[7.3804,12.6482],[7.3937,12.6715],[7.3851,12.6672],[7.3306,12.6796],[7.3036,12.6769],[7.2905,12.682],[7.2765,12.6999],[7.2626,12.7058],[7.2434,12.6998],[7.2304,12.692],[7.1982,12.6833],[7.1852,12.6824],[7.1765,12.6712],[7.1637,12.663],[7.1357,12.6574],[7.1251,12.6596],[7.1099,12.6504],[7.0852,12.6422],[7.077,12.6434],[7.0544,12.6344],[7.0472,12.6377]]]},"properties":{"lga_pcode":"NG021032","lga_name":"Safana","state_pcode":"NG021","state_name":"Katsina"}},
{"type":"Feature","geometry":{"type":"Polygon","coordinates":[[[5.9749,5.1375],[5.9665,5.11],[5.9599,5.1008],[5.9629,5.091],[5.9788,5.0615],[5.9923,5.0482],[5.9932,4.9957],[5.9898,4.9656],[5.9802,4.9383],[5.9825,4.9141],[5.9926,4.893],[6.0026,4.8891],[6.0033,4.8766],[5.9893,4.8373],[5.9893,4.8141],[6.0094,4.8133],[6.0613,4.8175],[6.0728,4.8224],[6.0755,4.8418],[6.0722,4.8879],[6.0773,4.9162],[6.0855,4.9383],[6.0906,4.9661],[6.0899,4.9773],[6.0799,5.0039],[6.0549,5.0392],[6.0546,5.049],[6.075,5.0602],[6.1135,5.0053],[6.1161,4.9978],[6.1315,4.9937],[6.1421,4.9983],[6.1558,5.0202],[6.1651,5.0501],[6.1867,5.0829],[6.2031,5.1026],[6.2192,5.1302],[6.2544,5.1709],[6.265,5.1786],[6.3012,5.1873],[6.3389,5.1862],[6.3793,5.1887],[6.3885,5.1936],[6.4009,5.1948],[6.4393,5.2137],[6.487,5.2407],[6.5197,5.2764],[6.5309,5.2845],[6.5632,5.3202],[6.5671,5.3336],[6.5696,5.3721],[6.562,5.3792],[6.54,5.3806],[6.4855,5.3792],[6.4959,5.3697],[6.5026,5.3389],[6.4902,5.324],[6.4731,5.3219],[6.4502,5.3276],[6.4345,5.3233],[6.426,5.3112],[6.4089,5.3048],[6.3804,5.309],[6.3476,5.3205],[6.3388,5.3199],[6.3254,5.3065],[6.3064,5.303],[6.2877,5.2837],[6.2838,5.2665],[6.293,5.2388],[6.279,5.2289],[6.2594,5.2279],[6.2335,5.2382],[6.2133,5.2387],[6.2021,5.2318],[6.1942,5.2167],[6.2023,5.1793],[6.2007,5.1695],[6.1909,5.1586],[6.1659,5.1611],[6.1547,5.1517],[6.1437,5.1348],[6.1297,5.1293],[6.0979,5.1499],[6.0858,5.1508],[6.0696,5.1413],[6.0634,5.1232],[6.0623,5.103],[6.055,5.0972],[6.0272,5.0957],[6.0045,5.1037],[5.9809,5.1306],[5.9749,5.1375]]]},"properties":{"lga_pcode":"NG006006","lga_name":"Sagbama","state_pcode":"NG006","state_name":"Bayelsa"}},
{"type":"Feature","geometry":{"type":"Polygon","coordinates":[[[5.8333,11.0562],[5.8198,11.0777],[5.8067,11.114],[5.8048,11.1409],[5.795,11.1693],[5.7756,11.1881],[5.745,11.1989],[5.6904,11.2237],[5.6548,11.222],[5.6175,11.231],[5.5932,11.2468],[5.5689,11.2574],[5.541,11.2556],[5.501,11.2457],[5.4914,11.2488],[5.4912,11.2662],[5.4959,11.2757],[5.4958,11.2931],[5.4888,11.3043],[5.4764,11.31],[5.4498,11.3381],[5.4205,11.3828],[5.398,11.4027],[5.3835,11.3953],[5.3713,11.4032],[5.3515,11.3953],[5.3429,11.379],[5.3299,11.3629],[5.3364,11.3476],[5.3369,11.3355],[5.3508,11.2962],[5.3532,11.2584],[5.3588,11.2448],[5.358,11.2271],[5.3741,11.1918],[5.4124,11.1695],[5.417,11.1563],[5.4171,11.1389],[5.3871,11.1103],[5.3872,11.0848],[5.3843,11.0596],[5.404,11.0438],[5.4288,11.041],[5.43,11.0168],[5.44,10.9982],[5.4405,10.9854],[5.4528,10.9564],[5.4584,10.9532],[5.5147,10.9621],[5.5339,10.9613],[5.5749,10.9653],[5.6094,10.9653],[5.6367,10.9621],[5.6568,10.9669],[5.6641,10.9733],[5.6801,10.9757],[5.7042,10.9902],[5.742,11.0038],[5.7653,11.0287],[5.7958,11.044],[5.8054,11.0448],[5.8333,11.0562]]]},"properties":{"lga_pcode":"NG022016","lga_name":"Sakaba","state_pcode":"NG022","state_name":"Kebbi"}},
{"type":"Feature","geometry":{"type":"Polygon","coordinates":[[[3.8228,8.5966],[3.8208,8.648],[3.811,8.6638],[3.7785,8.6913],[3.748,8.7061],[3.7057,8.7327],[3.6851,8.7543],[3.6772,8.7809],[3.6752,8.8074],[3.6801,8.8379],[3.6733,8.8458],[3.6654,8.8694],[3.6428,8.8999],[3.6038,8.9601],[3.5248,8.9285],[3.4213,8.8634],[3.4298,8.8385],[3.4301,8.8162],[3.446,8.7898],[3.483,8.7624],[3.5059,8.7348],[3.526,8.7071],[3.539,8.685],[3.5391,8.6738],[3.5295,8.6569],[3.4931,8.6521],[3.4572,8.6251],[3.4541,8.6104],[3.4424,8.6001],[3.4539,8.5741],[3.4873,8.5596],[3.5006,8.5564],[3.524,8.5391],[3.5659,8.5266],[3.5845,8.5173],[3.6391,8.5068],[3.6846,8.5044],[3.7172,8.5],[3.7668,8.4859],[3.7712,8.4613],[3.7813,8.4553],[3.8015,8.4536],[3.8138,8.4582],[3.8184,8.4874],[3.8122,8.5043],[3.8076,8.5397],[3.8122,8.5658],[3.8228,8.5966]]]},"properties":{"lga_pcode":"NG031031","lga_name":"Saki East","state_pcode":"NG031","state_name":"Oyo"}},
{"type":"Feature","geometry":{"type":"Polygon","coordinates":[[[3.4424,8.6001],[3.4541,8.6104],[3.4572,8.6251],[3.4931,8.6521],[3.5295,8.6569],[3.5391,8.6738],[3.539,8.685],[3.526,8.7071],[3.5059,8.7348],[3.483,8.7624],[3.446,8.7898],[3.4301,8.8162],[3.4298,8.8385],[3.4213,8.8634],[3.388,8.8425],[3.3388,8.8256],[3.2819,8.804],[3.2374,8.7825],[3.1974,8.7963],[3.1836,8.8117],[3.1636,8.8086],[3.1036,8.7502],[3.0514,8.7287],[3.0145,8.7103],[2.9422,8.638],[2.9207,8.6119],[2.8884,8.6088],[2.8024,8.6104],[2.7762,8.5904],[2.7612,8.5701],[2.7581,8.5612],[2.7501,8.5335],[2.7619,8.5222],[2.7617,8.5052],[2.75,8.4898],[2.7566,8.4823],[2.7475,8.4657],[2.7717,8.4617],[2.8031,8.4593],[2.8209,8.4557],[2.8551,8.4537],[2.9208,8.452],[2.9772,8.4432],[2.9982,8.4432],[3.032,8.4364],[3.1052,8.5566],[3.1974,8.593],[3.2664,8.5857],[3.3159,8.5655],[3.3305,8.5645],[3.3659,8.5814],[3.3967,8.5902],[3.4424,8.6001]]]},"properties":{"lga_pcode":"NG031032","lga_name":"Saki West","state_pcode":"NG031","state_name":"Oyo"}},
{"type":"Feature","geometry":{"type":"Polygon","coordinates":[[[8.2367,12.8721],[8.2421,12.8533],[8.2386,12.8381],[8.2593,12.8385],[8.2803,12.8433],[8.2938,12.8396],[8.3232,12.8404],[8.3302,12.8445],[8.3502,12.8342],[8.3772,12.8252],[8.3995,12.8268],[8.4337,12.8161],[8.455,12.8261],[8.4886,12.8363],[8.4956,12.8345],[8.4889,12.8445],[8.4577,12.8432],[8.4495,12.8598],[8.4508,12.8727],[8.4488,12.9132],[8.4569,12.9402],[8.4369,12.9678],[8.4287,12.9924],[8.4181,13.004],[8.4199,13.0175],[8.4058,13.023],[8.3968,13.0236],[8.3718,13.0119],[8.3687,12.999],[8.3556,13.0026],[8.3236,12.9753],[8.3167,12.9511],[8.3191,12.9314],[8.3063,12.9072],[8.2781,12.8944],[8.27,12.8852],[8.2559,12.8817],[8.2367,12.8721]]]},"properties":{"lga_pcode":"NG021033","lga_name":"Sandamu","state_pcode":"NG021","state_name":"Katsina"}},
{"type":"Feature","geometry":{"type":"Polygon","coordinates":[[[8.5043,9.0014],[8.5333,9.0044],[8.5476,9.0142],[8.5595,9.029],[8.5668,9.0608],[8.5945,9.0915],[8.6112,9.1059],[8.6242,9.1496],[8.6264,9.1919],[8.6511,9.2064],[8.6571,9.2265],[8.6422,9.237],[8.6359,9.2483],[8.6431,9.2602],[8.6581,9.2686],[8.6716,9.2692],[8.6844,9.2833],[8.6875,9.2989],[8.6981,9.3206],[8.6942,9.3223],[8.6907,9.355],[8.6956,9.3741],[8.6873,9.3877],[8.6695,9.3965],[8.6484,9.3956],[8.6318,9.4199],[8.6177,9.4348],[8.6022,9.4765],[8.5862,9.4816],[8.5703,9.4986],[8.5405,9.494],[8.5139,9.4858],[8.5039,9.4694],[8.4965,9.4475],[8.469,9.4247],[8.4719,9.3719],[8.4646,9.3545],[8.4233,9.329],[8.393,9.338],[8.3884,9.3326],[8.3958,9.3062],[8.4059,9.2916],[8.3949,9.2734],[8.3867,9.2733],[8.3417,9.2869],[8.327,9.2896],[8.3114,9.2759],[8.2982,9.2599],[8.2654,9.265],[8.2512,9.259],[8.2011,9.2316],[8.1529,9.2118],[8.141,9.2041],[8.1264,9.184],[8.1177,9.1771],[8.1075,9.1786],[8.0986,9.1628],[8.1008,9.0809],[8.1026,9.0633],[8.1079,9.0527],[8.1281,9.0492],[8.1431,9.0545],[8.1654,9.0712],[8.2154,9.1197],[8.2383,9.1399],[8.2435,9.1558],[8.2515,9.1637],[8.2559,9.1787],[8.251,9.191],[8.2618,9.1987],[8.2809,9.2055],[8.2944,9.2046],[8.3395,9.189],[8.3807,9.1818],[8.3958,9.1622],[8.4182,9.1417],[8.4308,9.1258],[8.4466,9.1126],[8.4739,9.073],[8.4766,9.0554],[8.4907,9.0377],[8.4986,9.0113],[8.5043,9.0014]]]},"properties":{"lga_pcode":"NG019020","lga_name":"Sanga","state_pcode":"NG019","state_name":"Kaduna"}},
{"type":"Feature","geometry":{"type":"Polygon","coordinates":[[[5.5639,5.9582],[5.5416,5.9372],[5.5171,5.9363],[5.5151,5.9266],[5.5233,5.9204],[5.5384,5.8998],[5.5567,5.8958],[5.5657,5.8778],[5.5562,5.8701],[5.5657,5.8625],[5.5644,5.8535],[5.5522,5.8513],[5.5466,5.8373],[5.5583,5.829],[5.5699,5.7994],[5.578,5.7859],[5.5961,5.7772],[5.6144,5.7811],[5.6171,5.7714],[5.6098,5.7464],[5.6242,5.7145],[5.6454,5.7197],[5.6711,5.7178],[5.7041,5.7267],[5.7184,5.7365],[5.7326,5.7569],[5.7749,5.8248],[5.7684,5.8346],[5.7787,5.8421],[5.7744,5.8546],[5.766,5.86],[5.7539,5.8582],[5.7424,5.8697],[5.7249,5.8654],[5.7187,5.8701],[5.7273,5.9041],[5.7111,5.897],[5.6811,5.9065],[5.6477,5.9429],[5.6327,5.9476],[5.6222,5.941],[5.6204,5.9295],[5.6125,5.9174],[5.6015,5.9169],[5.5831,5.9286],[5.5639,5.9582]]]},"properties":{"lga_pcode":"NG010017","lga_name":"Sapele","state_pcode":"NG010","state_name":"Delta"}},
{"type":"Feature","geometry":{"type":"Polygon","coordinates":[[[10.978,7.3099],[10.995,7.2778],[10.9984,7.2053],[10.9941,7.1895],[10.9968,7.1671],[10.9888,7.1201],[10.9717,7.0847],[10.9409,7.0487],[10.9297,7.0309],[10.9084,7.0109],[10.8736,6.9868],[10.8348,6.9401],[10.8418,6.9311],[10.817,6.8631],[10.824,6.83],[10.8392,6.811],[10.8505,6.8062],[10.8597,6.8099],[10.8826,6.7906],[10.8899,6.7705],[10.8981,6.7604],[10.9137,6.7659],[10.9172,6.7461],[10.9146,6.7357],[10.9183,6.7082],[10.9485,6.6853],[10.9522,6.6927],[10.9888,6.6844],[11.0016,6.6853],[11.0318,6.7137],[11.0767,6.7128],[11.106,6.6808],[11.1005,6.6423],[11.0996,6.6075],[11.1005,6.57],[11.0987,6.5489],[11.102,6.5402],[11.1307,6.5388],[11.1426,6.5471],[11.149,6.5599],[11.1631,6.563],[11.193,6.5398],[11.2342,6.5331],[11.2402,6.5245],[11.2622,6.5262],[11.273,6.5373],[11.2841,6.5371],[11.3047,6.5251],[11.3248,6.5086],[11.3532,6.5022],[11.3564,6.5242],[11.4008,6.5297],[11.4246,6.5306],[11.4329,6.5617],[11.432,6.5764],[11.4265,6.5892],[11.4338,6.599],[11.4512,6.6011],[11.4631,6.6093],[11.4722,6.6011],[11.4909,6.597],[11.5098,6.6093],[11.5217,6.6093],[11.5235,6.6267],[11.5308,6.6423],[11.5427,6.657],[11.5546,6.6643],[11.5565,6.6808],[11.5528,6.6963],[11.5574,6.7152],[11.5643,6.7244],[11.5877,6.7341],[11.5904,6.7421],[11.5858,6.7595],[11.5757,6.7723],[11.583,6.7925],[11.5994,6.8012],[11.5986,6.8126],[11.583,6.8172],[11.585,6.8331],[11.5742,6.8527],[11.559,6.8518],[11.5594,6.8666],[11.5678,6.8763],[11.5715,6.8904],[11.5799,6.9038],[11.59,6.9095],[11.6143,6.9143],[11.6197,6.9236],[11.6254,6.9539],[11.626,6.9721],[11.6381,6.9864],[11.6607,6.99],[11.6189,7.0134],[11.5949,7.0504],[11.5841,7.0621],[11.5491,7.0761],[11.5336,7.0788],[11.5062,7.0793],[11.4758,7.071],[11.3926,7.0552],[11.3742,7.0457],[11.3354,7.0336],[11.3026,7.039],[11.2724,7.0619],[11.2525,7.0852],[11.2347,7.0982],[11.2109,7.13],[11.1969,7.1363],[11.1719,7.1594],[11.1559,7.1708],[11.1342,7.1958],[11.1301,7.2094],[11.1366,7.2513],[11.1363,7.2945],[11.1222,7.3371],[11.1026,7.3535],[11.0835,7.3596],[11.0698,7.359],[11.0335,7.3314],[11.0237,7.3206],[10.9986,7.3091],[10.978,7.3099]]]},"properties":{"lga_pcode":"NG035011","lga_name":"Sardauna","state_pcode":"NG035","state_name":"Taraba"}},
{"type":"Feature","geometry":{"type":"Polygon","coordinates":[[[3.4422,6.6701],[3.4646,6.669],[3.468,6.6793],[3.4591,6.6873],[3.5331,6.6897],[3.5964,6.6823],[3.7,6.6824],[3.7002,6.7071],[3.7044,6.7244],[3.7036,6.7614],[3.7008,6.7736],[3.7169,6.7996],[3.6959,6.8265],[3.6886,6.8426],[3.6869,6.8592],[3.6772,6.8798],[3.6581,6.8962],[3.6353,6.9042],[3.6113,6.9274],[3.6044,6.9403],[3.5898,6.9278],[3.5883,6.9015],[3.5696,6.9034],[3.5487,6.8856],[3.5403,6.8719],[3.5217,6.865],[3.5106,6.8524],[3.4931,6.8513],[3.4855,6.8444],[3.4843,6.8311],[3.4718,6.8189],[3.4657,6.7968],[3.4531,6.7771],[3.4455,6.7432],[3.4445,6.7257],[3.4383,6.6898],[3.4422,6.6701]]]},"properties":{"lga_pcode":"NG028020","lga_name":"Shagamu","state_pcode":"NG028","state_name":"Ogun"}},
{"type":"Feature","geometry":{"type":"Polygon","coordinates":[[[5.0924,12.7873],[5.0859,12.7636],[5.0911,12.7359],[5.0835,12.7215],[5.0807,12.7061],[5.0829,12.6861],[5.0693,12.6766],[5.0474,12.6764],[5.0268,12.6654],[4.9928,12.6627],[4.9639,12.6456],[4.9056,12.6402],[4.8849,12.6431],[4.8799,12.6251],[4.8659,12.6039],[4.8736,12.5729],[4.8873,12.536],[4.8888,12.5134],[4.8818,12.4942],[4.888,12.4811],[4.9065,12.4667],[4.9248,12.4728],[4.9485,12.4892],[4.9543,12.501],[4.9567,12.5216],[4.9692,12.5199],[4.9878,12.5066],[5.0273,12.4887],[5.0519,12.4716],[5.0764,12.4463],[5.0958,12.4218],[5.1077,12.3958],[5.1424,12.3846],[5.1667,12.355],[5.1687,12.3351],[5.1648,12.3255],[5.1462,12.3115],[5.1286,12.3039],[5.1212,12.2789],[5.162,12.2828],[5.1884,12.3045],[5.2145,12.3076],[5.2314,12.3041],[5.2704,12.2817],[5.2929,12.2786],[5.2946,12.2973],[5.295,12.347],[5.2929,12.3691],[5.2678,12.4415],[5.2663,12.4573],[5.2728,12.4857],[5.2479,12.5308],[5.2452,12.5422],[5.2458,12.5645],[5.2609,12.6114],[5.2492,12.6362],[5.2511,12.6693],[5.2425,12.683],[5.194,12.7046],[5.1707,12.7464],[5.1597,12.7568],[5.1213,12.7821],[5.0924,12.7873]]]},"properties":{"lga_pcode":"NG034014","lga_name":"Shagari","state_pcode":"NG034","state_name":"Sokoto"}},
{"type":"Feature","geometry":{"type":"Polygon","coordinates":[[[4.7246,10.9064],[4.7346,10.9124],[4.765,10.9098],[4.774,10.9018],[4.8022,10.8937],[4.8677,10.9288],[4.8766,10.9451],[4.889,10.9505],[4.9141,10.9681],[4.95,10.9982],[5.0111,11.0325],[5.0406,11.0519],[5.0274,11.0505],[4.996,11.054],[4.9918,11.0701],[4.9799,11.0805],[4.9345,11.084],[4.9087,11.0819],[4.8982,11.0875],[4.8766,11.0917],[4.8607,11.1034],[4.8397,11.1139],[4.8178,11.1195],[4.8026,11.114],[4.7886,11.1189],[4.7794,11.1314],[4.7461,11.1476],[4.7216,11.1763],[4.7104,11.1804],[4.702,11.1922],[4.6992,11.2223],[4.7034,11.2285],[4.7438,11.2541],[4.7471,11.2745],[4.7401,11.2976],[4.7615,11.3149],[4.7607,11.3242],[4.7809,11.3633],[4.7781,11.3745],[4.7558,11.3926],[4.76,11.4066],[4.7558,11.4192],[4.7257,11.4303],[4.6999,11.4478],[4.6741,11.4827],[4.6315,11.5113],[4.6224,11.526],[4.6036,11.5378],[4.5847,11.5434],[4.554,11.542],[4.5416,11.5331],[4.5012,11.5382],[4.5063,11.5142],[4.5244,11.4787],[4.5396,11.4677],[4.5669,11.4569],[4.5766,11.4503],[4.5749,11.4361],[4.5567,11.4245],[4.5463,11.4139],[4.525,11.3686],[4.5176,11.3425],[4.5104,11.2684],[4.4942,11.2165],[4.4967,11.1753],[4.4863,11.1609],[4.4613,11.1625],[4.4511,11.1733],[4.4273,11.191],[4.4079,11.2026],[4.3872,11.2057],[4.3701,11.1922],[4.3515,11.1839],[4.3433,11.1871],[4.3275,11.1605],[4.3199,11.1529],[4.3042,11.109],[4.3131,11.0648],[4.3375,11.0384],[4.3338,10.9971],[4.3248,10.9651],[4.3305,10.927],[4.3357,10.9153],[4.3437,10.9115],[4.3558,10.9102],[4.3708,10.9004],[4.4014,10.8962],[4.4123,10.8889],[4.4291,10.8839],[4.4509,10.8883],[4.4677,10.9018],[4.4923,10.9109],[4.5398,10.92],[4.5685,10.9087],[4.5874,10.9064],[4.6017,10.9117],[4.6266,10.9154],[4.6449,10.9401],[4.6744,10.9384],[4.697,10.9308],[4.7076,10.9183],[4.7246,10.9064]]]},"properties":{"lga_pcode":"NG022017","lga_name":"Shanga","state_pcode":"NG022","state_name":"Kebbi"}},
{"type":"Feature","geometry":{"type":"Polygon","coordinates":[[[11.8434,10.0446],[11.866,10.0461],[11.9197,10.0324],[11.9354,10.0322],[11.9591,10.027],[11.973,10.0309],[11.9992,10.0246],[12.0073,10.0354],[12.0137,10.0529],[12.0662,10.0463],[12.0902,10.0516],[12.1006,10.0624],[12.1013,10.0978],[12.109,10.1145],[12.1313,10.1395],[12.1678,10.1672],[12.1716,10.1721],[12.1948,10.1945],[12.2092,10.1997],[12.249,10.2203],[12.2584,10.2376],[12.2639,10.2631],[12.2597,10.268],[12.2335,10.282],[12.2075,10.2898],[12.1822,10.2925],[12.1533,10.2854],[12.1369,10.285],[12.1104,10.271],[12.0829,10.2664],[12.0363,10.2771],[12.0198,10.2834],[12.0064,10.2968],[12.0078,10.3371],[11.9963,10.3592],[11.9799,10.3615],[11.9749,10.3539],[11.9549,10.3449],[11.9453,10.3369],[11.9095,10.3141],[11.8875,10.3075],[11.8735,10.2804],[11.8639,10.271],[11.8418,10.259],[11.8226,10.255],[11.7894,10.2432],[11.7786,10.2309],[11.7553,10.2298],[11.7304,10.2096],[11.7208,10.1974],[11.6853,10.1819],[11.7102,10.167],[11.7399,10.1642],[11.7488,10.1553],[11.76,10.1337],[11.8068,10.087],[11.8111,10.0748],[11.8286,10.0539],[11.8434,10.0446]]]},"properties":{"lga_pcode":"NG008027","lga_name":"Shani","state_pcode":"NG008","state_name":"Borno"}},
{"type":"Feature","geometry":{"type":"Polygon","coordinates":[[[8.0058,12.1606],[8.0048,12.1784],[7.9901,12.1935],[7.9587,12.1848],[7.9204,12.1898],[7.9056,12.1966],[7.8986,12.2155],[7.8907,12.2257],[7.8785,12.2317],[7.863,12.2322],[7.8491,12.1828],[7.8536,12.1477],[7.8606,12.1374],[7.8632,12.1169],[7.8563,12.092],[7.853,12.0475],[7.8404,12.022],[7.8738,12.0095],[7.8885,11.9959],[7.9018,11.9685],[7.9178,11.9542],[7.9341,11.9512],[7.949,11.9634],[7.9789,11.9825],[7.9872,11.9845],[8.0032,11.977],[8.0106,11.9636],[8.0193,11.9641],[8.0467,11.9837],[8.0801,11.98],[8.0907,11.9833],[8.0968,11.9921],[8.1226,12.0128],[8.1234,12.0378],[8.1147,12.0527],[8.0899,12.0624],[8.0631,12.0615],[8.035,12.0641],[8.0204,12.0702],[8.0057,12.0818],[7.9918,12.103],[7.9937,12.1517],[8.0058,12.1606]]]},"properties":{"lga_pcode":"NG020035","lga_name":"Shanono","state_pcode":"NG020","state_name":"Kano"}},
{"type":"Feature","geometry":{"type":"Polygon","coordinates":[[[12.2515,9.6657],[12.248,9.6718],[12.2065,9.7155],[12.1923,9.7495],[12.1513,9.797],[12.1421,9.8043],[12.1463,9.8176],[12.1984,9.851],[12.2121,9.8711],[12.222,9.908],[12.2221,9.9263],[12.2314,9.9606],[12.2335,9.9786],[12.221,9.9975],[12.2109,10.079],[12.1823,10.1228],[12.1733,10.1401],[12.1716,10.1721],[12.1678,10.1672],[12.1313,10.1395],[12.109,10.1145],[12.1013,10.0978],[12.1006,10.0624],[12.0902,10.0516],[12.0662,10.0463],[12.0137,10.0529],[12.0073,10.0354],[11.9992,10.0246],[12.0036,10.0235],[11.9814,9.9757],[11.9802,9.9403],[11.9767,9.9335],[11.979,9.9163],[11.994,9.8992],[11.9986,9.8889],[12.0008,9.8306],[12.0038,9.7991],[11.9834,9.7666],[11.9709,9.7544],[11.9582,9.7237],[11.9633,9.7062],[11.946,9.6498],[11.9581,9.642],[11.9844,9.6342],[12.0092,9.6351],[12.0485,9.6327],[12.0599,9.6357],[12.0709,9.6465],[12.1601,9.6521],[12.211,9.6543],[12.2376,9.66],[12.2515,9.6657]]]},"properties":{"lga_pcode":"NG002017","lga_name":"Shelleng","state_pcode":"NG002","state_name":"Adamawa"}},
{"type":"Feature","geometry":{"type":"Polygon","coordinates":[[[9.6215,8.389],[9.6644,8.3828],[9.7111,8.3733],[9.7567,8.3673],[9.7347,8.4033],[9.7337,8.4245],[9.7233,8.4414],[9.705,8.4637],[9.7044,8.4753],[9.6915,8.5037],[9.6815,8.5129],[9.6784,8.5378],[9.6618,8.5641],[9.6567,8.5909],[9.6579,8.6064],[9.6547,8.6333],[9.6646,8.6711],[9.672,8.7203],[9.6769,8.732],[9.6919,8.7469],[9.7089,8.7535],[9.7245,8.7503],[9.7511,8.7573],[9.7623,8.7655],[9.7731,8.7814],[9.7742,8.7989],[9.7746,8.8317],[9.7788,8.8666],[9.7843,8.8939],[9.7839,8.9228],[9.7757,8.9341],[9.7559,8.9448],[9.7348,8.9438],[9.712,8.937],[9.7026,8.9308],[9.6585,8.9269],[9.6453,8.9205],[9.6123,8.9249],[9.5989,8.9243],[9.5832,8.9294],[9.5756,8.9271],[9.5368,8.9331],[9.5138,8.9302],[9.4958,8.9448],[9.4914,8.9562],[9.4672,8.9802],[9.455,8.9848],[9.4148,8.977],[9.3914,8.9926],[9.3818,9.0182],[9.3806,9.06],[9.3813,9.0973],[9.3741,9.125],[9.3645,9.128],[9.3401,9.113],[9.3236,9.0858],[9.3229,9.0587],[9.3198,9.0432],[9.3216,9.0046],[9.3482,8.9711],[9.3547,8.954],[9.3554,8.9405],[9.3499,8.9325],[9.3397,8.905],[9.3427,8.8801],[9.3415,8.8646],[9.358,8.8421],[9.3907,8.8436],[9.4005,8.8382],[9.403,8.8268],[9.3618,8.8018],[9.3496,8.7836],[9.3495,8.749],[9.3587,8.7271],[9.3779,8.7034],[9.3834,8.6806],[9.3751,8.6606],[9.3623,8.6387],[9.3478,8.6203],[9.3449,8.5877],[9.3348,8.5814],[9.3192,8.5623],[9.31,8.5249],[9.299,8.5158],[9.2843,8.5104],[9.2745,8.4813],[9.2733,8.4639],[9.3013,8.4751],[9.3187,8.4867],[9.3459,8.4919],[9.3779,8.4857],[9.4207,8.4623],[9.4916,8.4309],[9.5297,8.4238],[9.5605,8.4312],[9.576,8.4237],[9.6089,8.4022],[9.6215,8.389]]]},"properties":{"lga_pcode":"NG032016","lga_name":"Shendam","state_pcode":"NG032","state_name":"Plateau"}},
{"type":"Feature","geometry":{"type":"Polygon","coordinates":[[[6.2053,13.0553],[6.2151,13.0138],[6.2409,13.0068],[6.2979,13.0036],[6.3317,13.0084],[6.4189,13.0127],[6.4311,13.012],[6.4455,12.9998],[6.4311,12.9872],[6.4437,12.9603],[6.4615,12.9349],[6.4821,12.9312],[6.4989,12.9381],[6.5353,12.9442],[6.5555,12.9339],[6.5711,12.9217],[6.5828,12.9046],[6.6031,12.902],[6.6153,12.9051],[6.6435,12.9],[6.6659,12.9084],[6.6789,12.9168],[6.699,12.9438],[6.7029,12.9586],[6.7002,12.988],[6.6906,13.0106],[6.6588,13.0368],[6.6525,13.0525],[6.6553,13.0774],[6.64,13.0702],[6.6073,13.0668],[6.5848,13.0751],[6.5662,13.0759],[6.5285,13.0848],[6.5039,13.0951],[6.4426,13.1127],[6.4213,13.1235],[6.4061,13.1254],[6.3836,13.1452],[6.3551,13.1536],[6.3459,13.1528],[6.3174,13.1582],[6.2896,13.1589],[6.2702,13.1562],[6.2603,13.1315],[6.2577,13.1011],[6.2618,13.0901],[6.2543,13.0315],[6.2453,13.0281],[6.2198,13.0425],[6.2053,13.0553]]]},"properties":{"lga_pcode":"NG037011","lga_name":"Shinkafi","state_pcode":"NG037","state_name":"Zamfara"}},
{"type":"Feature","geometry":{"type":"Polygon","coordinates":[[[9.7912,11.46],[9.8008,11.4516],[9.8213,11.4548],[9.8376,11.4746],[9.8605,11.458],[9.8776,11.4538],[9.8812,11.4485],[9.8796,11.428],[9.8822,11.3993],[9.8779,11.367],[9.885,11.3567],[9.916,11.3379],[9.9212,11.3237],[9.9426,11.3138],[9.9521,11.2992],[9.9769,11.2769],[9.9915,11.2521],[10.0009,11.2464],[10.037,11.263],[10.0487,11.2631],[10.0956,11.2568],[10.1274,11.241],[10.1421,11.24],[10.1402,11.2949],[10.129,11.3524],[10.1272,11.3848],[10.1353,11.3971],[10.1511,11.4111],[10.1836,11.4289],[10.2089,11.4401],[10.2223,11.4415],[10.2466,11.4362],[10.2528,11.4442],[10.2345,11.4575],[10.216,11.4806],[10.2113,11.4976],[10.1927,11.5066],[10.1792,11.523],[10.1821,11.5518],[10.175,11.5865],[10.1253,11.6207],[10.1167,11.6386],[10.0839,11.6844],[10.0752,11.6807],[10.0696,11.6745],[10.059,11.6463],[10.0065,11.6474],[9.9755,11.663],[9.9395,11.6542],[9.9237,11.6325],[9.9226,11.6142],[9.8982,11.5766],[9.8767,11.5668],[9.8619,11.5663],[9.8206,11.5762],[9.8103,11.5584],[9.7835,11.5397],[9.7778,11.5258],[9.7839,11.504],[9.7868,11.4735],[9.7912,11.46]]]},"properties":{"lga_pcode":"NG005016","lga_name":"Shira","state_pcode":"NG005","state_name":"Bauchi"}},
{"type":"Feature","geometry":{"type":"Polygon","coordinates":[[[6.5403,10.5452],[6.5403,10.5107],[6.5476,10.4818],[6.5452,10.4504],[6.546,10.4263],[6.5508,10.391],[6.5419,10.3741],[6.5122,10.3468],[6.5098,10.338],[6.4929,10.3059],[6.4793,10.2906],[6.4528,10.2777],[6.4311,10.2621],[6.4201,10.2485],[6.4159,10.233],[6.4186,10.2159],[6.4265,10.1937],[6.4292,10.1766],[6.426,10.1535],[6.4177,10.1479],[6.437,10.121],[6.4682,10.1058],[6.4916,10.0923],[6.5082,10.0761],[6.517,10.0556],[6.532,10.0018],[6.5511,9.9882],[6.5512,9.9796],[6.5253,9.9752],[6.5102,9.9691],[6.5042,9.9605],[6.4982,9.9372],[6.4982,9.9251],[6.5046,9.9179],[6.5022,9.9019],[6.4922,9.8903],[6.4768,9.8794],[6.4584,9.8737],[6.4344,9.8727],[6.4113,9.8771],[6.3938,9.8843],[6.3613,9.9023],[6.339,9.9232],[6.3262,9.9158],[6.315,9.8986],[6.3006,9.897],[6.2901,9.9035],[6.2596,9.9067],[6.246,9.9155],[6.2379,9.9115],[6.2179,9.9179],[6.2082,9.9139],[6.2064,9.9006],[6.2308,9.8914],[6.2363,9.8816],[6.2382,9.8539],[6.2369,9.8281],[6.2333,9.8183],[6.2235,9.738],[6.2258,9.7142],[6.2232,9.7071],[6.2595,9.705],[6.2936,9.7089],[6.3166,9.7164],[6.3441,9.733],[6.3589,9.7286],[6.3717,9.7424],[6.4113,9.75],[6.4139,9.7532],[6.4863,9.8104],[6.525,9.7986],[6.5536,9.7961],[6.5881,9.7809],[6.6091,9.7582],[6.6133,9.7313],[6.62,9.7229],[6.6511,9.7077],[6.6545,9.7018],[6.6823,9.6775],[6.6781,9.6707],[6.6797,9.6556],[6.6764,9.6043],[6.6696,9.5732],[6.6511,9.5589],[6.6488,9.535],[6.6839,9.5269],[6.6974,9.5185],[6.7117,9.5193],[6.7176,9.5336],[6.7554,9.5437],[6.7773,9.5589],[6.8059,9.553],[6.8126,9.5462],[6.8648,9.5269],[6.8926,9.5303],[6.9204,9.5269],[6.9223,9.5573],[6.9052,9.5806],[6.8873,9.5824],[6.8654,9.6062],[6.8456,9.6343],[6.8354,9.6547],[6.8396,9.6716],[6.8303,9.7077],[6.8438,9.7262],[6.8698,9.7389],[6.8748,9.7467],[6.9027,9.7655],[6.8983,9.7724],[6.8834,9.7784],[6.8701,9.7922],[6.8586,9.8165],[6.8528,9.8362],[6.848,9.8684],[6.8497,9.8961],[6.8471,9.9231],[6.8547,9.9306],[6.8682,9.9584],[6.869,9.9727],[6.8757,10.0055],[6.885,10.0274],[6.8934,10.0728],[6.9012,10.0764],[6.8821,10.1171],[6.8853,10.1508],[6.8949,10.1581],[6.9214,10.191],[6.9287,10.1806],[6.9423,10.1806],[6.9545,10.192],[6.9656,10.2151],[6.9704,10.2328],[6.9849,10.2368],[7.0098,10.2504],[7.0194,10.2737],[7.0323,10.2874],[7.0459,10.2914],[7.0508,10.3171],[7.0339,10.3436],[7.0202,10.3541],[6.9969,10.3565],[6.9772,10.3648],[6.9488,10.3605],[6.9343,10.3613],[6.9231,10.3822],[6.9383,10.4336],[6.9544,10.4625],[6.9535,10.4822],[6.9359,10.5002],[6.919,10.5308],[6.9126,10.538],[6.8691,10.5554],[6.8612,10.5508],[6.8564,10.538],[6.8443,10.5283],[6.8355,10.538],[6.8411,10.5573],[6.8419,10.5725],[6.8351,10.5958],[6.8295,10.5998],[6.8295,10.6247],[6.8166,10.6384],[6.803,10.6432],[6.7853,10.6392],[6.7588,10.6456],[6.7291,10.6488],[6.7138,10.6344],[6.7243,10.6175],[6.7315,10.5966],[6.7259,10.5894],[6.7098,10.5875],[6.6962,10.591],[6.6809,10.5894],[6.6471,10.5934],[6.5869,10.5741],[6.5741,10.5573],[6.5561,10.5469],[6.5403,10.5452]]]},"properties":{"lga_pcode":"NG027022","lga_name":"Shiroro","state_pcode":"NG027","state_name":"Niger"}},
{"type":"Feature","geometry":{"type":"Polygon","coordinates":[[[10.9749,9.5929],[10.9781,9.5746],[10.9924,9.5593],[11.0082,9.5521],[11.0355,9.5487],[11.0709,9.5512],[11.1613,9.551],[11.1919,9.5581],[11.2271,9.5694],[11.2547,9.5543],[11.278,9.5473],[11.3203,9.5489],[11.3693,9.5475],[11.3771,9.6151],[11.3792,9.6232],[11.3309,9.6632],[11.3185,9.6748],[11.3062,9.6938],[11.3063,9.7218],[11.3033,9.7581],[11.2924,9.7745],[11.2861,9.7969],[11.2871,9.824],[11.2856,9.8545],[11.2766,9.8809],[11.2626,9.9008],[11.2587,9.9321],[11.2593,9.9506],[11.249,9.9353],[11.2442,9.9178],[11.2413,9.8336],[11.2398,9.8221],[11.2178,9.7767],[11.1986,9.7538],[11.142,9.7319],[11.1194,9.6941],[11.1085,9.6818],[11.0873,9.6748],[11.0624,9.6781],[11.0233,9.6882],[11.0032,9.6963],[10.974,9.6933],[10.9501,9.6952],[10.9515,9.6836],[10.9666,9.6294],[10.9749,9.5929]]]},"properties":{"lga_pcode":"NG016010","lga_name":"Shomgom","state_pcode":"NG016","state_name":"Gombe"}},
{"type":"Feature","geometry":{"type":"Polygon","coordinates":[[[3.3677,6.5572],[3.3684,6.5234],[3.4055,6.5233],[3.4089,6.5263],[3.3976,6.5492],[3.3842,6.547],[3.3684,6.5572],[3.3677,6.5572]]]},"properties":{"lga_pcode":"NG025019","lga_name":"Shomolu","state_pcode":"NG025","state_name":"Lagos"}},
{"type":"Feature","geometry":{"type":"Polygon","coordinates":[[[4.7741,12.8571],[4.7983,12.8684],[4.8336,12.8706],[4.8485,12.8754],[4.8868,12.8754],[4.91,12.8793],[4.9422,12.8933],[4.9579,12.9173],[4.9632,12.9421],[4.9701,12.9492],[4.9588,12.9709],[4.9603,12.9902],[4.9801,13.0129],[5.013,13.0238],[5.0118,13.0467],[4.9634,13.0825],[4.9408,13.0761],[4.9002,13.1019],[4.8826,13.1151],[4.8278,13.1182],[4.8174,13.1134],[4.7629,13.1099],[4.7164,13.0932],[4.7063,13.0836],[4.702,13.0711],[4.681,13.0374],[4.6629,13.0228],[4.6445,13.0032],[4.6384,12.9849],[4.6622,12.9516],[4.692,12.9361],[4.7008,12.9247],[4.702,12.9104],[4.7132,12.891],[4.7235,12.8793],[4.7527,12.864],[4.7741,12.8571]]]},"properties":{"lga_pcode":"NG034015","lga_name":"Silame","state_pcode":"NG034","state_name":"Sokoto"}},
{"type":"Feature","geometry":{"type":"Polygon","coordinates":[[[7.8908,10.6832],[7.8957,10.695],[7.9061,10.6932],[7.9398,10.6988],[7.9763,10.6822],[7.9923,10.6888],[8.01,10.7027],[8.0194,10.7018],[8.0297,10.6907],[8.0475,10.6871],[8.0831,10.6844],[8.0906,10.689],[8.0831,10.7048],[8.0615,10.7343],[8.0614,10.7482],[8.0773,10.7816],[8.1025,10.8021],[8.1184,10.8104],[8.1493,10.8059],[8.1652,10.8207],[8.1727,10.8374],[8.1773,10.8597],[8.1942,10.8755],[8.2166,10.8848],[8.2512,10.9058],[8.2776,10.9351],[8.2858,10.9523],[8.2836,10.9633],[8.2675,10.9792],[8.2313,11.0024],[8.2087,11.0146],[8.1754,11.0513],[8.1645,11.0684],[8.1575,11.0905],[8.1585,11.1223],[8.1687,11.1291],[8.1466,11.1492],[8.0827,11.1846],[8.0559,11.2023],[8.0217,11.2138],[8.0033,11.2242],[7.954,11.2235],[7.9068,11.2198],[7.8759,11.1999],[7.8644,11.1972],[7.8483,11.1841],[7.8087,11.1583],[7.7767,11.1336],[7.7715,11.1236],[7.776,11.1116],[7.7911,11.1043],[7.7982,11.0883],[7.8022,11.0528],[7.8004,11.0344],[7.7909,11.0148],[7.7905,11.0025],[7.7996,10.9775],[7.8075,10.9744],[7.8209,10.9548],[7.8254,10.934],[7.8136,10.9045],[7.8008,10.8812],[7.7743,10.8481],[7.7797,10.815],[7.7881,10.7991],[7.8054,10.782],[7.8263,10.7551],[7.8346,10.7355],[7.8402,10.7122],[7.8511,10.6926],[7.8649,10.6853],[7.8908,10.6832]]]},"properties":{"lga_pcode":"NG019021","lga_name":"Soba","state_pcode":"NG019","state_name":"Kaduna"}},
{"type":"Feature","geometry":{"type":"Polygon","coordinates":[[[5.2489,13.1018],[5.2258,13.1074],[5.1917,13.0965],[5.1887,13.0904],[5.193,13.0654],[5.1911,13.0488],[5.2021,13.0469],[5.2121,13.0523],[5.2295,13.0447],[5.2281,13.0644],[5.2401,13.0571],[5.2499,13.0592],[5.2681,13.0721],[5.2611,13.0865],[5.2489,13.1018]]]},"properties":{"lga_pcode":"NG034016","lga_name":"Sokoto North","state_pcode":"NG034","state_name":"Sokoto"}},
{"type":"Feature","geometry":{"type":"Polygon","coordinates":[[[5.2833,13.0286],[5.2851,13.0491],[5.2725,13.0578],[5.2681,13.0721],[5.2499,13.0592],[5.2401,13.0571],[5.2281,13.0644],[5.2295,13.0447],[5.2298,13.0306],[5.2409,13.0311],[5.2471,13.0125],[5.2577,13.0075],[5.2801,13.0221],[5.2833,13.0286]]]},"properties":{"lga_pcode":"NG034017","lga_name":"Sokoto South","state_pcode":"NG034","state_name":"Sokoto"}},
{"type":"Feature","geometry":{"type":"Polygon","coordinates":[[[12.2798,9.6171],[12.2802,9.6026],[12.2914,9.5841],[12.3168,9.5754],[12.3402,9.5731],[12.3616,9.5771],[12.4007,9.5935],[12.4447,9.6049],[12.46,9.6065],[12.5054,9.5999],[12.5498,9.5903],[12.5684,9.5911],[12.6254,9.6018],[12.6565,9.6104],[12.682,9.6138],[12.6919,9.6116],[12.7012,9.6244],[12.7185,9.6331],[12.7599,9.6429],[12.7872,9.658],[12.8363,9.678],[12.865,9.6778],[12.8922,9.6813],[12.9143,9.6901],[12.9339,9.7027],[12.9483,9.7256],[12.9548,9.7294],[12.9703,9.7267],[13.0848,9.62],[13.0848,9.6453],[13.0907,9.6808],[13.0885,9.7413],[13.0932,9.755],[13.0921,9.7745],[13.0805,9.7951],[13.0633,9.8316],[13.0587,9.8454],[13.0553,9.8717],[13.0542,9.9014],[13.0507,9.9117],[13.0427,9.9574],[13.0475,9.9997],[13.0569,10.0263],[13.0383,10.026],[12.9965,10.0077],[12.9803,10.0043],[12.9154,9.9678],[12.8911,9.961],[12.8483,9.9827],[12.8403,9.9919],[12.7977,10.0566],[12.7806,10.1106],[12.7418,10.1048],[12.6695,10.0432],[12.6564,10.035],[12.6398,10.0318],[12.5389,10.0201],[12.4933,10.0189],[12.4817,10.0215],[12.465,10.0167],[12.4468,10.0168],[12.4038,10.0296],[12.3789,10.0282],[12.3314,10.008],[12.3105,9.9926],[12.2705,9.9691],[12.2539,9.9701],[12.2335,9.9786],[12.2314,9.9606],[12.2221,9.9263],[12.222,9.908],[12.2121,9.8711],[12.1984,9.851],[12.1463,9.8176],[12.1421,9.8043],[12.1513,9.797],[12.1923,9.7495],[12.2065,9.7155],[12.248,9.6718],[12.2515,9.6657],[12.2735,9.6348],[12.2798,9.6171]]]},"properties":{"lga_pcode":"NG002018","lga_name":"Song","state_pcode":"NG002","state_name":"Adamawa"}},
{"type":"Feature","geometry":{"type":"Polygon","coordinates":[[[6.1597,4.5666],[6.1931,4.6176],[6.2018,4.6421],[6.1963,4.6668],[6.2006,4.6979],[6.207,4.7201],[6.207,4.7721],[6.214,4.8008],[6.2353,4.8386],[6.238,4.8519],[6.2156,4.8753],[6.1804,4.8817],[6.1527,4.8821],[6.1474,4.9406],[6.1421,4.9983],[6.1315,4.9937],[6.1161,4.9978],[6.1135,5.0053],[6.075,5.0602],[6.0546,5.049],[6.0549,5.0392],[6.0799,5.0039],[6.0899,4.9773],[6.0906,4.9661],[6.0855,4.9383],[6.0773,4.9162],[6.0722,4.8879],[6.0755,4.8418],[6.0728,4.8224],[6.0613,4.8175],[6.0094,4.8133],[5.9893,4.8141],[5.9893,4.8373],[6.0033,4.8766],[6.0026,4.8891],[5.9926,4.893],[5.9778,4.8845],[5.9177,4.8581],[5.8951,4.846],[5.8276,4.8165],[5.7856,4.8035],[5.7716,4.8146],[5.766,4.8005],[5.7553,4.7961],[5.7243,4.8006],[5.6966,4.8105],[5.6966,4.7928],[5.6896,4.7787],[5.6741,4.7854],[5.6487,4.7746],[5.6425,4.7654],[5.6477,4.7476],[5.6448,4.7379],[5.6253,4.7437],[5.6205,4.7289],[5.5976,4.7448],[5.5957,4.7351],[5.5696,4.7226],[5.5667,4.7272],[5.5569,4.7118],[5.5705,4.6972],[5.573,4.6862],[5.588,4.6737],[5.6082,4.6447],[5.6257,4.6144],[5.64,4.5955],[5.6626,4.5703],[5.6663,4.5622],[5.6821,4.5521],[5.688,4.5374],[5.702,4.5321],[5.7079,4.5155],[5.7355,4.4922],[5.7748,4.4648],[5.8224,4.4276],[5.8473,4.4019],[5.8766,4.3988],[5.9043,4.3871],[5.9421,4.3753],[5.9535,4.3695],[5.9733,4.3785],[5.9714,4.4035],[5.9785,4.4128],[5.9825,4.4307],[5.9949,4.4529],[6.0188,4.459],[6.0474,4.4706],[6.0757,4.4877],[6.1159,4.5293],[6.1264,4.5296],[6.1385,4.5382],[6.1597,4.5666]]]},"properties":{"lga_pcode":"NG006007","lga_name":"Southern Ijaw","state_pcode":"NG006","state_name":"Bayelsa"}},
{"type":"Feature","geometry":{"type":"Polygon","coordinates":[[[9.0284,12.5987],[9.0424,12.566],[9.0561,12.5485],[9.0758,12.5332],[9.1232,12.5357],[9.1478,12.5314],[9.1948,12.5147],[9.2279,12.4875],[9.2487,12.4629],[9.2664,12.4376],[9.2793,12.4304],[9.3101,12.44],[9.3314,12.4438],[9.3631,12.4339],[9.3842,12.4215],[9.4007,12.4733],[9.4161,12.5036],[9.4178,12.5203],[9.4129,12.5458],[9.4076,12.5556],[9.3846,12.5522],[9.3733,12.5561],[9.332,12.5872],[9.328,12.6183],[9.3175,12.6398],[9.3127,12.6578],[9.3197,12.6659],[9.3395,12.6742],[9.351,12.6837],[9.3497,12.7077],[9.3354,12.7226],[9.3233,12.7417],[9.3184,12.7568],[9.3306,12.7823],[9.3339,12.8022],[9.3408,12.8144],[9.3123,12.8112],[9.2871,12.8125],[9.2467,12.8245],[9.2255,12.8283],[9.1809,12.8277],[9.1607,12.8337],[9.0452,12.8372],[9.0497,12.8252],[9.0371,12.8145],[9.049,12.7951],[9.0708,12.774],[9.084,12.7578],[9.0849,12.7443],[9.0804,12.7336],[9.0575,12.6963],[9.0356,12.6815],[9.027,12.6065],[9.0284,12.5987]]]},"properties":{"lga_pcode":"NG018025","lga_name":"Sule-Tankarkar","state_pcode":"NG018","state_name":"Jigawa"}},
{"type":"Feature","geometry":{"type":"Polygon","coordinates":[[[7.234,9.1335],[7.2257,9.1556],[7.217,9.1681],[7.2052,9.2034],[7.2054,9.2191],[7.2116,9.2528],[7.22,9.2645],[7.2019,9.2634],[7.1943,9.2707],[7.195,9.2923],[7.174,9.296],[7.1555,9.2897],[7.1479,9.2788],[7.1479,9.2658],[7.1533,9.2266],[7.1401,9.1858],[7.1562,9.1468],[7.2115,9.1049],[7.2224,9.1129],[7.234,9.1335]]]},"properties":{"lga_pcode":"NG027023","lga_name":"Suleja","state_pcode":"NG027","state_name":"Niger"}},
{"type":"Feature","geometry":{"type":"Polygon","coordinates":[[[8.8043,11.3921],[8.8009,11.3797],[8.7871,11.3567],[8.7784,11.3051],[8.7708,11.2874],[8.7433,11.276],[8.731,11.2605],[8.7226,11.2334],[8.7233,11.2124],[8.7407,11.1827],[8.766,11.159],[8.7794,11.142],[8.7889,11.1376],[8.8229,11.0995],[8.8369,11.0984],[8.8745,11.0891],[8.8962,11.1015],[8.9474,11.1719],[8.9827,11.1952],[9.0153,11.2289],[9.033,11.2563],[9.0763,11.2845],[9.097,11.291],[9.1117,11.3055],[9.1334,11.319],[9.1429,11.332],[9.1408,11.3403],[9.1158,11.3558],[9.1075,11.3916],[9.0868,11.4189],[9.0586,11.4227],[9.0454,11.4339],[9.0462,11.4444],[9.055,11.461],[9.0475,11.4747],[9.0326,11.4684],[9.0279,11.4356],[9.0148,11.4422],[9.0009,11.4417],[8.996,11.4474],[8.9942,11.4672],[9.0166,11.5012],[9.0018,11.514],[8.9796,11.5494],[8.9557,11.5673],[8.9383,11.5656],[8.9155,11.5497],[8.896,11.5409],[8.8825,11.5265],[8.8821,11.5043],[8.8759,11.4831],[8.8537,11.4509],[8.8445,11.4145],[8.8378,11.4061],[8.8043,11.3921]]]},"properties":{"lga_pcode":"NG020036","lga_name":"Sumaila","state_pcode":"NG020","state_name":"Kano"}},
{"type":"Feature","geometry":{"type":"Polygon","coordinates":[[[4.2144,11.6603],[4.2379,11.6556],[4.2403,11.665],[4.2535,11.6603],[4.2575,11.6798],[4.2668,11.7009],[4.2854,11.7017],[4.2932,11.7176],[4.305,11.7237],[4.2959,11.7432],[4.2842,11.7527],[4.269,11.7731],[4.2571,11.8003],[4.2568,11.8257],[4.2592,11.8486],[4.2747,11.8856],[4.2709,11.8977],[4.2104,12.0008],[4.1882,12.0464],[4.1785,12.0614],[4.163,12.0721],[4.1453,12.0769],[4.1163,12.0715],[4.0826,12.0674],[4.0568,12.0584],[4.0358,12.0451],[4.0084,12.0311],[3.985,12.024],[3.9733,12.0076],[3.9491,11.9991],[3.938,11.9887],[3.946,11.978],[3.9554,11.9421],[3.9624,11.9015],[3.9733,11.8835],[3.9827,11.8531],[3.9905,11.8117],[4.0069,11.7743],[4.0108,11.7586],[4.0131,11.7227],[4.0061,11.7095],[4.0038,11.68],[3.9865,11.6488],[3.9685,11.627],[3.9599,11.6232],[3.9453,11.6298],[3.9279,11.6318],[3.9016,11.6251],[3.8543,11.6191],[3.8419,11.596],[3.8359,11.5698],[3.9087,11.5136],[3.9215,11.5074],[3.9382,11.5098],[3.9539,11.5203],[3.9546,11.5389],[3.9734,11.5534],[3.9925,11.561],[4.0007,11.5751],[4.0183,11.573],[4.0566,11.5774],[4.0924,11.6226],[4.1048,11.6449],[4.1228,11.6535],[4.1471,11.6549],[4.1614,11.6507],[4.1685,11.643],[4.1825,11.6423],[4.1973,11.6494],[4.1966,11.6595],[4.2144,11.6603]]]},"properties":{"lga_pcode":"NG022018","lga_name":"Suru","state_pcode":"NG022","state_name":"Kebbi"}},
{"type":"Feature","geometry":{"type":"Polygon","coordinates":[[[3.3417,6.4749],[3.3651,6.4759],[3.364,6.4855],[3.3713,6.4959],[3.3683,6.5186],[3.351,6.5148],[3.3235,6.5019],[3.3233,6.501],[3.3285,6.4813],[3.3269,6.472],[3.3165,6.459],[3.3417,6.4749]]]},"properties":{"lga_pcode":"NG025020","lga_name":"Surulere","state_pcode":"NG025","state_name":"Lagos"}},
{"type":"Feature","geometry":{"type":"Polygon","coordinates":[[[4.3753,8.3182],[4.3497,8.3098],[4.2798,8.2579],[4.25,8.2274],[4.2497,8.223],[4.2519,8.2066],[4.2605,8.19],[4.2724,8.1826],[4.2971,8.157],[4.3017,8.1211],[4.2969,8.1051],[4.2824,8.0834],[4.28,8.0811],[4.268,8.0705],[4.2498,8.0458],[4.2653,8.016],[4.2775,7.9793],[4.2765,7.9711],[4.2859,7.9655],[4.3071,7.9445],[4.3282,7.935],[4.3381,7.9163],[4.3484,7.9049],[4.3602,7.8828],[4.3656,7.8595],[4.3823,7.8842],[4.3925,7.8925],[4.4101,7.8916],[4.4227,7.8862],[4.4363,7.8868],[4.4401,7.9135],[4.4296,7.9324],[4.4322,7.9383],[4.4689,7.9423],[4.4825,7.9419],[4.4927,7.9522],[4.5071,7.952],[4.5255,7.9604],[4.5576,7.982],[4.563,8.009],[4.563,8.0341],[4.5592,8.049],[4.569,8.0548],[4.5335,8.0716],[4.5056,8.092],[4.495,8.1228],[4.4941,8.1667],[4.4839,8.2027],[4.4771,8.2183],[4.4601,8.236],[4.4214,8.2705],[4.4038,8.2787],[4.3869,8.2919],[4.3753,8.3182]]]},"properties":{"lga_pcode":"NG031033","lga_name":"Surulere","state_pcode":"NG031","state_name":"Oyo"}},
{"type":"Feature","geometry":{"type":"Polygon","coordinates":[[[7.2464,9.151],[7.3882,9.3498],[7.3765,9.3633],[7.3604,9.367],[7.3353,9.3612],[7.3212,9.3666],[7.2801,9.3509],[7.2629,9.3546],[7.2415,9.3238],[7.2351,9.2968],[7.2453,9.2834],[7.2466,9.2717],[7.223,9.2711],[7.22,9.2645],[7.2116,9.2528],[7.2054,9.2191],[7.2052,9.2034],[7.217,9.1681],[7.2257,9.1556],[7.234,9.1335],[7.2464,9.151]]]},"properties":{"lga_pcode":"NG027024","lga_name":"Tafa","state_pcode":"NG027","state_name":"Niger"}},
{"type":"Feature","geometry":{"type":"Polygon","coordinates":[[[9.9551,9.8912],[9.8991,9.9149],[9.8826,9.9188],[9.8468,9.9107],[9.8351,9.915],[9.795,9.9533],[9.7734,9.9638],[9.7459,9.972],[9.7138,9.9784],[9.6964,10.0333],[9.661,10.07],[9.6483,10.0863],[9.6332,10.1003],[9.6322,10.121],[9.6466,10.1408],[9.6508,10.1572],[9.6545,10.2014],[9.6478,10.2271],[9.6422,10.233],[9.6312,10.241],[9.6146,10.2441],[9.5991,10.239],[9.5881,10.2241],[9.59,10.2118],[9.6036,10.1951],[9.6059,10.1813],[9.5882,10.1769],[9.547,10.1705],[9.4965,10.1513],[9.5032,10.1399],[9.5592,10.0978],[9.579,10.0894],[9.5992,10.075],[9.602,10.0696],[9.6017,10.0276],[9.5929,10.0118],[9.5894,9.9964],[9.6,9.9923],[9.6123,9.9771],[9.6246,9.9725],[9.6321,9.9631],[9.665,9.913],[9.665,9.8985],[9.609,9.8886],[9.5961,9.8895],[9.5842,9.8814],[9.5127,9.8978],[9.4769,9.8979],[9.4209,9.8888],[9.3906,9.8716],[9.3786,9.8671],[9.3528,9.8766],[9.331,9.8862],[9.3181,9.8853],[9.3016,9.8899],[9.2916,9.9034],[9.2869,9.8795],[9.2777,9.8695],[9.2713,9.8422],[9.2608,9.8185],[9.2536,9.8086],[9.2124,9.7816],[9.1558,9.756],[9.1522,9.7448],[9.1943,9.7152],[9.2025,9.704],[9.2117,9.7006],[9.24,9.6818],[9.2488,9.7001],[9.2713,9.7167],[9.2793,9.7093],[9.2878,9.6923],[9.2914,9.6577],[9.2846,9.6361],[9.2954,9.6257],[9.3201,9.6185],[9.3227,9.6051],[9.3187,9.5876],[9.3221,9.5802],[9.3563,9.5723],[9.3698,9.5597],[9.3948,9.5465],[9.4042,9.5083],[9.4228,9.5],[9.4638,9.4754],[9.4757,9.4745],[9.4828,9.4764],[9.4914,9.5027],[9.4906,9.5281],[9.4774,9.5096],[9.4664,9.5035],[9.4483,9.5304],[9.439,9.5566],[9.4385,9.572],[9.4421,9.5926],[9.451,9.6224],[9.4563,9.6326],[9.4635,9.667],[9.4614,9.704],[9.4495,9.7189],[9.4423,9.7354],[9.4444,9.7472],[9.5097,9.7497],[9.5387,9.7496],[9.5507,9.7453],[9.5772,9.7426],[9.6179,9.7349],[9.6546,9.7403],[9.6619,9.7439],[9.7023,9.7211],[9.7462,9.7001],[9.7591,9.7046],[9.782,9.7073],[9.7921,9.7054],[9.8068,9.6918],[9.8175,9.6589],[9.8039,9.6281],[9.7974,9.6081],[9.7946,9.5827],[9.7967,9.5712],[9.8168,9.5934],[9.8536,9.6067],[9.8815,9.6077],[9.9068,9.6118],[9.9421,9.609],[9.9539,9.6112],[9.9604,9.6223],[9.9548,9.6477],[9.9397,9.693],[9.9351,9.7222],[9.9465,9.7485],[9.9657,9.7738],[9.9552,9.7874],[9.9307,9.8062],[9.9285,9.8177],[9.9333,9.8326],[9.9453,9.8555],[9.9551,9.8912]]]},"properties":{"lga_pcode":"NG005017","lga_name":"Tafawa-Balewa","state_pcode":"NG005","state_name":"Bauchi"}},
{"type":"Feature","geometry":{"type":"Polygon","coordinates":[[[7.1952,4.7478],[7.2002,4.7379],[7.2063,4.7094],[7.2261,4.7004],[7.257,4.7104],[7.2952,4.7139],[7.3285,4.7206],[7.3447,4.7293],[7.3397,4.7401],[7.3251,4.7584],[7.3212,4.7831],[7.2758,4.8007],[7.241,4.8178],[7.2323,4.8248],[7.2084,4.8292],[7.1818,4.8383],[7.1807,4.822],[7.1939,4.7992],[7.2069,4.7869],[7.2033,4.7738],[7.1934,4.7576],[7.1952,4.7478]]]},"properties":{"lga_pcode":"NG033023","lga_name":"Tai","state_pcode":"NG033","state_name":"Rivers"}},
{"type":"Feature","geometry":{"type":"Polygon","coordinates":[[[9.0403,11.5292],[9.045,11.512],[9.0339,11.4964],[9.0166,11.5012],[8.9942,11.4672],[8.996,11.4474],[9.0009,11.4417],[9.0148,11.4422],[9.0279,11.4356],[9.0326,11.4684],[9.0475,11.4747],[9.055,11.461],[9.0462,11.4444],[9.0454,11.4339],[9.0586,11.4227],[9.0868,11.4189],[9.1075,11.3916],[9.1158,11.3558],[9.1408,11.3403],[9.1429,11.332],[9.1612,11.3321],[9.1935,11.3509],[9.1928,11.3691],[9.1996,11.391],[9.2191,11.4327],[9.2222,11.4684],[9.228,11.4766],[9.2502,11.4803],[9.2794,11.491],[9.3015,11.5062],[9.3236,11.5123],[9.3328,11.5365],[9.342,11.5459],[9.3549,11.5495],[9.3626,11.5643],[9.3512,11.5546],[9.3221,11.556],[9.307,11.5543],[9.2878,11.5677],[9.2683,11.56],[9.2452,11.5546],[9.2277,11.5552],[9.2153,11.5746],[9.2215,11.5981],[9.2094,11.6106],[9.166,11.6185],[9.1632,11.6312],[9.1723,11.6385],[9.165,11.6464],[9.1498,11.6494],[9.1349,11.6431],[9.1065,11.6212],[9.0984,11.6186],[9.0861,11.6054],[9.0741,11.5805],[9.0713,11.5618],[9.0563,11.5228],[9.0403,11.5292]]]},"properties":{"lga_pcode":"NG020037","lga_name":"Takai","state_pcode":"NG020","state_name":"Kano"}},
{"type":"Feature","geometry":{"type":"Polygon","coordinates":[[[9.9052,7.6076],[9.9045,7.5724],[9.9127,7.5344],[9.9247,7.5145],[9.9212,7.5066],[9.907,7.4968],[9.8948,7.437],[9.8801,7.3991],[9.867,7.3536],[9.868,7.3406],[9.8562,7.326],[9.8408,7.2798],[9.825,7.2546],[9.8352,7.2172],[9.8346,7.1994],[9.8231,7.1682],[9.8231,7.1465],[9.8197,7.1085],[9.8154,7.1064],[9.7664,7.0663],[9.7316,7.0669],[9.6998,7.0115],[9.6892,6.9864],[9.6642,6.9357],[9.6457,6.8948],[9.6414,6.8665],[9.6487,6.7992],[9.646,6.7386],[9.6361,6.7129],[9.6223,6.6641],[9.6065,6.5718],[9.6025,6.5382],[9.5991,6.5309],[9.6317,6.5211],[9.6559,6.5303],[9.6651,6.5131],[9.6924,6.5151],[9.7065,6.512],[9.7177,6.5454],[9.7177,6.5606],[9.7227,6.5707],[9.7328,6.6051],[9.7409,6.6183],[9.748,6.6517],[9.7571,6.6517],[9.7622,6.677],[9.7612,6.6921],[9.7551,6.7043],[9.7652,6.7377],[9.7753,6.7498],[9.7713,6.762],[9.7855,6.7953],[9.7986,6.7852],[9.8067,6.7913],[9.8168,6.7883],[9.8037,6.8176],[9.8067,6.8581],[9.8269,6.8894],[9.8335,6.9269],[9.8608,7.0068],[9.873,7.0614],[9.8821,7.0877],[9.8952,7.1171],[9.9114,7.1434],[9.9347,7.1667],[9.9711,7.193],[9.9954,7.2173],[10.0237,7.2365],[10.0521,7.2456],[10.0865,7.2486],[10.1158,7.2557],[10.1391,7.283],[10.1613,7.3245],[10.1775,7.3417],[10.1856,7.3629],[10.216,7.3953],[10.2251,7.4115],[10.2425,7.4228],[10.2469,7.4341],[10.2271,7.449],[10.1522,7.4955],[10.131,7.5147],[10.0672,7.5582],[10.0166,7.5866],[9.9782,7.5977],[9.9387,7.6017],[9.9052,7.6076]]]},"properties":{"lga_pcode":"NG035012","lga_name":"Takum","state_pcode":"NG035","state_name":"Taraba"}},
{"type":"Feature","geometry":{"type":"Polygon","coordinates":[[[6.1315,12.1348],[6.1417,12.1452],[6.1515,12.1653],[6.1568,12.1834],[6.1839,12.2259],[6.1943,12.2771],[6.1923,12.2983],[6.1993,12.3265],[6.2313,12.3515],[6.2491,12.3675],[6.2544,12.3834],[6.29,12.4101],[6.3023,12.4248],[6.2892,12.4305],[6.2636,12.4346],[6.2362,12.4162],[6.2218,12.4305],[6.213,12.4256],[6.1901,12.4376],[6.1727,12.4512],[6.1591,12.4664],[6.1471,12.4915],[6.1455,12.5176],[6.1507,12.551],[6.1475,12.5883],[6.1368,12.5998],[6.1319,12.6145],[6.1047,12.6483],[6.0996,12.6634],[6.0949,12.6544],[6.0705,12.642],[6.0398,12.598],[6.0306,12.5946],[6.0055,12.572],[5.9837,12.5227],[5.9603,12.5026],[5.9545,12.5016],[5.9291,12.4752],[5.9174,12.4547],[5.8939,12.4272],[5.8801,12.4164],[5.875,12.3922],[5.885,12.3629],[5.885,12.3552],[5.8885,12.3554],[5.901,12.3091],[5.9037,12.2889],[5.9097,12.2699],[5.9228,12.241],[5.9321,12.2301],[5.9331,12.2111],[5.9391,12.1811],[5.9473,12.1659],[5.9702,12.1446],[5.9909,12.1365],[6.0154,12.1305],[6.0584,12.124],[6.0943,12.1256],[6.1315,12.1348]]]},"properties":{"lga_pcode":"NG037012","lga_name":"Talata Mafara","state_pcode":"NG037","state_name":"Zamfara"}},
{"type":"Feature","geometry":{"type":"Polygon","coordinates":[[[4.5413,12.2315],[4.535,12.2011],[4.534,12.1833],[4.5436,12.1648],[4.5648,12.1062],[4.6028,12.1188],[4.6523,12.1385],[4.669,12.1553],[4.6995,12.1768],[4.733,12.1938],[4.7608,12.2116],[4.7837,12.2303],[4.8037,12.2323],[4.8339,12.2293],[4.8831,12.2333],[4.9032,12.2253],[4.9243,12.2283],[4.9511,12.2493],[4.9564,12.2705],[4.9725,12.2926],[4.9815,12.3007],[4.9976,12.3007],[5.0247,12.2906],[5.0689,12.2775],[5.1212,12.2789],[5.1286,12.3039],[5.1462,12.3115],[5.1648,12.3255],[5.1687,12.3351],[5.1667,12.355],[5.1424,12.3846],[5.1077,12.3958],[5.0958,12.4218],[5.0764,12.4463],[5.0519,12.4716],[5.0273,12.4887],[4.9878,12.5066],[4.9692,12.5199],[4.9567,12.5216],[4.9543,12.501],[4.9485,12.4892],[4.9248,12.4728],[4.9065,12.4667],[4.888,12.4811],[4.8818,12.4942],[4.8888,12.5134],[4.8873,12.536],[4.8736,12.5729],[4.8659,12.6039],[4.8799,12.6251],[4.8849,12.6431],[4.8867,12.6673],[4.8692,12.7106],[4.8632,12.7201],[4.8505,12.7276],[4.825,12.7493],[4.8128,12.7564],[4.8045,12.7567],[4.7731,12.7245],[4.7507,12.7016],[4.75,12.6848],[4.7581,12.6519],[4.7827,12.6207],[4.8024,12.5985],[4.8418,12.5687],[4.8433,12.5473],[4.8249,12.5094],[4.8156,12.4965],[4.7811,12.4658],[4.7687,12.4608],[4.7609,12.4494],[4.7511,12.3901],[4.7499,12.368],[4.733,12.3683],[4.711,12.3808],[4.7013,12.3983],[4.6543,12.4183],[4.6397,12.4304],[4.6218,12.4292],[4.6104,12.404],[4.6089,12.3652],[4.5999,12.3418],[4.567,12.3137],[4.5519,12.2933],[4.5475,12.2537],[4.5413,12.2315]]]},"properties":{"lga_pcode":"NG034018","lga_name":"Tambuwal","state_pcode":"NG034","state_name":"Sokoto"}},
{"type":"Feature","geometry":{"type":"Polygon","coordinates":[[[5.0582,13.1667],[5.0949,13.182],[5.1067,13.1903],[5.1259,13.2285],[5.1269,13.2335],[5.153,13.2859],[5.1452,13.3016],[5.1312,13.3115],[5.1201,13.3294],[5.1226,13.3603],[5.1306,13.374],[5.1481,13.3807],[5.158,13.406],[5.1663,13.4196],[5.1728,13.4389],[5.18,13.4743],[5.1839,13.514],[5.1799,13.5348],[5.1717,13.5554],[5.1673,13.5877],[5.167,13.6085],[5.1514,13.6713],[5.1497,13.6951],[5.1538,13.7106],[5.1559,13.7458],[5.0924,13.7557],[5.0198,13.7467],[4.9878,13.741],[4.9662,13.7452],[4.9174,13.7483],[4.9042,13.752],[4.878,13.773],[4.8706,13.782],[4.8244,13.7753],[4.8214,13.7604],[4.8118,13.7443],[4.8048,13.7242],[4.7926,13.6653],[4.7857,13.6483],[4.7658,13.5755],[4.7649,13.5144],[4.7667,13.4826],[4.7636,13.456],[4.7518,13.4346],[4.739,13.3849],[4.718,13.3356],[4.7207,13.3273],[4.7201,13.3024],[4.7521,13.2976],[4.8114,13.2924],[4.8406,13.2981],[4.8598,13.3066],[4.9067,13.3048],[4.9622,13.2853],[4.9552,13.2675],[4.9553,13.2534],[4.9712,13.2347],[4.9785,13.2206],[5.0053,13.1937],[5.0342,13.169],[5.0582,13.1667]]]},"properties":{"lga_pcode":"NG034019","lga_name":"Tangaza","state_pcode":"NG034","state_name":"Sokoto"}},
{"type":"Feature","geometry":{"type":"Polygon","coordinates":[[[8.5326,11.9899],[8.5333,11.9801],[8.5269,11.9636],[8.5348,11.9564],[8.5333,11.9393],[8.5461,11.933],[8.5568,11.9339],[8.5645,11.9423],[8.5916,11.9598],[8.5709,11.9723],[8.5625,11.9815],[8.5674,11.9938],[8.5546,11.9944],[8.5457,11.9827],[8.5326,11.9899]]]},"properties":{"lga_pcode":"NG020038","lga_name":"Tarauni","state_pcode":"NG020","state_name":"Kano"}},
{"type":"Feature","geometry":{"type":"Polygon","coordinates":[[[8.9613,7.6873],[8.9368,7.7077],[8.9258,7.7135],[8.893,7.717],[8.8757,7.7093],[8.8223,7.7104],[8.7798,7.7339],[8.7508,7.7135],[8.7445,7.6928],[8.744,7.6614],[8.7593,7.6572],[8.7604,7.6398],[8.7789,7.5531],[8.8072,7.5422],[8.8306,7.5059],[8.8527,7.5042],[8.8714,7.4848],[8.8747,7.462],[8.8866,7.4555],[8.9062,7.4642],[8.9214,7.4989],[8.9372,7.5132],[8.9355,7.5184],[8.9377,7.5596],[8.9431,7.5857],[8.9529,7.6161],[8.9627,7.6627],[8.9613,7.6873]]]},"properties":{"lga_pcode":"NG007020","lga_name":"Tarka","state_pcode":"NG007","state_name":"Benue"}},
{"type":"Feature","geometry":{"type":"Polygon","coordinates":[[[11.2616,12.4089],[11.2741,12.4032],[11.2865,12.3908],[11.3128,12.3349],[11.3514,12.2643],[11.3904,12.2452],[11.427,12.2408],[11.472,12.243],[11.4794,12.2388],[11.4885,12.2232],[11.4867,12.2077],[11.4656,12.1669],[11.4655,12.1505],[11.4752,12.1078],[11.4842,12.0922],[11.5192,12.044],[11.5537,12.0123],[11.6302,11.981],[11.6634,11.9693],[11.6941,11.9625],[11.7328,11.9744],[11.7536,11.9763],[11.7991,11.9689],[11.8362,11.9478],[11.8516,11.9465],[11.8786,11.9502],[11.9239,11.9626],[11.96,11.9778],[12.0019,12.0092],[12.0186,12.0325],[12.0396,12.078],[12.0557,12.1066],[12.0924,12.1318],[12.105,12.1356],[12.1189,12.1315],[12.1327,12.1203],[12.1717,12.1063],[12.2048,12.1054],[12.2166,12.0929],[12.2368,12.0594],[12.2459,12.0391],[12.2554,12.0345],[12.2742,12.109],[12.2916,12.1702],[12.3031,12.2187],[12.2979,12.262],[12.3059,12.2872],[12.304,12.3138],[12.2984,12.3292],[12.2776,12.3682],[12.2606,12.4203],[12.252,12.4187],[12.2407,12.407],[12.2114,12.3952],[12.1922,12.3907],[12.1635,12.3956],[12.1333,12.4053],[12.0712,12.4184],[11.9788,12.4474],[11.9487,12.4665],[11.9216,12.4793],[11.9056,12.4747],[11.8672,12.4561],[11.8207,12.4392],[11.776,12.4301],[11.7537,12.4319],[11.7352,12.4432],[11.7155,12.4573],[11.7013,12.4746],[11.687,12.4857],[11.6651,12.4968],[11.6473,12.4938],[11.6171,12.4941],[11.5826,12.4881],[11.5701,12.4811],[11.5388,12.4792],[11.5116,12.4712],[11.4841,12.4574],[11.4768,12.4632],[11.4503,12.456],[11.4077,12.4524],[11.3733,12.4443],[11.3591,12.4291],[11.3362,12.4231],[11.323,12.4237],[11.2751,12.4068],[11.2616,12.4089]]]},"properties":{"lga_pcode":"NG036015","lga_name":"Tarmua","state_pcode":"NG036","state_name":"Yobe"}},
{"type":"Feature","geometry":{"type":"Polygon","coordinates":[[[9.5102,12.3663],[9.4944,12.361],[9.4564,12.3411],[9.4167,12.3252],[9.3706,12.3293],[9.3529,12.3112],[9.3343,12.3071],[9.3156,12.2951],[9.3051,12.3078],[9.2485,12.3116],[9.2253,12.3352],[9.2142,12.3411],[9.1943,12.3432],[9.1289,12.3391],[9.134,12.2913],[9.1493,12.2739],[9.1593,12.245],[9.1839,12.2348],[9.1959,12.2356],[9.2424,12.2192],[9.2528,12.2085],[9.2912,12.2013],[9.3378,12.1676],[9.347,12.185],[9.3645,12.1909],[9.4019,12.1971],[9.4242,12.1928],[9.4486,12.2081],[9.4787,12.2124],[9.4951,12.2075],[9.5119,12.2145],[9.5304,12.2298],[9.5489,12.2496],[9.5573,12.2694],[9.5623,12.3004],[9.572,12.3035],[9.5859,12.3165],[9.593,12.3282],[9.6036,12.3331],[9.5993,12.3561],[9.6025,12.3815],[9.5875,12.3923],[9.564,12.3839],[9.5389,12.3705],[9.5102,12.3663]]]},"properties":{"lga_pcode":"NG018026","lga_name":"Taura","state_pcode":"NG018","state_name":"Jigawa"}},
{"type":"Feature","geometry":{"type":"Polygon","coordinates":[[[8.2494,12.0258],[8.2569,12.0189],[8.2839,12.02],[8.2903,12.0076],[8.2907,11.9865],[8.2794,11.983],[8.2848,11.9621],[8.2997,11.9578],[8.3117,11.9622],[8.3259,11.9616],[8.3475,11.9513],[8.3681,11.945],[8.3764,11.9318],[8.3863,11.9267],[8.4102,11.9295],[8.4035,11.954],[8.4201,11.9869],[8.4066,12.0051],[8.3921,12.0193],[8.3778,12.0287],[8.3522,12.0604],[8.3342,12.0738],[8.3061,12.0787],[8.2845,12.0955],[8.2539,12.105],[8.2558,12.0933],[8.2554,12.0547],[8.2494,12.0258]]]},"properties":{"lga_pcode":"NG020039","lga_name":"Tofa","state_pcode":"NG020","state_name":"Kano"}},
{"type":"Feature","geometry":{"type":"Polygon","coordinates":[[[8.9564,10.0338],[8.9565,10.0232],[8.9863,10.0104],[8.9976,10.0095],[9.0204,10.0163],[9.0474,10.0156],[9.0855,10.025],[9.1255,10.0394],[9.1499,10.0417],[9.1636,10.0459],[9.202,10.0476],[9.2214,10.0446],[9.2471,10.0322],[9.2598,10.0077],[9.265,9.977],[9.2797,9.9526],[9.2916,9.9034],[9.3016,9.8899],[9.3181,9.8853],[9.331,9.8862],[9.3528,9.8766],[9.3541,9.8868],[9.3658,9.8962],[9.3824,9.898],[9.3925,9.9153],[9.3861,9.9444],[9.3586,9.9817],[9.3549,9.9917],[9.3605,10.0162],[9.3706,10.0356],[9.3803,10.062],[9.389,10.0953],[9.4083,10.1308],[9.4157,10.138],[9.434,10.1444],[9.4597,10.1407],[9.4965,10.1513],[9.547,10.1705],[9.5882,10.1769],[9.6059,10.1813],[9.6036,10.1951],[9.59,10.2118],[9.5881,10.2241],[9.5991,10.239],[9.6146,10.2441],[9.6312,10.241],[9.6422,10.233],[9.6385,10.2477],[9.6445,10.2793],[9.6495,10.2939],[9.6508,10.3259],[9.6475,10.3466],[9.6517,10.3873],[9.6518,10.4464],[9.6302,10.5058],[9.6288,10.5246],[9.6134,10.5803],[9.6079,10.5894],[9.6179,10.6093],[9.6166,10.637],[9.6126,10.6459],[9.5947,10.6634],[9.5777,10.7008],[9.5701,10.736],[9.5748,10.7992],[9.5785,10.8164],[9.5917,10.8416],[9.5938,10.8615],[9.5719,10.8534],[9.5177,10.8425],[9.4705,10.8201],[9.4281,10.8114],[9.3905,10.8107],[9.3682,10.8064],[9.3294,10.8057],[9.2672,10.8088],[9.2542,10.8032],[9.227,10.7863],[9.1893,10.7722],[9.1423,10.7503],[9.1018,10.7503],[9.0852,10.753],[9.054,10.7649],[9.0215,10.7866],[9.0123,10.7982],[8.9878,10.8158],[8.934,10.843],[8.9129,10.8444],[8.8977,10.8504],[8.8695,10.8461],[8.8494,10.836],[8.821,10.8179],[8.7922,10.7914],[8.8216,10.7692],[8.829,10.7578],[8.838,10.7336],[8.8513,10.7201],[8.8552,10.7074],[8.8525,10.6863],[8.8354,10.6403],[8.8169,10.6036],[8.8002,10.5809],[8.7794,10.5627],[8.7675,10.5123],[8.7714,10.4921],[8.7696,10.4763],[8.7387,10.4683],[8.7292,10.4558],[8.7337,10.4362],[8.7399,10.4289],[8.7842,10.4216],[8.8055,10.4094],[8.8235,10.3833],[8.8504,10.3706],[8.8702,10.3576],[8.8987,10.3582],[8.9357,10.3485],[8.9487,10.3182],[8.9549,10.3088],[8.9539,10.2895],[8.9356,10.2674],[8.9364,10.2501],[8.9314,10.2421],[8.9303,10.215],[8.9739,10.19],[8.9782,10.1805],[8.9771,10.1611],[8.9718,10.1513],[8.9744,10.1379],[8.9636,10.0795],[8.961,10.0523],[8.9564,10.0338]]]},"properties":{"lga_pcode":"NG005018","lga_name":"Toro","state_pcode":"NG005","state_name":"Bauchi"}},
{"type":"Feature","geometry":{"type":"Polygon","coordinates":[[[6.9842,8.4594],[6.9696,8.3913],[6.9576,8.3748],[6.9558,8.3591],[6.9346,8.3012],[6.953,8.2838],[6.965,8.2654],[6.9705,8.2452],[6.9723,8.2249],[6.9797,8.2111],[7.0008,8.1817],[7.0027,8.167],[6.9834,8.1155],[6.987,8.0779],[6.9709,8.0301],[6.9792,8.0006],[6.9783,7.9859],[6.9636,7.9602],[6.9608,7.9427],[6.9526,7.9179],[6.9636,7.8793],[6.978,7.9016],[6.9878,7.9095],[6.9947,7.9253],[7.0529,7.9323],[7.0728,7.9427],[7.1179,7.959],[7.1959,7.993],[7.2538,8.015],[7.3056,8.0256],[7.3932,8.0419],[7.4045,8.043],[7.3937,8.0702],[7.3832,8.1039],[7.3816,8.1448],[7.3929,8.1921],[7.4089,8.2258],[7.4161,8.2459],[7.433,8.2683],[7.4314,8.2836],[7.4346,8.3004],[7.4322,8.3173],[7.4426,8.3341],[7.4426,8.3454],[7.4314,8.3814],[7.4318,8.3969],[7.4459,8.4166],[7.4941,8.458],[7.5276,8.4817],[7.5837,8.5065],[7.5916,8.5183],[7.5906,8.5272],[7.5747,8.5399],[7.5489,8.5722],[7.5124,8.647],[7.4932,8.6507],[7.4776,8.6313],[7.443,8.5933],[7.3976,8.5526],[7.3714,8.5253],[7.3557,8.5124],[7.3124,8.5008],[7.2108,8.481],[7.1167,8.4662],[7.0842,8.4637],[6.9914,8.4598],[6.9842,8.4594]]]},"properties":{"lga_pcode":"NG026012","lga_name":"Toto","state_pcode":"NG026","state_name":"Nasarawa"}},
{"type":"Feature","geometry":{"type":"Polygon","coordinates":[[[11.3415,8.0187],[11.3507,8.0118],[11.3542,7.9969],[11.3725,7.9648],[11.3932,7.9385],[11.4116,7.8984],[11.4438,7.8537],[11.4656,7.8285],[11.4725,7.8159],[11.4806,7.8124],[11.4898,7.7998],[11.5002,7.7998],[11.5142,7.8158],[11.5259,7.8455],[11.5412,7.8924],[11.5516,7.9033],[11.5783,7.906],[11.6245,7.8842],[11.6464,7.8658],[11.6567,7.8475],[11.6717,7.828],[11.6877,7.7959],[11.7039,7.7856],[11.7142,7.7741],[11.735,7.758],[11.7477,7.7443],[11.758,7.7248],[11.7694,7.6824],[11.7727,7.6515],[11.7661,7.6149],[11.7678,7.5826],[11.7629,7.5406],[11.7719,7.4879],[11.7961,7.4547],[11.8099,7.4421],[11.8318,7.4169],[11.8444,7.3985],[11.854,7.3787],[11.8924,7.4191],[11.9033,7.4333],[11.925,7.4537],[11.9412,7.4767],[11.9562,7.493],[11.9745,7.4991],[11.9887,7.4977],[12.0396,7.5228],[12.0321,7.535],[12.028,7.5588],[12.024,7.6293],[12.0192,7.6517],[12.0219,7.6619],[12.0321,7.668],[12.0375,7.6815],[12.0375,7.7073],[12.0416,7.7297],[12.047,7.7412],[12.0572,7.75],[12.0674,7.788],[12.083,7.8056],[12.0972,7.8382],[12.144,7.8775],[12.1549,7.889],[12.1793,7.9304],[12.1969,7.946],[12.1983,7.9569],[12.2105,7.9704],[12.2206,7.9881],[12.22,8.0152],[12.2141,8.0273],[12.2157,8.0498],[12.2063,8.0903],[12.2207,8.1228],[12.2395,8.1443],[12.2458,8.1617],[12.2573,8.1718],[12.2586,8.2166],[12.253,8.2539],[12.2124,8.2349],[12.1915,8.2418],[12.1568,8.2491],[12.1345,8.2475],[12.0938,8.2213],[12.0748,8.2163],[12.0395,8.2141],[12.0043,8.2212],[11.9691,8.2395],[11.9657,8.2438],[11.9357,8.2535],[11.867,8.2797],[11.8139,8.3033],[11.7804,8.3232],[11.7386,8.3664],[11.6512,8.4264],[11.6221,8.3762],[11.6012,8.3522],[11.5895,8.3316],[11.5778,8.3042],[11.5661,8.2847],[11.5463,8.2459],[11.523,8.215],[11.5044,8.1945],[11.4776,8.1694],[11.4335,8.1317],[11.4079,8.1066],[11.3905,8.0929],[11.3719,8.0712],[11.3626,8.0644],[11.3497,8.0438],[11.3415,8.0187]]]},"properties":{"lga_pcode":"NG002019","lga_name":"Toungo","state_pcode":"NG002","state_name":"Adamawa"}},
{"type":"Feature","geometry":{"type":"Polygon","coordinates":[[[6.8315,12.0465],[6.8142,12.0108],[6.7988,11.9927],[6.7865,11.9859],[6.7769,11.9872],[6.759,12.0033],[6.7509,11.9978],[6.7387,11.9681],[6.7276,11.9343],[6.7192,11.8934],[6.715,11.8809],[6.6998,11.8177],[6.6964,11.762],[6.7021,11.7413],[6.706,11.6979],[6.7144,11.679],[6.7227,11.6709],[6.7218,11.6574],[6.7101,11.6257],[6.7101,11.5978],[6.7407,11.5746],[6.7581,11.5683],[6.7755,11.5503],[6.7921,11.542],[6.8109,11.542],[6.8248,11.5461],[6.8331,11.5642],[6.8544,11.5952],[6.852,11.6207],[6.8552,11.6419],[6.8658,11.663],[6.869,11.6785],[6.8894,11.7264],[6.8902,11.7793],[6.8967,11.7948],[6.916,11.8026],[6.9261,11.7977],[6.9499,11.8077],[6.9847,11.8115],[7.0163,11.8175],[7.0219,11.8091],[7.0545,11.8009],[7.0724,11.8086],[7.0763,11.8193],[7.1064,11.8311],[7.1178,11.8542],[7.1411,11.8786],[7.1436,11.9111],[7.1549,11.9176],[7.1647,11.9119],[7.1997,11.9062],[7.2187,11.9111],[7.2306,11.9184],[7.235,11.9274],[7.2419,11.9333],[7.2347,11.9461],[7.2265,11.9461],[7.2168,11.9583],[7.2094,11.9851],[7.1533,12.0095],[7.1436,12.0152],[7.1061,12.0453],[7.0907,12.064],[7.1152,12.0905],[7.0871,12.0887],[7.0501,12.0831],[6.9845,12.076],[6.916,12.0864],[6.888,12.1099],[6.8484,12.0695],[6.8315,12.0465]]]},"properties":{"lga_pcode":"NG037013","lga_name":"Tsafe","state_pcode":"NG037","state_name":"Zamfara"}},
{"type":"Feature","geometry":{"type":"Polygon","coordinates":[[[8.1221,12.1958],[8.1199,12.2038],[8.1213,12.2298],[8.1265,12.246],[8.1347,12.2567],[8.1373,12.2725],[8.1222,12.2953],[8.109,12.308],[8.0899,12.315],[8.0821,12.3512],[8.0865,12.3583],[8.1139,12.3765],[8.1058,12.4036],[8.0882,12.4065],[8.0711,12.4055],[8.0257,12.3799],[8.0164,12.3819],[8.003,12.3743],[7.9917,12.3753],[7.9834,12.3681],[7.9276,12.3486],[7.9047,12.3312],[7.8936,12.3319],[7.8785,12.3172],[7.8701,12.2798],[7.8682,12.2454],[7.863,12.2322],[7.8785,12.2317],[7.8907,12.2257],[7.8986,12.2155],[7.9056,12.1966],[7.9204,12.1898],[7.9587,12.1848],[7.9901,12.1935],[8.0048,12.1784],[8.0058,12.1606],[8.0175,12.1661],[8.0379,12.1655],[8.0446,12.1747],[8.0757,12.1771],[8.0977,12.171],[8.1221,12.1958]]]},"properties":{"lga_pcode":"NG020040","lga_name":"Tsanyawa","state_pcode":"NG020","state_name":"Kano"}},
{"type":"Feature","geometry":{"type":"Polygon","coordinates":[[[8.3014,11.3301],[8.2979,11.3131],[8.2744,11.3062],[8.2638,11.2868],[8.2658,11.2777],[8.288,11.2623],[8.3066,11.2326],[8.3211,11.2168],[8.3294,11.2124],[8.3456,11.2152],[8.3593,11.2227],[8.3734,11.2208],[8.3895,11.2272],[8.415,11.2303],[8.434,11.2205],[8.4594,11.1945],[8.4701,11.189],[8.4826,11.1638],[8.5009,11.1548],[8.5368,11.1687],[8.5481,11.1836],[8.5846,11.2133],[8.5996,11.217],[8.6281,11.2349],[8.647,11.2297],[8.656,11.2044],[8.662,11.1661],[8.6595,11.1381],[8.665,11.1149],[8.6724,11.1024],[8.7074,11.0697],[8.7096,11.0383],[8.7174,11.0164],[8.7376,11.0067],[8.7507,10.9965],[8.7669,10.9656],[8.7887,10.9423],[8.7897,10.9477],[8.7802,10.987],[8.7782,11.0114],[8.7885,11.0502],[8.796,11.0679],[8.8104,11.0906],[8.8229,11.0995],[8.7889,11.1376],[8.7794,11.142],[8.766,11.159],[8.7407,11.1827],[8.7233,11.2124],[8.7226,11.2334],[8.731,11.2605],[8.7433,11.276],[8.7708,11.2874],[8.7784,11.3051],[8.7871,11.3567],[8.8009,11.3797],[8.8043,11.3921],[8.78,11.4476],[8.7645,11.469],[8.7529,11.4474],[8.7418,11.4365],[8.7067,11.4187],[8.6768,11.401],[8.6626,11.3833],[8.6469,11.3774],[8.6174,11.3457],[8.5991,11.3331],[8.5851,11.3315],[8.5441,11.3394],[8.5156,11.3548],[8.485,11.362],[8.4516,11.383],[8.4467,11.3899],[8.4181,11.4101],[8.4149,11.4005],[8.4002,11.3872],[8.3729,11.3688],[8.364,11.3557],[8.3422,11.344],[8.3084,11.3407],[8.3014,11.3301]]]},"properties":{"lga_pcode":"NG020041","lga_name":"Tudun Wada","state_pcode":"NG020","state_name":"Kano"}},
{"type":"Feature","geometry":{"type":"Polygon","coordinates":[[[5.7372,12.304],[5.7438,12.3255],[5.7418,12.3324],[5.759,12.3434],[5.7648,12.4239],[5.754,12.465],[5.751,12.4698],[5.7528,12.5064],[5.7452,12.531],[5.7333,12.5604],[5.7285,12.5905],[5.7054,12.6521],[5.6858,12.7137],[5.6654,12.7144],[5.6256,12.7122],[5.6131,12.7069],[5.5817,12.683],[5.5733,12.6829],[5.5381,12.6961],[5.506,12.695],[5.4841,12.6648],[5.4617,12.6442],[5.4507,12.6442],[5.4355,12.6555],[5.3887,12.676],[5.3424,12.6885],[5.3237,12.6632],[5.3286,12.6377],[5.3188,12.6256],[5.2998,12.6187],[5.2646,12.6227],[5.2609,12.6114],[5.2458,12.5645],[5.2452,12.5422],[5.2479,12.5308],[5.2728,12.4857],[5.2663,12.4573],[5.2678,12.4415],[5.2929,12.3691],[5.295,12.347],[5.2946,12.2973],[5.2929,12.2786],[5.3271,12.2725],[5.3502,12.2665],[5.4102,12.2591],[5.4376,12.2534],[5.4758,12.2524],[5.524,12.2615],[5.5411,12.2725],[5.5843,12.2727],[5.6125,12.2744],[5.631,12.2885],[5.6531,12.292],[5.6733,12.2885],[5.683,12.2771],[5.7103,12.2674],[5.7261,12.271],[5.7302,12.286],[5.7372,12.304]]]},"properties":{"lga_pcode":"NG034020","lga_name":"Tureta","state_pcode":"NG034","state_name":"Sokoto"}},
{"type":"Feature","geometry":{"type":"Polygon","coordinates":[[[7.4899,6.9206],[7.4829,6.9114],[7.4858,6.9014],[7.4767,6.8858],[7.4695,6.8845],[7.4532,6.8658],[7.4417,6.8797],[7.4322,6.8612],[7.4318,6.8524],[7.4609,6.8459],[7.4806,6.8366],[7.4879,6.8224],[7.5181,6.8336],[7.5457,6.8234],[7.5631,6.8194],[7.5879,6.8324],[7.6072,6.8392],[7.6209,6.8378],[7.6312,6.8305],[7.628,6.8158],[7.6548,6.8155],[7.6692,6.8212],[7.6867,6.8404],[7.6923,6.8518],[7.6746,6.8555],[7.6504,6.8894],[7.6202,6.9193],[7.5777,6.9327],[7.5643,6.9524],[7.5564,6.9788],[7.5407,6.9634],[7.5269,6.9566],[7.5231,6.9488],[7.4899,6.9206]]]},"properties":{"lga_pcode":"NG014015","lga_name":"Udenu","state_pcode":"NG014","state_name":"Enugu"}},
{"type":"Feature","geometry":{"type":"Polygon","coordinates":[[[7.444,6.3388],[7.4317,6.3628],[7.437,6.4065],[7.4409,6.4104],[7.4524,6.4234],[7.4474,6.4506],[7.4601,6.4809],[7.4632,6.5645],[7.4592,6.6169],[7.4287,6.6112],[7.4159,6.6112],[7.3998,6.6317],[7.3831,6.6251],[7.3763,6.6308],[7.3497,6.6413],[7.3392,6.6426],[7.3243,6.6535],[7.2995,6.6658],[7.2728,6.6697],[7.244,6.678],[7.2368,6.6777],[7.2113,6.6754],[7.196,6.6627],[7.1855,6.6374],[7.1633,6.6156],[7.1554,6.6033],[7.1504,6.5602],[7.1593,6.537],[7.165,6.5304],[7.1798,6.5287],[7.1934,6.5178],[7.2126,6.5095],[7.2392,6.5082],[7.2716,6.4911],[7.2855,6.4807],[7.3165,6.4658],[7.3453,6.4383],[7.3807,6.4117],[7.3894,6.3833],[7.3872,6.3667],[7.3789,6.3523],[7.3663,6.3427],[7.3232,6.3164],[7.3097,6.3044],[7.285,6.303],[7.2455,6.2756],[7.2618,6.266],[7.2854,6.2762],[7.2927,6.2663],[7.2814,6.254],[7.3084,6.2301],[7.3132,6.2218],[7.3176,6.1991],[7.3289,6.1978],[7.3499,6.2091],[7.371,6.2041],[7.3859,6.2275],[7.3964,6.2545],[7.4064,6.2633],[7.4186,6.282],[7.4265,6.31],[7.444,6.3388]]]},"properties":{"lga_pcode":"NG014016","lga_name":"Udi","state_pcode":"NG014","state_name":"Enugu"}},
{"type":"Feature","geometry":{"type":"Polygon","coordinates":[[[5.8197,5.5395],[5.8077,5.5401],[5.7939,5.5489],[5.7846,5.5402],[5.8044,5.5173],[5.7919,5.5097],[5.7794,5.5202],[5.7655,5.5223],[5.7756,5.5112],[5.7741,5.4935],[5.7554,5.4971],[5.7347,5.4921],[5.7212,5.4805],[5.7672,5.4662],[5.7715,5.4576],[5.7684,5.4464],[5.7417,5.4258],[5.7515,5.4193],[5.7906,5.4134],[5.8145,5.4153],[5.8411,5.4085],[5.8655,5.4212],[5.8818,5.4428],[5.8905,5.4644],[5.8904,5.4831],[5.8673,5.4933],[5.8501,5.5265],[5.8358,5.5402],[5.8197,5.5395]]]},"properties":{"lga_pcode":"NG010018","lga_name":"Udu","state_pcode":"NG010","state_name":"Delta"}},
{"type":"Feature","geometry":{"type":"Polygon","coordinates":[[[8.3036,4.7336],[8.3099,4.7248],[8.3175,4.7482],[8.3004,4.7679],[8.2839,4.7796],[8.2702,4.7765],[8.2214,4.7775],[8.2119,4.7622],[8.2162,4.7266],[8.2437,4.7324],[8.2569,4.7296],[8.2685,4.7193],[8.2919,4.723],[8.3036,4.7336]]]},"properties":{"lga_pcode":"NG003027","lga_name":"Udung Uko","state_pcode":"NG003","state_name":"Akwa Ibom"}},
{"type":"Feature","geometry":{"type":"Polygon","coordinates":[[[5.9082,5.6121],[5.9058,5.6084],[5.8784,5.6137],[5.8587,5.6136],[5.8461,5.5873],[5.8533,5.5754],[5.8504,5.5564],[5.8643,5.553],[5.884,5.5538],[5.9173,5.5465],[5.928,5.541],[5.9117,5.5263],[5.9054,5.515],[5.9071,5.5037],[5.9167,5.499],[5.9599,5.5031],[5.9706,5.5021],[5.9709,5.4837],[5.9897,5.4805],[5.9993,5.4743],[5.9872,5.4403],[5.9811,5.4312],[5.9942,5.3973],[6.0044,5.3919],[6.0188,5.3684],[6.0285,5.3269],[6.0262,5.3167],[6.0101,5.2871],[6.0047,5.2671],[6.0068,5.2459],[6.013,5.2339],[6.0283,5.2212],[6.0523,5.2092],[6.0712,5.2079],[6.0895,5.213],[6.1119,5.2152],[6.1547,5.226],[6.1615,5.2357],[6.1513,5.2398],[6.1178,5.2811],[6.0945,5.3191],[6.0943,5.3531],[6.0963,5.3642],[6.0891,5.3903],[6.088,5.4043],[6.062,5.4388],[6.0565,5.4533],[6.0577,5.4818],[6.0725,5.5131],[6.0868,5.5271],[6.1024,5.5314],[6.1166,5.5481],[6.1124,5.5751],[6.1239,5.5926],[6.1361,5.5954],[6.1633,5.5943],[6.1742,5.5985],[6.1945,5.6147],[6.2115,5.6217],[6.191,5.6444],[6.18,5.6652],[6.1737,5.7067],[6.1668,5.7265],[6.1627,5.7406],[6.1463,5.7377],[6.0919,5.7456],[6.0783,5.7461],[6.0517,5.7563],[6.049,5.7688],[6.0398,5.7646],[6.0157,5.7643],[5.9919,5.7544],[6.0076,5.7386],[6.0261,5.7131],[6.0397,5.7006],[6.0412,5.6855],[6.0542,5.6593],[6.0577,5.6468],[6.0585,5.6218],[6.0409,5.603],[6.0178,5.5903],[5.9913,5.5818],[5.9798,5.5622],[5.971,5.5587],[5.9587,5.5628],[5.9376,5.5771],[5.9246,5.5958],[5.9082,5.6121]]]},"properties":{"lga_pcode":"NG010019","lga_name":"Ughelli North","state_pcode":"NG010","state_name":"Delta"}},
{"type":"Feature","geometry":{"type":"Polygon","coordinates":[[[5.9843,5.1594],[5.9884,5.1841],[6.0021,5.1892],[6.0297,5.193],[6.0712,5.2079],[6.0523,5.2092],[6.0283,5.2212],[6.013,5.2339],[6.0068,5.2459],[6.0047,5.2671],[6.0101,5.2871],[6.0262,5.3167],[6.0285,5.3269],[6.0188,5.3684],[6.0044,5.3919],[5.9942,5.3973],[5.9811,5.4312],[5.9872,5.4403],[5.9993,5.4743],[5.9897,5.4805],[5.9709,5.4837],[5.9706,5.5021],[5.9599,5.5031],[5.9167,5.499],[5.9071,5.5037],[5.9054,5.515],[5.9117,5.5263],[5.928,5.541],[5.9173,5.5465],[5.884,5.5538],[5.8643,5.553],[5.8504,5.5564],[5.8358,5.5613],[5.8197,5.5395],[5.8358,5.5402],[5.8501,5.5265],[5.8673,5.4933],[5.8904,5.4831],[5.8905,5.4644],[5.8818,5.4428],[5.8655,5.4212],[5.8411,5.4085],[5.8145,5.4153],[5.7906,5.4134],[5.7515,5.4193],[5.7417,5.4258],[5.7079,5.4109],[5.7085,5.4026],[5.7229,5.3888],[5.7305,5.3577],[5.7313,5.3341],[5.749,5.3252],[5.7625,5.3378],[5.7781,5.3456],[5.7924,5.3464],[5.8012,5.3541],[5.8209,5.3543],[5.8501,5.3663],[5.8821,5.3638],[5.8957,5.3653],[5.9139,5.3791],[5.9139,5.3409],[5.8849,5.3368],[5.8489,5.3379],[5.8149,5.341],[5.8092,5.3369],[5.8027,5.3181],[5.8252,5.3058],[5.8083,5.2911],[5.7813,5.2913],[5.7495,5.2743],[5.7423,5.2683],[5.7484,5.2556],[5.778,5.2678],[5.812,5.2848],[5.8231,5.2869],[5.8466,5.2975],[5.8498,5.2843],[5.8496,5.2642],[5.8507,5.2387],[5.8473,5.2283],[5.8311,5.2115],[5.7944,5.2071],[5.7976,5.1895],[5.8046,5.1952],[5.8284,5.1909],[5.8331,5.1793],[5.8415,5.1746],[5.877,5.1899],[5.8964,5.1975],[5.906,5.1955],[5.9353,5.1721],[5.9543,5.1896],[5.9652,5.1897],[5.9727,5.1697],[5.9735,5.1579],[5.9843,5.1594]]]},"properties":{"lga_pcode":"NG010020","lga_name":"Ughelli South","state_pcode":"NG010","state_name":"Delta"}},
{"type":"Feature","geometry":{"type":"Polygon","coordinates":[[[7.3875,5.0827],[7.3753,5.0573],[7.3495,5.0522],[7.3345,5.0524],[7.3318,5.0666],[7.3164,5.0666],[7.3074,5.0784],[7.3031,5.0755],[7.2973,5.0625],[7.3016,5.0347],[7.289,4.9886],[7.2789,4.9801],[7.2829,4.9722],[7.31,4.9702],[7.3202,4.969],[7.3933,4.9827],[7.4144,4.9935],[7.4202,5.0024],[7.4186,5.0125],[7.3971,5.0395],[7.4089,5.0643],[7.4011,5.0819],[7.3875,5.0827]]]},"properties":{"lga_pcode":"NG001012","lga_name":"Ugwunagbo","state_pcode":"NG001","state_name":"Abia"}},
{"type":"Feature","geometry":{"type":"Polygon","coordinates":[[[6.0133,6.7731],[5.9915,6.7812],[5.9824,6.7802],[5.9506,6.79],[5.8844,6.7949],[5.8699,6.7985],[5.8627,6.7809],[5.8528,6.7669],[5.8438,6.7271],[5.8357,6.715],[5.8285,6.691],[5.8132,6.6575],[5.8024,6.627],[5.7989,6.6066],[5.7727,6.5685],[5.7601,6.5545],[5.7266,6.5329],[5.6786,6.4928],[5.6443,6.4536],[5.6389,6.4314],[5.6453,6.4185],[5.67,6.4087],[5.6882,6.4061],[5.701,6.3915],[5.721,6.33],[5.7299,6.3233],[5.7632,6.3151],[5.7801,6.3046],[5.8067,6.2827],[5.8275,6.2528],[5.8326,6.2587],[5.8726,6.2516],[5.9125,6.2502],[5.9505,6.2515],[5.9693,6.2825],[5.9812,6.313],[5.9802,6.3243],[5.9852,6.3574],[5.9982,6.3584],[6.0513,6.3493],[6.0696,6.3494],[6.0956,6.3547],[6.1259,6.3768],[6.1317,6.4045],[6.1259,6.4286],[6.1095,6.4622],[6.0994,6.481],[6.0729,6.5492],[6.0728,6.5732],[6.0845,6.6047],[6.0872,6.6213],[6.0913,6.6803],[6.0524,6.7263],[6.0251,6.7547],[6.0133,6.7731]]]},"properties":{"lga_pcode":"NG012018","lga_name":"Uhunmwonde","state_pcode":"NG012","state_name":"Edo"}},
{"type":"Feature","geometry":{"type":"Polygon","coordinates":[[[7.4958,4.8608],[7.5007,4.8343],[7.4887,4.8218],[7.5016,4.8078],[7.5215,4.7885],[7.5407,4.8038],[7.5595,4.8099],[7.569,4.8297],[7.5933,4.8332],[7.6338,4.8259],[7.6491,4.838],[7.658,4.8607],[7.6608,4.8773],[7.6573,4.9011],[7.6604,4.9386],[7.6364,4.9635],[7.597,4.9482],[7.5741,4.9446],[7.5463,4.9138],[7.5191,4.8893],[7.5044,4.8684],[7.4958,4.8608]]]},"properties":{"lga_pcode":"NG003028","lga_name":"Ukanafun","state_pcode":"NG003","state_name":"Akwa Ibom"}},
{"type":"Feature","geometry":{"type":"Polygon","coordinates":[[[9.8635,7.686],[9.845,7.7008],[9.7982,7.7269],[9.7635,7.7661],[9.6581,7.8455],[9.6244,7.8715],[9.57,7.8988],[9.5417,7.8945],[9.5036,7.8934],[9.459,7.8805],[9.4427,7.8707],[9.4339,7.8588],[9.3971,7.8447],[9.4056,7.8303],[9.4039,7.8057],[9.4104,7.759],[9.4365,7.7189],[9.443,7.6972],[9.4397,7.6646],[9.4473,7.6516],[9.4625,7.6429],[9.4766,7.6027],[9.4998,7.5219],[9.514,7.5267],[9.5314,7.5256],[9.5422,7.5028],[9.5748,7.4659],[9.5878,7.4539],[9.5965,7.4192],[9.603,7.4084],[9.6193,7.3997],[9.6314,7.4008],[9.6827,7.442],[9.6987,7.4429],[9.7063,7.4483],[9.7088,7.4717],[9.7263,7.5],[9.7434,7.5014],[9.764,7.4927],[9.7835,7.4677],[9.7933,7.4633],[9.8173,7.4795],[9.8228,7.5001],[9.8228,7.5132],[9.8283,7.5262],[9.8413,7.5348],[9.8526,7.5651],[9.855,7.5882],[9.8668,7.5952],[9.8698,7.6129],[9.897,7.6432],[9.9052,7.6475],[9.8635,7.686]]]},"properties":{"lga_pcode":"NG007021","lga_name":"Ukum","state_pcode":"NG007","state_name":"Benue"}},
{"type":"Feature","geometry":{"type":"Polygon","coordinates":[[[7.4915,4.9468],[7.4914,4.9595],[7.4821,4.9609],[7.4626,4.9733],[7.4711,4.9959],[7.4836,4.9963],[7.4919,5.0078],[7.5064,5.0133],[7.5154,5.0382],[7.5289,5.0386],[7.5251,5.0505],[7.4885,5.0377],[7.4561,5.0195],[7.4202,5.0024],[7.4144,4.9935],[7.3933,4.9827],[7.3202,4.969],[7.31,4.9702],[7.3148,4.9469],[7.3295,4.9194],[7.3287,4.8909],[7.3198,4.8796],[7.3308,4.8735],[7.3524,4.8719],[7.362,4.8653],[7.3928,4.8618],[7.4164,4.8667],[7.4292,4.8624],[7.4467,4.8454],[7.4662,4.8454],[7.4868,4.8276],[7.4887,4.8218],[7.5007,4.8343],[7.4958,4.8608],[7.4807,4.8827],[7.4871,4.8908],[7.4857,4.9032],[7.4771,4.9088],[7.4808,4.9328],[7.4915,4.9468]]]},"properties":{"lga_pcode":"NG001013","lga_name":"Ukwa East","state_pcode":"NG001","state_name":"Abia"}},
{"type":"Feature","geometry":{"type":"Polygon","coordinates":[[[7.1438,4.9132],[7.1404,4.9006],[7.1559,4.8837],[7.1738,4.8794],[7.1912,4.8639],[7.2151,4.8572],[7.2409,4.8569],[7.2714,4.873],[7.3078,4.8755],[7.3198,4.8796],[7.3287,4.8909],[7.3295,4.9194],[7.3148,4.9469],[7.31,4.9702],[7.2829,4.9722],[7.2789,4.9801],[7.289,4.9886],[7.3016,5.0347],[7.2973,5.0625],[7.3031,5.0755],[7.2955,5.0779],[7.2849,5.0984],[7.2704,5.1023],[7.2558,5.0773],[7.2514,5.0494],[7.2517,5.0331],[7.2412,4.994],[7.2351,4.981],[7.219,4.9783],[7.1851,4.9823],[7.1936,4.9664],[7.1949,4.953],[7.1685,4.9448],[7.1503,4.9243],[7.1438,4.9132]]]},"properties":{"lga_pcode":"NG001014","lga_name":"Ukwa West","state_pcode":"NG001","state_name":"Abia"}},
{"type":"Feature","geometry":{"type":"Polygon","coordinates":[[[6.1627,5.7406],[6.1668,5.7265],[6.1871,5.7374],[6.1994,5.7544],[6.1986,5.7856],[6.218,5.7732],[6.2431,5.7732],[6.2747,5.7763],[6.2969,5.7672],[6.3048,5.7753],[6.3274,5.7871],[6.3746,5.8015],[6.377,5.8153],[6.3739,5.8306],[6.3619,5.8595],[6.3213,5.9225],[6.2979,5.9426],[6.271,5.9601],[6.2438,5.9674],[6.2291,5.936],[6.2176,5.9165],[6.2014,5.897],[6.1797,5.8822],[6.1519,5.8577],[6.1209,5.8397],[6.127,5.8117],[6.1442,5.7668],[6.1627,5.7406]]]},"properties":{"lga_pcode":"NG010021","lga_name":"Ukwuani","state_pcode":"NG010","state_name":"Delta"}},
{"type":"Feature","geometry":{"type":"Polygon","coordinates":[[[7.5201,6.02],[7.5105,6.0214],[7.4758,6.0124],[7.4515,6.0138],[7.4306,6.0062],[7.4158,6.0062],[7.4012,6.0171],[7.397,6.0344],[7.3848,6.0373],[7.3763,6.04],[7.3391,6.0421],[7.3226,6.0038],[7.3183,5.9986],[7.2726,5.9977],[7.264,5.9915],[7.2545,5.9653],[7.261,5.9389],[7.2695,5.9199],[7.3352,5.9114],[7.3672,5.9035],[7.3879,5.9128],[7.3942,5.9102],[7.4122,5.9161],[7.4294,5.9149],[7.4676,5.9046],[7.4976,5.9077],[7.5396,5.9072],[7.5476,5.9334],[7.5406,5.9593],[7.5529,5.9663],[7.5534,5.9815],[7.5472,5.9949],[7.5366,6.0081],[7.5201,6.02]]]},"properties":{"lga_pcode":"NG001017","lga_name":"Umu-Nneochi","state_pcode":"NG001","state_name":"Abia"}},
{"type":"Feature","geometry":{"type":"Polygon","coordinates":[[[7.4662,5.6995],[7.4629,5.6855],[7.4401,5.6887],[7.4194,5.6989],[7.4003,5.7127],[7.3913,5.7019],[7.3816,5.7056],[7.3897,5.6915],[7.4082,5.677],[7.4163,5.6615],[7.4176,5.6485],[7.4285,5.6243],[7.4323,5.6094],[7.4228,5.5836],[7.4152,5.5759],[7.4174,5.5621],[7.447,5.5626],[7.4588,5.5494],[7.4583,5.5219],[7.4749,5.5157],[7.4902,5.4984],[7.5196,5.5015],[7.5388,5.4983],[7.552,5.5092],[7.5776,5.5119],[7.581,5.5273],[7.58,5.5666],[7.5716,5.5788],[7.5501,5.5886],[7.5147,5.6127],[7.503,5.6337],[7.4819,5.6328],[7.4654,5.6272],[7.4576,5.6345],[7.4531,5.6552],[7.4744,5.6663],[7.4775,5.6747],[7.4662,5.6995]]]},"properties":{"lga_pcode":"NG001015","lga_name":"Umuahia North","state_pcode":"NG001","state_name":"Abia"}},
{"type":"Feature","geometry":{"type":"Polygon","coordinates":[[[7.3735,5.4752],[7.3822,5.4647],[7.4554,5.4567],[7.4779,5.4518],[7.5079,5.4346],[7.525,5.4478],[7.5309,5.4606],[7.5388,5.4983],[7.5196,5.5015],[7.4902,5.4984],[7.4749,5.5157],[7.4583,5.5219],[7.4588,5.5494],[7.447,5.5626],[7.4174,5.5621],[7.4095,5.553],[7.4067,5.5332],[7.388,5.5104],[7.3735,5.4752]]]},"properties":{"lga_pcode":"NG001016","lga_name":"Umuahia South","state_pcode":"NG001","state_name":"Abia"}},
{"type":"Feature","geometry":{"type":"Polygon","coordinates":[[[8.4669,12.0631],[8.4738,12.0643],[8.4942,12.0562],[8.4989,12.0717],[8.5265,12.0546],[8.5448,12.0613],[8.5519,12.0503],[8.5632,12.0335],[8.5831,12.0357],[8.5963,12.0214],[8.613,12.0288],[8.6468,12.0363],[8.6535,12.0408],[8.6555,12.0711],[8.6525,12.0926],[8.6287,12.0905],[8.5961,12.0773],[8.5809,12.0866],[8.5647,12.1059],[8.5598,12.1194],[8.5507,12.1276],[8.5387,12.1299],[8.5066,12.1288],[8.4852,12.1208],[8.4653,12.0995],[8.4482,12.0897],[8.4442,12.0786],[8.4161,12.0506],[8.3921,12.0193],[8.4066,12.0051],[8.4201,11.9869],[8.4035,11.954],[8.4277,11.954],[8.4382,11.9677],[8.4697,11.9709],[8.469,11.9915],[8.4639,11.9988],[8.4693,12.0106],[8.4792,12.0164],[8.4797,12.0417],[8.4712,12.0502],[8.4669,12.0631]]]},"properties":{"lga_pcode":"NG020042","lga_name":"Ungogo","state_pcode":"NG020","state_name":"Kano"}},
{"type":"Feature","geometry":{"type":"Polygon","coordinates":[[[7.293,5.7697],[7.2742,5.7859],[7.2595,5.8023],[7.2458,5.8245],[7.2366,5.8467],[7.2261,5.854],[7.2155,5.8566],[7.2106,5.8491],[7.1933,5.8385],[7.1782,5.8083],[7.1859,5.7925],[7.1774,5.7772],[7.1621,5.7589],[7.1615,5.7563],[7.177,5.7465],[7.1758,5.736],[7.2157,5.7389],[7.2477,5.7581],[7.266,5.7442],[7.293,5.7697]]]},"properties":{"lga_pcode":"NG017027","lga_name":"Unuimo","state_pcode":"NG017","state_name":"Imo"}},
{"type":"Feature","geometry":{"type":"Polygon","coordinates":[[[8.0081,4.8994],[8.0275,4.9049],[8.0724,4.8915],[8.0892,4.8697],[8.1108,4.8889],[8.1159,4.8993],[8.1409,4.9197],[8.1531,4.9385],[8.1492,4.9394],[8.1282,4.969],[8.1222,4.9942],[8.1026,5.0238],[8.0982,5.043],[8.1004,5.0811],[8.0993,5.1071],[8.0952,5.1152],[8.0697,5.136],[8.0556,5.1331],[8.0086,5.1339],[7.9955,5.1228],[7.9658,5.1105],[7.9323,5.0791],[7.941,5.0739],[7.972,5.0661],[7.9846,5.0685],[7.9979,5.0611],[7.9975,5.0444],[8.0068,5.0318],[8.0194,5.0243],[8.0345,5.0072],[8.0346,4.9962],[8.0262,4.98],[8.0142,4.9724],[7.9936,4.9687],[8.0013,4.9422],[8.0009,4.9284],[8.0073,4.9175],[8.0081,4.8994]]]},"properties":{"lga_pcode":"NG003029","lga_name":"Uruan","state_pcode":"NG003","state_name":"Akwa Ibom"}},
{"type":"Feature","geometry":{"type":"Polygon","coordinates":[[[8.1516,4.6457],[8.1808,4.6652],[8.1975,4.6567],[8.202,4.6645],[8.2066,4.6732],[8.2099,4.6881],[8.1934,4.6992],[8.1901,4.7172],[8.1937,4.7245],[8.2162,4.7266],[8.2119,4.7622],[8.2214,4.7775],[8.1966,4.792],[8.1914,4.7995],[8.1767,4.7774],[8.1803,4.7654],[8.1614,4.7571],[8.1408,4.7558],[8.1289,4.7459],[8.1227,4.7314],[8.0921,4.6902],[8.1163,4.6852],[8.1347,4.6761],[8.1475,4.6641],[8.1516,4.6457]]]},"properties":{"lga_pcode":"NG003030","lga_name":"Urue-Offong/Oruko","state_pcode":"NG003","state_name":"Akwa Ibom"}},
{"type":"Feature","geometry":{"type":"Polygon","coordinates":[[[9.0694,7.2092],[9.026,7.2347],[9.0093,7.2497],[8.9842,7.2664],[8.9554,7.2765],[8.9204,7.2806],[8.9032,7.2749],[8.8699,7.2489],[8.8639,7.208],[8.8539,7.1997],[8.8107,7.2004],[8.8018,7.1938],[8.7899,7.1772],[8.7774,7.1673],[8.7696,7.1527],[8.7503,7.1444],[8.75,7.1392],[8.7712,7.1155],[8.781,7.1002],[8.7963,7.0855],[8.8523,7.047],[8.8774,7.0344],[8.8812,7.0288],[8.9339,7.0356],[8.9475,7.0245],[8.9759,7.0145],[8.9876,7.0279],[9.0143,7.0329],[9.0377,7.0279],[9.0443,7.0195],[9.046,7.0028],[9.0644,7.0128],[9.1061,7.0245],[9.1395,7.0145],[9.1462,7.0045],[9.1462,6.9811],[9.1512,6.9745],[9.1662,6.9711],[9.1712,6.9628],[9.1695,6.9461],[9.1814,6.9302],[9.2068,6.9291],[9.2597,6.896],[9.2964,6.8876],[9.3331,6.8909],[9.3865,6.9126],[9.4016,6.9259],[9.4049,6.9442],[9.4033,7.0076],[9.3933,7.0377],[9.3934,7.0577],[9.4061,7.073],[9.3383,7.1211],[9.3156,7.1325],[9.3132,7.1061],[9.3032,7.0928],[9.2832,7.0928],[9.2431,7.0845],[9.2247,7.0778],[9.2013,7.0862],[9.1563,7.0929],[9.1295,7.0996],[9.1034,7.1184],[9.0978,7.1296],[9.0678,7.1596],[9.0661,7.1847],[9.0694,7.2092]]]},"properties":{"lga_pcode":"NG007022","lga_name":"Ushongo","state_pcode":"NG007","state_name":"Benue"}},
{"type":"Feature","geometry":{"type":"Polygon","coordinates":[[[10.2425,7.4228],[10.2251,7.4115],[10.216,7.3953],[10.1856,7.3629],[10.1775,7.3417],[10.1613,7.3245],[10.1391,7.283],[10.1158,7.2557],[10.0865,7.2486],[10.0521,7.2456],[10.0237,7.2365],[9.9954,7.2173],[9.9711,7.193],[9.9347,7.1667],[9.9114,7.1434],[9.8952,7.1171],[9.8821,7.0877],[9.873,7.0614],[9.8608,7.0068],[9.8335,6.9269],[9.8269,6.8894],[9.8067,6.8581],[9.8037,6.8176],[9.8168,6.7883],[9.8205,6.7812],[9.8619,6.7804],[9.8738,6.7724],[9.8841,6.7732],[9.8953,6.7899],[9.9279,6.8217],[9.9557,6.844],[9.97,6.8711],[9.9987,6.8973],[10.013,6.9013],[10.0321,6.9275],[10.0623,6.9538],[10.11,6.9919],[10.1434,7.0269],[10.155,7.0414],[10.1999,7.0731],[10.2134,7.0937],[10.2325,7.1407],[10.2381,7.1812],[10.2349,7.2067],[10.2381,7.2409],[10.25,7.2616],[10.2635,7.2679],[10.2675,7.2783],[10.2556,7.3061],[10.2317,7.3459],[10.2293,7.3618],[10.2388,7.3864],[10.2532,7.3983],[10.2444,7.4111],[10.2425,7.4228]]]},"properties":{"lga_pcode":"NG035013","lga_name":"Ussa","state_pcode":"NG035","state_name":"Taraba"}},
{"type":"Feature","geometry":{"type":"Polygon","coordinates":[[[5.6968,5.5728],[5.709,5.5668],[5.7364,5.5451],[5.7481,5.5382],[5.7655,5.5223],[5.7794,5.5202],[5.7919,5.5097],[5.8044,5.5173],[5.7846,5.5402],[5.7939,5.5489],[5.8077,5.5401],[5.8197,5.5395],[5.8358,5.5613],[5.8504,5.5564],[5.8533,5.5754],[5.8461,5.5873],[5.826,5.5758],[5.8185,5.5827],[5.8145,5.6009],[5.8075,5.6163],[5.7999,5.6227],[5.7823,5.6284],[5.7669,5.6235],[5.7059,5.5818],[5.6968,5.5728]]]},"properties":{"lga_pcode":"NG010022","lga_name":"Uvwie","state_pcode":"NG010","state_name":"Delta"}},
{"type":"Feature","geometry":{"type":"Polygon","coordinates":[[[7.7943,4.8881],[7.799,4.88],[7.807,4.8778],[7.8231,4.8773],[7.8322,4.8843],[7.8325,4.9091],[7.8266,4.9304],[7.8421,4.9837],[7.8455,4.9877],[7.8552,4.9953],[7.8693,5.0133],[7.8826,5.0007],[7.9188,4.9964],[7.9572,4.9938],[7.9786,4.9761],[7.9936,4.9687],[8.0142,4.9724],[8.0262,4.98],[8.0346,4.9962],[8.0345,5.0072],[8.0194,5.0243],[8.0068,5.0318],[7.9975,5.0444],[7.9979,5.0611],[7.9846,5.0685],[7.972,5.0661],[7.941,5.0739],[7.9323,5.0791],[7.9114,5.0448],[7.8901,5.031],[7.8798,5.0413],[7.8718,5.041],[7.8455,5.0314],[7.8377,5.0346],[7.8264,5.0624],[7.824,5.0912],[7.8112,5.0945],[7.817,5.0833],[7.8102,5.0746],[7.8197,5.0412],[7.8327,5.0073],[7.8283,4.9841],[7.816,4.9581],[7.8056,4.9032],[7.7943,4.8881]]]},"properties":{"lga_pcode":"NG003031","lga_name":"Uyo","state_pcode":"NG003","state_name":"Akwa Ibom"}},
{"type":"Feature","geometry":{"type":"Polygon","coordinates":[[[6.9317,6.6987],[6.9565,6.71],[6.9909,6.7131],[7.0166,6.7061],[7.0463,6.6874],[7.0557,6.6965],[7.0702,6.6856],[7.1016,6.6756],[7.1291,6.6595],[7.1317,6.6434],[7.1177,6.6155],[7.1095,6.5932],[7.092,6.5758],[7.0781,6.5575],[7.0633,6.5549],[7.0554,6.5453],[7.0485,6.5274],[7.0463,6.5008],[7.0497,6.4744],[7.0821,6.4767],[7.0987,6.4833],[7.1164,6.5026],[7.123,6.506],[7.134,6.5348],[7.1493,6.554],[7.1504,6.5602],[7.1554,6.6033],[7.1633,6.6156],[7.1855,6.6374],[7.196,6.6627],[7.2113,6.6754],[7.2368,6.6777],[7.2579,6.6935],[7.2811,6.7009],[7.3174,6.7234],[7.3324,6.7248],[7.3287,6.7334],[7.3117,6.7544],[7.2945,6.7681],[7.2898,6.777],[7.2995,6.8076],[7.2982,6.8338],[7.2903,6.85],[7.2816,6.8587],[7.2418,6.8832],[7.217,6.8932],[7.2099,6.9028],[7.1877,6.9012],[7.1759,6.8965],[7.1704,6.8839],[7.1562,6.8831],[7.1468,6.8642],[7.12,6.8484],[7.1129,6.8374],[7.1011,6.8287],[7.0814,6.8004],[7.0601,6.7949],[7.0554,6.7862],[7.042,6.783],[7.0207,6.7893],[6.9908,6.7854],[6.9853,6.7988],[6.99,6.8232],[6.9868,6.8445],[6.9782,6.85],[6.9608,6.8409],[6.9522,6.8279],[6.949,6.7886],[6.9321,6.7677],[6.9334,6.7353],[6.9317,6.6987]]]},"properties":{"lga_pcode":"NG014017","lga_name":"Uzo-Uwani","state_pcode":"NG014","state_name":"Enugu"}},
{"type":"Feature","geometry":{"type":"Polygon","coordinates":[[[8.992,6.6924],[8.9977,6.6831],[9.0271,6.6508],[9.0476,6.6438],[9.0704,6.6425],[9.0874,6.6513],[9.1117,6.6599],[9.1231,6.6731],[9.1494,6.6844],[9.1682,6.6867],[9.1728,6.6959],[9.1828,6.7459],[9.1828,6.7709],[9.1745,6.7843],[9.1728,6.7993],[9.2046,6.8693],[9.2129,6.8843],[9.2068,6.9291],[9.1814,6.9302],[9.1695,6.9461],[9.1712,6.9628],[9.1662,6.9711],[9.1512,6.9745],[9.1462,6.9811],[9.1462,7.0045],[9.1395,7.0145],[9.1061,7.0245],[9.0644,7.0128],[9.046,7.0028],[9.0443,7.0195],[9.0377,7.0279],[9.0143,7.0329],[8.9876,7.0279],[8.9759,7.0145],[8.9475,7.0245],[8.9339,7.0356],[8.8812,7.0288],[8.8956,7.0072],[8.9173,6.982],[8.9264,6.968],[8.9467,6.9226],[8.9659,6.8761],[8.9659,6.8477],[8.9609,6.8344],[8.943,6.8105],[8.9773,6.786],[8.9949,6.7766],[9.0075,6.7578],[8.9914,6.7466],[8.9704,6.704],[8.9703,6.6914],[8.992,6.6924]]]},"properties":{"lga_pcode":"NG007023","lga_name":"Vandeikya","state_pcode":"NG007","state_name":"Benue"}},
{"type":"Feature","geometry":{"type":"Polygon","coordinates":[[[4.9634,13.0825],[5.0118,13.0467],[5.013,13.0238],[4.9801,13.0129],[4.9603,12.9902],[4.9588,12.9709],[4.9701,12.9492],[5.0064,12.9491],[5.0286,12.9395],[5.0454,12.9291],[5.0587,12.9631],[5.0735,12.9775],[5.091,12.9844],[5.1154,12.987],[5.1398,12.9827],[5.163,12.9626],[5.176,12.9587],[5.1904,12.9465],[5.1935,12.9543],[5.2192,12.9753],[5.2253,12.991],[5.2362,12.9932],[5.2432,13.0036],[5.2577,13.0075],[5.2471,13.0125],[5.2409,13.0311],[5.2298,13.0306],[5.2295,13.0447],[5.2121,13.0523],[5.2021,13.0469],[5.1911,13.0488],[5.193,13.0654],[5.1887,13.0904],[5.1917,13.0965],[5.2258,13.1074],[5.2489,13.1018],[5.2454,13.1227],[5.248,13.1476],[5.2541,13.1637],[5.2506,13.1877],[5.2279,13.1977],[5.2061,13.196],[5.1795,13.1986],[5.166,13.2025],[5.1525,13.2165],[5.1259,13.2285],[5.1067,13.1903],[5.0949,13.182],[5.0582,13.1667],[5.0476,13.158],[5.0088,13.1461],[4.9585,13.1169],[4.9527,13.1082],[4.9634,13.0825]]]},"properties":{"lga_pcode":"NG034021","lga_name":"Wamako","state_pcode":"NG034","state_name":"Sokoto"}},
{"type":"Feature","geometry":{"type":"Polygon","coordinates":[[[8.5243,8.9054],[8.5312,8.8792],[8.5153,8.8554],[8.5065,8.8474],[8.5043,8.836],[8.5096,8.8245],[8.5302,8.8206],[8.5572,8.8052],[8.5792,8.7999],[8.6029,8.8133],[8.6395,8.8237],[8.6447,8.8305],[8.6597,8.8354],[8.7326,8.8357],[8.7765,8.8411],[8.7995,8.8473],[8.8239,8.8621],[8.8547,8.8857],[8.8737,8.9057],[8.8903,8.927],[8.8998,8.9482],[8.9069,8.9741],[8.9273,9.0161],[8.8502,9.03],[8.7982,9.0316],[8.7899,9.0428],[8.7895,9.0524],[8.7994,9.0712],[8.7919,9.0834],[8.7802,9.0868],[8.7601,9.1052],[8.7613,9.1207],[8.7675,9.1363],[8.765,9.1652],[8.749,9.178],[8.7081,9.1878],[8.687,9.1849],[8.6675,9.1899],[8.6569,9.2106],[8.6571,9.2265],[8.6511,9.2064],[8.6264,9.1919],[8.6242,9.1496],[8.6112,9.1059],[8.5945,9.0915],[8.5668,9.0608],[8.5595,9.029],[8.5476,9.0142],[8.5333,9.0044],[8.5043,9.0014],[8.5147,8.9611],[8.518,8.9338],[8.5243,8.9054]]]},"properties":{"lga_pcode":"NG026013","lga_name":"Wamba","state_pcode":"NG026","state_name":"Nasarawa"}},
{"type":"Feature","geometry":{"type":"Polygon","coordinates":[[[8.863,11.9604],[8.8373,11.9798],[8.8125,11.9751],[8.783,11.9607],[8.7556,11.9593],[8.7303,11.9732],[8.7037,11.9986],[8.6954,11.9991],[8.6442,11.9693],[8.6225,11.9683],[8.6098,11.98],[8.6029,11.9713],[8.618,11.9609],[8.6302,11.9425],[8.6312,11.9272],[8.6415,11.9207],[8.6658,11.89],[8.6777,11.8846],[8.7004,11.8679],[8.7212,11.8417],[8.7287,11.8257],[8.7428,11.8214],[8.7929,11.8231],[8.8188,11.8146],[8.8326,11.798],[8.8422,11.813],[8.8415,11.8328],[8.8458,11.8446],[8.8629,11.8533],[8.8681,11.871],[8.8718,11.9002],[8.8685,11.9281],[8.8586,11.9453],[8.863,11.9604]]]},"properties":{"lga_pcode":"NG020043","lga_name":"Warawa","state_pcode":"NG020","state_name":"Kano"}},
{"type":"Feature","geometry":{"type":"Polygon","coordinates":[[[9.625,11.2525],[9.6182,11.2399],[9.612,11.21],[9.5976,11.1779],[9.5973,11.1537],[9.6074,11.1098],[9.6199,11.0659],[9.6203,11.0575],[9.6417,11.0552],[9.6687,11.0459],[9.7627,11.0421],[9.8297,11.0456],[9.8543,11.0496],[9.8529,11.0662],[9.8563,11.0823],[9.8537,11.1088],[9.8582,11.1215],[9.8895,11.1518],[9.8917,11.1622],[9.8764,11.1735],[9.8657,11.1861],[9.8465,11.2353],[9.8346,11.2513],[9.8249,11.2823],[9.8014,11.2854],[9.7898,11.2784],[9.749,11.2629],[9.7175,11.2633],[9.6776,11.2552],[9.6496,11.2537],[9.625,11.2525]]]},"properties":{"lga_pcode":"NG005019","lga_name":"Warji","state_pcode":"NG005","state_name":"Bauchi"}},
{"type":"Feature","geometry":{"type":"Polygon","coordinates":[[[4.9992,5.9218],[4.9839,5.8985],[5.0303,5.8257],[5.0399,5.8035],[5.0495,5.7887],[5.0656,5.7804],[5.073,5.7822],[5.0847,5.7687],[5.0804,5.7526],[5.0869,5.7256],[5.1121,5.6899],[5.22,5.6973],[5.2428,5.6957],[5.2493,5.7103],[5.2606,5.7164],[5.2825,5.7165],[5.3046,5.707],[5.3257,5.7152],[5.329,5.7314],[5.3436,5.7428],[5.3364,5.7648],[5.3355,5.79],[5.3566,5.8046],[5.3681,5.8036],[5.3711,5.8138],[5.3914,5.8269],[5.4135,5.8225],[5.4307,5.8305],[5.4433,5.8257],[5.4552,5.8293],[5.4612,5.8191],[5.4786,5.8306],[5.4931,5.8296],[5.5005,5.8433],[5.5011,5.8641],[5.5147,5.8704],[5.5209,5.8511],[5.5338,5.8553],[5.5522,5.8513],[5.5644,5.8535],[5.5657,5.8625],[5.5562,5.8701],[5.5657,5.8778],[5.5567,5.8958],[5.5384,5.8998],[5.5233,5.9204],[5.5151,5.9266],[5.5171,5.9363],[5.5416,5.9372],[5.5639,5.9582],[5.572,5.9777],[5.5713,5.9909],[5.5463,5.9854],[5.5366,5.9899],[5.5326,6.0117],[5.5235,6.0127],[5.5153,6.0219],[5.513,6.0353],[5.4914,6.0386],[5.4897,6.03],[5.4655,6.0278],[5.4562,6.0224],[5.4521,6.0343],[5.4425,6.0406],[5.4275,6.0307],[5.4311,6.0088],[5.4154,6.0081],[5.4112,6.0202],[5.3882,6.0178],[5.3657,6.0197],[5.3422,6.0162],[5.3274,6.0183],[5.323,6.0053],[5.327,5.9827],[5.3365,5.9844],[5.3452,5.9753],[5.3587,5.9696],[5.3261,5.9418],[5.3151,5.9347],[5.3043,5.9196],[5.2913,5.9122],[5.2752,5.9092],[5.2697,5.9189],[5.2682,5.9392],[5.2561,5.9501],[5.2491,5.9701],[5.2478,5.9866],[5.265,6.0438],[5.2702,6.0543],[5.2565,6.0652],[5.2389,6.0624],[5.2337,6.0736],[5.2313,6.1012],[5.2337,6.1124],[5.2174,6.1363],[5.2226,6.1487],[5.2094,6.1535],[5.184,6.1474],[5.1794,6.159],[5.1687,6.1636],[5.1615,6.1427],[5.1455,6.1416],[5.1351,6.1698],[5.127,6.1639],[5.1011,6.1249],[5.0759,6.078],[5.0417,6.0051],[5.0164,5.9486],[4.9992,5.9218]]]},"properties":{"lga_pcode":"NG010023","lga_name":"Warri North","state_pcode":"NG010","state_name":"Delta"}},
{"type":"Feature","geometry":{"type":"Polygon","coordinates":[[[5.6242,5.7145],[5.6098,5.7464],[5.6171,5.7714],[5.6144,5.7811],[5.5961,5.7772],[5.578,5.7859],[5.5699,5.7994],[5.5583,5.829],[5.5466,5.8373],[5.5522,5.8513],[5.5338,5.8553],[5.5209,5.8511],[5.5147,5.8704],[5.5011,5.8641],[5.5005,5.8433],[5.4931,5.8296],[5.4857,5.8161],[5.4857,5.8057],[5.5252,5.7942],[5.5253,5.7769],[5.5376,5.7729],[5.5492,5.7563],[5.5404,5.7521],[5.5206,5.763],[5.5091,5.7601],[5.5071,5.7504],[5.5325,5.6972],[5.5251,5.6611],[5.4912,5.6345],[5.4975,5.6102],[5.5166,5.591],[5.5425,5.569],[5.5501,5.5497],[5.5678,5.5352],[5.5815,5.5152],[5.5639,5.4998],[5.5633,5.479],[5.5736,5.4729],[5.5912,5.4841],[5.6143,5.4815],[5.6361,5.49],[5.6599,5.4902],[5.6721,5.4855],[5.6898,5.4731],[5.7021,5.4684],[5.7212,5.4805],[5.7347,5.4921],[5.7554,5.4971],[5.7741,5.4935],[5.7756,5.5112],[5.7655,5.5223],[5.7481,5.5382],[5.7364,5.5451],[5.709,5.5668],[5.6968,5.5728],[5.6784,5.582],[5.6397,5.6111],[5.6759,5.6553],[5.6876,5.6618],[5.6532,5.684],[5.6296,5.7035],[5.6242,5.7145]]]},"properties":{"lga_pcode":"NG010024","lga_name":"Warri South","state_pcode":"NG010","state_name":"Delta"}},
{"type":"Feature","geometry":{"type":"Polygon","coordinates":[[[5.7079,5.4109],[5.7417,5.4258],[5.7684,5.4464],[5.7715,5.4576],[5.7672,5.4662],[5.7212,5.4805],[5.7021,5.4684],[5.6898,5.4731],[5.6721,5.4855],[5.6599,5.4902],[5.6361,5.49],[5.6143,5.4815],[5.5912,5.4841],[5.5736,5.4729],[5.5633,5.479],[5.5639,5.4998],[5.5815,5.5152],[5.5678,5.5352],[5.5501,5.5497],[5.5425,5.569],[5.5166,5.591],[5.4975,5.6102],[5.4912,5.6345],[5.5251,5.6611],[5.5325,5.6972],[5.5071,5.7504],[5.5091,5.7601],[5.5206,5.763],[5.5404,5.7521],[5.5492,5.7563],[5.5376,5.7729],[5.5253,5.7769],[5.5252,5.7942],[5.4857,5.8057],[5.4857,5.8161],[5.4931,5.8296],[5.4786,5.8306],[5.4612,5.8191],[5.4552,5.8293],[5.4433,5.8257],[5.4307,5.8305],[5.4135,5.8225],[5.3914,5.8269],[5.3711,5.8138],[5.3681,5.8036],[5.3566,5.8046],[5.3355,5.79],[5.3364,5.7648],[5.3436,5.7428],[5.329,5.7314],[5.3257,5.7152],[5.3046,5.707],[5.2825,5.7165],[5.2606,5.7164],[5.2493,5.7103],[5.2428,5.6957],[5.22,5.6973],[5.1121,5.6899],[5.1186,5.6656],[5.1315,5.6377],[5.1563,5.6099],[5.1774,5.5944],[5.1933,5.5795],[5.1793,5.5681],[5.1644,5.5412],[5.1703,5.5302],[5.1912,5.5049],[5.2101,5.4764],[5.2303,5.4569],[5.2486,5.4556],[5.2753,5.4596],[5.3047,5.4587],[5.3242,5.455],[5.3969,5.415],[5.4467,5.4115],[5.4698,5.4158],[5.5194,5.41],[5.5481,5.3943],[5.5957,5.3808],[5.6352,5.3846],[5.6718,5.3939],[5.6881,5.4121],[5.6996,5.4177],[5.7079,5.4109]]]},"properties":{"lga_pcode":"NG010025","lga_name":"Warri South West","state_pcode":"NG010","state_name":"Delta"}},
{"type":"Feature","geometry":{"type":"Polygon","coordinates":[[[5.3047,11.7843],[5.2984,11.7865],[5.28,11.7704],[5.2348,11.7697],[5.2217,11.7543],[5.2094,11.7605],[5.2048,11.7704],[5.1726,11.7835],[5.1634,11.7727],[5.1749,11.7582],[5.1711,11.7413],[5.1488,11.7336],[5.1389,11.7221],[5.1174,11.7198],[5.0998,11.7282],[5.0756,11.7237],[5.0342,11.7315],[5.0157,11.7289],[5.0246,11.7175],[5.0477,11.7101],[5.0541,11.7006],[5.0587,11.6439],[5.0672,11.6255],[5.081,11.604],[5.0925,11.5779],[5.1124,11.5572],[5.1343,11.5449],[5.1481,11.5411],[5.155,11.5436],[5.1839,11.5432],[5.2083,11.5351],[5.2537,11.5271],[5.3135,11.529],[5.3364,11.5344],[5.3603,11.5339],[5.3714,11.5467],[5.3711,11.5783],[5.3608,11.6118],[5.3947,11.6215],[5.4401,11.6127],[5.4396,11.5983],[5.4577,11.5596],[5.4783,11.5364],[5.4904,11.5113],[5.4925,11.5009],[5.4642,11.5026],[5.4446,11.4894],[5.4126,11.4729],[5.4009,11.4618],[5.3945,11.4436],[5.3993,11.4268],[5.398,11.4027],[5.4205,11.3828],[5.4498,11.3381],[5.4764,11.31],[5.4888,11.3043],[5.4958,11.2931],[5.4959,11.2757],[5.4912,11.2662],[5.4914,11.2488],[5.501,11.2457],[5.541,11.2556],[5.5689,11.2574],[5.5932,11.2468],[5.6175,11.231],[5.6548,11.222],[5.6904,11.2237],[5.745,11.1989],[5.7756,11.1881],[5.795,11.1693],[5.8048,11.1409],[5.8067,11.114],[5.8198,11.0777],[5.8333,11.0562],[5.8632,11.0576],[5.9114,11.0649],[5.9211,11.0705],[5.9516,11.1066],[5.9741,11.1364],[5.9934,11.146],[6.0085,11.141],[6.0177,11.1819],[6.0229,11.1977],[6.036,11.2215],[6.0545,11.24],[6.0624,11.2427],[6.1289,11.2537],[6.155,11.3091],[6.1494,11.3458],[6.1306,11.3745],[6.0663,11.4187],[6.0299,11.4541],[6.0211,11.4694],[6.0091,11.4804],[5.9922,11.487],[5.9665,11.4899],[5.9176,11.4903],[5.8563,11.4795],[5.827,11.4797],[5.82,11.4955],[5.8166,11.5136],[5.8172,11.5362],[5.8234,11.5652],[5.8404,11.5907],[5.8429,11.6101],[5.8393,11.6338],[5.8279,11.6464],[5.8193,11.6494],[5.7822,11.6763],[5.7659,11.6935],[5.7573,11.682],[5.7448,11.6811],[5.7305,11.6945],[5.7247,11.6849],[5.7113,11.682],[5.6921,11.6676],[5.672,11.66],[5.6585,11.6686],[5.6461,11.6629],[5.5933,11.6696],[5.5598,11.6859],[5.555,11.6753],[5.5416,11.6657],[5.5243,11.6629],[5.5118,11.6686],[5.4697,11.6686],[5.458,11.6723],[5.4503,11.6976],[5.4311,11.7045],[5.4081,11.7029],[5.3889,11.7075],[5.3628,11.7098],[5.3529,11.7045],[5.346,11.7121],[5.3414,11.729],[5.3306,11.739],[5.3306,11.7467],[5.3184,11.7666],[5.3107,11.7704],[5.3047,11.7843]]]},"properties":{"lga_pcode":"NG022019","lga_name":"Wasagu/Danko","state_pcode":"NG022","state_name":"Kebbi"}},
{"type":"Feature","geometry":{"type":"Polygon","coordinates":[[[10.2456,8.8044],[10.2919,8.8344],[10.3051,8.8453],[10.3251,8.8566],[10.3411,8.8798],[10.3691,8.9019],[10.3805,8.9145],[10.3972,8.9239],[10.4202,8.944],[10.4638,8.9632],[10.5098,8.9687],[10.5662,8.9696],[10.5967,8.9761],[10.6063,8.9921],[10.6272,9.019],[10.6298,9.0364],[10.6374,9.0558],[10.6379,9.0818],[10.6225,9.094],[10.6361,9.119],[10.6337,9.1305],[10.6177,9.1413],[10.6104,9.1757],[10.6105,9.1895],[10.5999,9.196],[10.5966,9.2234],[10.5801,9.2458],[10.5778,9.2979],[10.5809,9.3134],[10.5781,9.3326],[10.5599,9.3511],[10.5666,9.3726],[10.56,9.3897],[10.5692,9.3998],[10.5478,9.4046],[10.4939,9.4022],[10.4081,9.383],[10.3905,9.388],[10.3668,9.4005],[10.3489,9.4132],[10.3274,9.4359],[10.291,9.4442],[10.2605,9.4443],[10.2511,9.442],[10.2182,9.4421],[10.1971,9.4457],[10.1713,9.4574],[10.1595,9.4586],[10.1419,9.4517],[10.1184,9.4343],[10.1018,9.3912],[10.0935,9.3633],[10.0605,9.3168],[9.9971,9.2901],[9.997,9.2797],[10.0165,9.2691],[10.0251,9.2598],[10.0239,9.2481],[10.0098,9.2284],[9.991,9.2319],[9.9864,9.2388],[9.9641,9.2339],[9.9531,9.2219],[9.9381,9.2135],[9.9151,9.2105],[9.9164,9.1835],[9.9268,9.1666],[9.9313,9.1514],[9.9154,9.1217],[9.916,9.1082],[9.9243,9.0951],[9.9196,9.0717],[9.9125,9.0579],[9.8994,9.0515],[9.877,9.0351],[9.8679,9.0231],[9.8685,9.0096],[9.881,8.9909],[9.8814,8.9812],[9.873,8.9557],[9.8756,8.9404],[9.8901,8.9179],[9.8851,8.9022],[9.8723,8.8861],[9.8792,8.8614],[9.8722,8.8476],[9.8752,8.8246],[9.8721,8.8071],[9.8873,8.7711],[9.895,8.7714],[9.9034,8.7563],[9.9022,8.7389],[9.9085,8.7295],[9.9126,8.6814],[9.9207,8.6722],[9.9334,8.6496],[9.965,8.6317],[9.9785,8.6322],[9.9942,8.6252],[10.0103,8.6105],[10.0075,8.5872],[10.008,8.553],[10.0518,8.5917],[10.0662,8.6132],[10.0972,8.6457],[10.1164,8.6725],[10.1803,8.7325],[10.1881,8.7484],[10.2241,8.7846],[10.2357,8.7921],[10.2456,8.8044]]]},"properties":{"lga_pcode":"NG032017","lga_name":"Wase","state_pcode":"NG032","state_name":"Plateau"}},
{"type":"Feature","geometry":{"type":"Polygon","coordinates":[[[8.8718,11.9002],[8.8681,11.871],[8.8629,11.8533],[8.8458,11.8446],[8.8415,11.8328],[8.8422,11.813],[8.8326,11.798],[8.803,11.7663],[8.7906,11.7554],[8.7723,11.7455],[8.7619,11.7346],[8.7626,11.723],[8.7571,11.7123],[8.7632,11.7056],[8.7793,11.7107],[8.7986,11.6939],[8.8101,11.6966],[8.8185,11.6899],[8.8322,11.6658],[8.8554,11.6689],[8.8689,11.6507],[8.8835,11.6664],[8.8981,11.6482],[8.9032,11.6344],[8.8886,11.6187],[8.8782,11.6161],[8.8788,11.6009],[8.8953,11.5956],[8.954,11.6057],[8.947,11.6148],[8.9428,11.6345],[8.9483,11.6463],[8.9668,11.6504],[8.9723,11.6588],[8.9705,11.6774],[8.9408,11.7078],[8.9207,11.734],[8.9071,11.7569],[8.908,11.7639],[8.8944,11.7879],[8.8961,11.8043],[8.9229,11.8378],[8.958,11.8693],[8.9574,11.8844],[8.946,11.8933],[8.9257,11.8927],[8.915,11.897],[8.9073,11.9189],[8.8932,11.9219],[8.8821,11.9052],[8.8718,11.9002]]]},"properties":{"lga_pcode":"NG020044","lga_name":"Wudil","state_pcode":"NG020","state_name":"Kano"}},
{"type":"Feature","geometry":{"type":"Polygon","coordinates":[[[9.1791,7.9081],[9.1832,7.8957],[9.1722,7.8866],[9.1625,7.8691],[9.15,7.8599],[9.1243,7.8269],[9.1157,7.8084],[9.1203,7.7933],[9.1302,7.788],[9.1902,7.8104],[9.2251,7.8183],[9.2726,7.8229],[9.3148,7.8348],[9.3866,7.8447],[9.3971,7.8447],[9.4339,7.8588],[9.4427,7.8707],[9.459,7.8805],[9.5036,7.8934],[9.5417,7.8945],[9.57,7.8988],[9.6244,7.8715],[9.6581,7.8455],[9.7635,7.7661],[9.7982,7.7269],[9.845,7.7008],[9.8635,7.686],[9.9215,7.7252],[9.9489,7.7312],[9.963,7.7434],[9.9804,7.7699],[10.0278,7.8203],[10.0723,7.8577],[10.1118,7.882],[10.1492,7.9215],[10.1694,7.9478],[10.2053,8.0049],[10.2382,8.0419],[10.2726,8.0672],[10.3141,8.0763],[10.3297,8.0818],[10.3326,8.0984],[10.3313,8.1582],[10.3242,8.1886],[10.2959,8.2381],[10.2747,8.2503],[10.2463,8.2574],[10.2079,8.2584],[10.1462,8.2381],[10.1016,8.2351],[10.0602,8.2341],[10.0328,8.2371],[9.9733,8.2961],[9.9387,8.2827],[9.8993,8.2564],[9.8851,8.2311],[9.8679,8.1805],[9.8355,8.1157],[9.8042,8.0914],[9.7657,8.0823],[9.7253,8.0833],[9.7125,8.0892],[9.6494,8.1046],[9.6069,8.1056],[9.5634,8.1016],[9.5371,8.0924],[9.5239,8.0773],[9.4915,8.0702],[9.4349,8.0398],[9.3843,8.0196],[9.359,7.9983],[9.3355,7.9855],[9.2811,7.9559],[9.2507,7.9447],[9.2204,7.9265],[9.1791,7.9081]]]},"properties":{"lga_pcode":"NG035014","lga_name":"Wukari","state_pcode":"NG035","state_name":"Taraba"}},
{"type":"Feature","geometry":{"type":"Polygon","coordinates":[[[5.4915,13.357],[5.4752,13.3405],[5.4451,13.3362],[5.432,13.3275],[5.3986,13.3133],[5.3886,13.3052],[5.3543,13.2645],[5.355,13.2543],[5.3346,13.2309],[5.3104,13.2146],[5.3177,13.1936],[5.3456,13.1902],[5.3475,13.1823],[5.3417,13.1678],[5.3237,13.152],[5.3317,13.1185],[5.3365,13.113],[5.3514,13.1131],[5.3761,13.1192],[5.3898,13.119],[5.4134,13.1299],[5.4294,13.1333],[5.4559,13.1445],[5.5208,13.1788],[5.5653,13.2117],[5.5972,13.2325],[5.6139,13.2474],[5.6343,13.2566],[5.6684,13.2643],[5.7194,13.2431],[5.7393,13.2348],[5.7569,13.2311],[5.7764,13.2344],[5.794,13.2485],[5.8108,13.2528],[5.8315,13.2537],[5.8497,13.2667],[5.8503,13.2854],[5.8426,13.2914],[5.8119,13.2979],[5.7623,13.3162],[5.7439,13.3198],[5.721,13.3208],[5.6237,13.3078],[5.6038,13.3021],[5.5847,13.3011],[5.5525,13.3083],[5.5155,13.3283],[5.5032,13.3402],[5.4915,13.357]]]},"properties":{"lga_pcode":"NG034022","lga_name":"Wurno","state_pcode":"NG034","state_name":"Sokoto"}},
{"type":"Feature","geometry":{"type":"Polygon","coordinates":[[[6.2232,9.7071],[6.2258,9.7142],[6.2235,9.738],[6.2333,9.8183],[6.2369,9.8281],[6.2382,9.8539],[6.2363,9.8816],[6.2308,9.8914],[6.2064,9.9006],[6.2001,9.8982],[6.1952,9.884],[6.1773,9.8718],[6.1679,9.8529],[6.148,9.8203],[6.0567,9.8151],[5.9916,9.8198],[5.933,9.8201],[5.9156,9.8266],[5.9168,9.8647],[5.9219,9.8844],[5.9499,9.9014],[5.9677,9.9075],[5.9826,9.9338],[5.9806,9.9425],[5.9505,9.9249],[5.9307,9.9158],[5.9079,9.8952],[5.894,9.8665],[5.8732,9.8157],[5.871,9.7842],[5.8333,9.7207],[5.7997,9.7132],[5.7824,9.7166],[5.7623,9.7308],[5.6599,9.7602],[5.6223,9.7446],[5.596,9.7285],[5.595,9.7191],[5.6092,9.6915],[5.6078,9.6858],[5.6181,9.6752],[5.6372,9.6646],[5.6456,9.6543],[5.7076,9.6106],[5.7198,9.586],[5.7311,9.5688],[5.7322,9.5556],[5.7421,9.5266],[5.7517,9.5141],[5.7803,9.4895],[5.7983,9.4822],[5.803,9.4921],[5.8207,9.5093],[5.8383,9.5079],[5.8651,9.4899],[5.8893,9.4863],[5.893,9.4816],[5.9101,9.4945],[5.9125,9.5015],[5.9339,9.5138],[5.9416,9.5368],[5.9604,9.5512],[5.9771,9.5564],[5.9975,9.5534],[6.0181,9.5549],[6.0366,9.5505],[6.052,9.5505],[6.0602,9.5593],[6.0896,9.5556],[6.1221,9.5763],[6.1332,9.5792],[6.1668,9.5487],[6.1734,9.5322],[6.184,9.5323],[6.2032,9.5416],[6.2208,9.5268],[6.2297,9.537],[6.2264,9.5513],[6.2003,9.579],[6.1978,9.5942],[6.2028,9.6287],[6.1952,9.6446],[6.1927,9.664],[6.2033,9.6917],[6.2232,9.7071]]]},"properties":{"lga_pcode":"NG027025","lga_name":"Wushishi","state_pcode":"NG027","state_name":"Niger"}},
{"type":"Feature","geometry":{"type":"Polygon","coordinates":[[[4.8128,12.7564],[4.825,12.7493],[4.8505,12.7276],[4.8632,12.7201],[4.8692,12.7106],[4.8867,12.6673],[4.8849,12.6431],[4.9056,12.6402],[4.9639,12.6456],[4.9928,12.6627],[5.0268,12.6654],[5.0474,12.6764],[5.0693,12.6766],[5.0829,12.6861],[5.0807,12.7061],[5.0835,12.7215],[5.0911,12.7359],[5.0859,12.7636],[5.0924,12.7873],[5.069,12.8007],[5.0787,12.8373],[5.1005,12.8545],[5.1004,12.8631],[5.0879,12.8911],[5.0454,12.9291],[5.0286,12.9395],[5.0064,12.9491],[4.9701,12.9492],[4.9632,12.9421],[4.9579,12.9173],[4.9422,12.8933],[4.91,12.8793],[4.8868,12.8754],[4.8485,12.8754],[4.8336,12.8706],[4.7983,12.8684],[4.7741,12.8571],[4.7894,12.8431],[4.7972,12.8247],[4.7994,12.8093],[4.8132,12.7882],[4.8163,12.7742],[4.8128,12.7564]]]},"properties":{"lga_pcode":"NG034023","lga_name":"Yabo","state_pcode":"NG034","state_name":"Sokoto"}},
{"type":"Feature","geometry":{"type":"Polygon","coordinates":[[[5.7381,7.8192],[5.76,7.8342],[5.7892,7.8619],[5.8014,7.879],[5.8267,7.905],[5.8349,7.924],[5.8275,7.9408],[5.8055,7.9505],[5.7982,7.9579],[5.7697,7.9758],[5.7535,8.0254],[5.7536,8.0408],[5.7629,8.0547],[5.782,8.0972],[5.7979,8.1218],[5.8079,8.1519],[5.8257,8.1879],[5.8398,8.2065],[5.8631,8.2244],[5.9368,8.2897],[5.985,8.322],[6.0275,8.345],[6.0625,8.3548],[6.087,8.354],[6.078,8.3694],[6.0827,8.4018],[6.0601,8.3938],[6.0406,8.393],[6.0137,8.4003],[5.9909,8.4019],[5.9568,8.4084],[5.9121,8.4239],[5.8494,8.4223],[5.8185,8.4271],[5.8055,8.4255],[5.7827,8.4279],[5.7486,8.4377],[5.7047,8.4458],[5.6882,8.4529],[5.6884,8.4157],[5.6957,8.3857],[5.6949,8.3694],[5.6973,8.3263],[5.7014,8.3051],[5.6991,8.2882],[5.6819,8.2754],[5.6798,8.2407],[5.6634,8.2161],[5.6589,8.2011],[5.6538,8.1694],[5.6352,8.1351],[5.6331,8.1213],[5.6372,8.0912],[5.6436,8.074],[5.6597,8.0698],[5.6399,8.0538],[5.6472,8.041],[5.6507,8.0236],[5.6625,8.0152],[5.6681,8.0023],[5.6476,7.9862],[5.6455,7.963],[5.627,7.9571],[5.6096,7.9661],[5.6016,7.9637],[5.5988,7.9519],[5.6086,7.9108],[5.6142,7.8656],[5.6232,7.843],[5.6427,7.8287],[5.6588,7.8277],[5.7102,7.8301],[5.729,7.8283],[5.7381,7.8192]]]},"properties":{"lga_pcode":"NG023020","lga_name":"Yagba East","state_pcode":"NG023","state_name":"Kogi"}},
{"type":"Feature","geometry":{"type":"Polygon","coordinates":[[[5.4464,8.4797],[5.4331,8.4665],[5.4124,8.4524],[5.3966,8.4383],[5.3726,8.4092],[5.3419,8.3752],[5.3215,8.3411],[5.3245,8.3338],[5.3323,8.3312],[5.3532,8.3099],[5.3532,8.2868],[5.3567,8.2747],[5.3723,8.2742],[5.3971,8.292],[5.4184,8.2838],[5.4223,8.2512],[5.4188,8.2355],[5.4575,8.2064],[5.4662,8.2025],[5.4882,8.2083],[5.527,8.2048],[5.5397,8.1907],[5.5367,8.1564],[5.5327,8.1468],[5.518,8.1312],[5.5045,8.1238],[5.498,8.1107],[5.5139,8.1112],[5.5136,8.0838],[5.5038,8.0236],[5.5087,8.0176],[5.5766,8.0712],[5.5992,8.0737],[5.6436,8.074],[5.6372,8.0912],[5.6331,8.1213],[5.6352,8.1351],[5.6538,8.1694],[5.6589,8.2011],[5.6634,8.2161],[5.6798,8.2407],[5.6819,8.2754],[5.6991,8.2882],[5.7014,8.3051],[5.6973,8.3263],[5.6949,8.3694],[5.6957,8.3857],[5.6884,8.4157],[5.6882,8.4529],[5.6429,8.4629],[5.5997,8.4889],[5.5745,8.506],[5.5542,8.5125],[5.5444,8.5231],[5.5241,8.5369],[5.5132,8.5385],[5.4962,8.529],[5.4766,8.4999],[5.4464,8.4797]]]},"properties":{"lga_pcode":"NG023021","lga_name":"Yagba West","state_pcode":"NG023","state_name":"Kogi"}},
{"type":"Feature","geometry":{"type":"Polygon","coordinates":[[[8.0496,5.7997],[8.0656,5.7629],[8.092,5.7286],[8.1218,5.7023],[8.131,5.6782],[8.1425,5.6679],[8.1571,5.6623],[8.2021,5.6634],[8.2179,5.6722],[8.229,5.6682],[8.2429,5.6753],[8.2828,5.7007],[8.3382,5.7428],[8.3234,5.7647],[8.2986,5.8097],[8.2807,5.85],[8.2671,5.8684],[8.2534,5.8639],[8.2398,5.8686],[8.2307,5.8802],[8.2297,5.8985],[8.2412,5.9134],[8.23,5.9318],[8.197,5.9435],[8.1879,5.9493],[8.173,5.9738],[8.1533,5.9673],[8.1616,5.946],[8.1501,5.9404],[8.1342,5.9387],[8.1037,5.9293],[8.1018,5.921],[8.0871,5.9053],[8.0756,5.887],[8.0776,5.8491],[8.0683,5.8262],[8.0496,5.7997]]]},"properties":{"lga_pcode":"NG009018","lga_name":"Yakurr","state_pcode":"NG009","state_name":"Cross River"}},
{"type":"Feature","geometry":{"type":"Polygon","coordinates":[[[8.9294,6.8204],[8.8598,6.8597],[8.8393,6.8691],[8.7596,6.8914],[8.7209,6.8963],[8.7037,6.8964],[8.6693,6.8702],[8.6567,6.8657],[8.609,6.8596],[8.6019,6.85],[8.6416,6.8188],[8.6368,6.7981],[8.6207,6.781],[8.5784,6.7652],[8.5441,6.7586],[8.5156,6.7599],[8.4687,6.7465],[8.4505,6.7478],[8.4403,6.757],[8.4278,6.7582],[8.4106,6.7538],[8.3934,6.7424],[8.3749,6.7069],[8.3611,6.6933],[8.3211,6.6786],[8.2945,6.6787],[8.3065,6.6607],[8.3092,6.6394],[8.3224,6.6344],[8.3211,6.6139],[8.3248,6.5895],[8.3301,6.5917],[8.3401,6.5753],[8.3519,6.5744],[8.3587,6.564],[8.3742,6.5635],[8.3715,6.5481],[8.3914,6.5504],[8.4001,6.5363],[8.391,6.5231],[8.4191,6.5145],[8.406,6.485],[8.4087,6.4777],[8.4228,6.4777],[8.4237,6.4664],[8.4387,6.4468],[8.4323,6.4332],[8.4568,6.4282],[8.4536,6.406],[8.4441,6.4023],[8.445,6.3855],[8.4073,6.3746],[8.3992,6.3538],[8.3917,6.3065],[8.3944,6.297],[8.4109,6.2821],[8.4311,6.2875],[8.4596,6.2873],[8.4731,6.2844],[8.493,6.3002],[8.4923,6.3164],[8.4989,6.3358],[8.5112,6.3466],[8.5034,6.3628],[8.4957,6.3846],[8.4936,6.4065],[8.4857,6.4226],[8.4699,6.4445],[8.478,6.4548],[8.4906,6.4616],[8.5293,6.4499],[8.5453,6.4555],[8.5442,6.4658],[8.5541,6.4857],[8.5768,6.5163],[8.5963,6.5241],[8.637,6.5508],[8.6637,6.5587],[8.6817,6.5728],[8.6918,6.5853],[8.7009,6.6155],[8.7154,6.6277],[8.7315,6.6459],[8.7453,6.6562],[8.7511,6.6676],[8.7661,6.6836],[8.7787,6.6915],[8.8073,6.704],[8.8153,6.7131],[8.8374,6.725],[8.8602,6.7468],[8.8753,6.7521],[8.883,6.7597],[8.9294,6.8204]]]},"properties":{"lga_pcode":"NG009019","lga_name":"Yala","state_pcode":"NG009","state_name":"Cross River"}},
{"type":"Feature","geometry":{"type":"Polygon","coordinates":[[[11.4822,10.0478],[11.5368,10.0225],[11.5389,10.0189],[11.5654,10.0331],[11.5887,10.0575],[11.6151,10.0726],[11.6323,10.0793],[11.6838,10.0869],[11.7164,10.0836],[11.7476,10.0849],[11.7826,10.0776],[11.8003,10.0618],[11.8162,10.0535],[11.8286,10.0539],[11.8111,10.0748],[11.8068,10.087],[11.76,10.1337],[11.7488,10.1553],[11.7399,10.1642],[11.7102,10.167],[11.6853,10.1819],[11.6637,10.1959],[11.6013,10.2081],[11.5891,10.2249],[11.5829,10.2493],[11.5653,10.2874],[11.5334,10.3051],[11.5435,10.3261],[11.602,10.3566],[11.6355,10.3946],[11.6359,10.4657],[11.6404,10.5001],[11.6502,10.5293],[11.6488,10.5432],[11.6391,10.5621],[11.6402,10.609],[11.6023,10.603],[11.5833,10.5939],[11.5515,10.5879],[11.5276,10.5676],[11.5219,10.569],[11.5165,10.5424],[11.5109,10.5353],[11.5095,10.52],[11.4995,10.5118],[11.4828,10.5053],[11.4153,10.5033],[11.4111,10.4869],[11.415,10.4539],[11.4199,10.4333],[11.4189,10.4142],[11.4143,10.409],[11.3749,10.3876],[11.3522,10.3934],[11.3355,10.3877],[11.2941,10.3598],[11.2765,10.3436],[11.2671,10.3403],[11.1991,10.3538],[11.1829,10.3535],[11.1804,10.3378],[11.1888,10.34],[11.2065,10.3192],[11.2141,10.3052],[11.2313,10.2596],[11.2661,10.2164],[11.2775,10.1995],[11.2792,10.1889],[11.2897,10.1745],[11.3145,10.1638],[11.3145,10.1541],[11.3047,10.1508],[11.2948,10.1387],[11.2887,10.1117],[11.2941,10.1003],[11.32,10.0786],[11.3425,10.0692],[11.3629,10.0682],[11.405,10.0785],[11.4474,10.0675],[11.4822,10.0478]]]},"properties":{"lga_pcode":"NG016011","lga_name":"Yamaltu/Deba","state_pcode":"NG016","state_name":"Gombe"}},
{"type":"Feature","geometry":{"type":"Polygon","coordinates":[[[8.5366,12.8341],[8.4956,12.8345],[8.4886,12.8363],[8.455,12.8261],[8.4337,12.8161],[8.3995,12.8268],[8.3937,12.7937],[8.4017,12.7677],[8.3985,12.7458],[8.4024,12.7147],[8.3956,12.6995],[8.4221,12.7048],[8.4582,12.7022],[8.4851,12.7328],[8.5016,12.7366],[8.538,12.7279],[8.5463,12.7142],[8.5441,12.7015],[8.534,12.6888],[8.5313,12.6682],[8.54,12.6461],[8.5565,12.6462],[8.5624,12.6597],[8.5911,12.6799],[8.6121,12.6867],[8.6359,12.6984],[8.6478,12.6912],[8.6771,12.7052],[8.6509,12.7303],[8.6121,12.7335],[8.6074,12.7404],[8.6097,12.7531],[8.5957,12.7667],[8.6003,12.7864],[8.5908,12.8117],[8.5567,12.8299],[8.5366,12.8341]]]},"properties":{"lga_pcode":"NG018027","lga_name":"Yankwashi","state_pcode":"NG018","state_name":"Jigawa"}},
{"type":"Feature","geometry":{"type":"Polygon","coordinates":[[[4.6892,10.6424],[4.6988,10.6213],[4.715,10.6252],[4.7138,10.6647],[4.721,10.686],[4.7342,10.7012],[4.7384,10.7221],[4.7443,10.7673],[4.7449,10.8112],[4.7739,10.8403],[4.7916,10.8471],[4.7967,10.8552],[4.8024,10.8787],[4.8022,10.8937],[4.774,10.9018],[4.765,10.9098],[4.7346,10.9124],[4.7246,10.9064],[4.7322,10.8973],[4.742,10.8732],[4.7375,10.8506],[4.7201,10.8159],[4.7148,10.7706],[4.7065,10.7412],[4.7005,10.7065],[4.6975,10.6673],[4.6892,10.6424]]]},"properties":{"lga_pcode":"NG022020","lga_name":"Yauri","state_pcode":"NG022","state_name":"Kebbi"}},
{"type":"Feature","geometry":{"type":"Polygon","coordinates":[[[6.5558,5.2029],[6.5492,5.2127],[6.5528,5.2265],[6.5666,5.237],[6.5478,5.2578],[6.5374,5.2649],[6.5309,5.2845],[6.5197,5.2764],[6.487,5.2407],[6.4393,5.2137],[6.4009,5.1948],[6.3885,5.1936],[6.3977,5.1707],[6.4011,5.1549],[6.3957,5.1373],[6.3583,5.0938],[6.3219,5.0856],[6.2987,5.0626],[6.2831,5.0612],[6.2676,5.0471],[6.2612,5.023],[6.2486,5.0098],[6.2071,4.9738],[6.1598,4.9398],[6.1474,4.9406],[6.1527,4.8821],[6.1804,4.8817],[6.2156,4.8753],[6.238,4.8519],[6.2604,4.8439],[6.272,4.8449],[6.2909,4.8792],[6.3235,4.9025],[6.349,4.916],[6.4183,4.9724],[6.4217,4.9816],[6.4104,4.9911],[6.4116,5.0046],[6.439,5.0529],[6.4439,5.0681],[6.4605,5.098],[6.4779,5.1374],[6.4767,5.1727],[6.4948,5.1868],[6.5445,5.1863],[6.5534,5.1898],[6.5558,5.2029]]]},"properties":{"lga_pcode":"NG006008","lga_name":"Yenegoa","state_pcode":"NG006","state_name":"Bayelsa"}},
{"type":"Feature","geometry":{"type":"Polygon","coordinates":[[[12.4216,9.3101],[12.41,9.2968],[12.4024,9.281],[12.4023,9.2631],[12.4116,9.2366],[12.42,9.2238],[12.4373,9.2128],[12.4658,9.2186],[12.4785,9.2277],[12.4821,9.2497],[12.464,9.2835],[12.4408,9.2944],[12.4216,9.3101]]]},"properties":{"lga_pcode":"NG002020","lga_name":"Yola North","state_pcode":"NG002","state_name":"Adamawa"}},
{"type":"Feature","geometry":{"type":"Polygon","coordinates":[[[12.1149,9.2403],[12.1136,9.2334],[12.0977,9.2166],[12.0669,9.1885],[12.0838,9.1836],[12.1092,9.171],[12.1196,9.1733],[12.1579,9.1961],[12.1857,9.2098],[12.2157,9.2388],[12.2379,9.2532],[12.2633,9.2611],[12.3038,9.2497],[12.3281,9.2302],[12.3419,9.2073],[12.3754,9.1673],[12.4042,9.1295],[12.421,9.1146],[12.4607,9.1032],[12.4724,9.1041],[12.5137,9.099],[12.548,9.0969],[12.5557,9.0994],[12.5752,9.1228],[12.5899,9.1363],[12.5949,9.1601],[12.6023,9.1709],[12.6074,9.1963],[12.6065,9.2425],[12.5817,9.2297],[12.5485,9.226],[12.503,9.2315],[12.4821,9.2497],[12.4785,9.2277],[12.4658,9.2186],[12.4373,9.2128],[12.42,9.2238],[12.4116,9.2366],[12.4023,9.2631],[12.4024,9.281],[12.41,9.2968],[12.4216,9.3101],[12.4012,9.3261],[12.3862,9.3421],[12.3701,9.3639],[12.3585,9.3867],[12.3378,9.4108],[12.3135,9.4451],[12.2925,9.4593],[12.221,9.3968],[12.1965,9.3813],[12.1781,9.367],[12.1121,9.3325],[12.1108,9.3241],[12.119,9.2853],[12.1187,9.2611],[12.1149,9.2403]]]},"properties":{"lga_pcode":"NG002021","lga_name":"Yola South","state_pcode":"NG002","state_name":"Adamawa"}},
{"type":"Feature","geometry":{"type":"Polygon","coordinates":[[[11.5311,8.6669],[11.5686,8.6704],[11.577,8.6742],[11.6076,8.6773],[11.6369,8.6734],[11.6754,8.6579],[11.6982,8.645],[11.7108,8.6335],[11.7798,8.6094],[11.7895,8.6436],[11.7517,8.6734],[11.7324,8.6829],[11.7215,8.6963],[11.7021,8.7075],[11.6931,8.7175],[11.6689,8.7579],[11.6628,8.7767],[11.6484,8.7916],[11.6313,8.8272],[11.6342,8.8377],[11.6273,8.8754],[11.6199,8.8855],[11.5985,8.9035],[11.5858,8.9185],[11.5851,8.9323],[11.5582,8.9588],[11.5574,8.9743],[11.5736,8.9941],[11.6306,9.0209],[11.6576,9.0273],[11.6941,9.0532],[11.7103,9.0712],[11.7068,9.0745],[11.6949,9.1068],[11.6954,9.1328],[11.6985,9.1438],[11.6759,9.1458],[11.6693,9.142],[11.6299,9.142],[11.5926,9.1334],[11.581,9.1259],[11.5547,9.1023],[11.5135,9.0693],[11.4913,9.0683],[11.4481,9.0767],[11.4208,9.0737],[11.3959,9.0588],[11.368,9.0333],[11.3475,8.996],[11.3213,8.9851],[11.3436,8.9336],[11.3757,8.9074],[11.3871,8.8836],[11.4128,8.8485],[11.4398,8.822],[11.4585,8.7882],[11.464,8.7798],[11.4777,8.7458],[11.4902,8.7343],[11.496,8.7207],[11.5178,8.694],[11.5311,8.6669]]]},"properties":{"lga_pcode":"NG035015","lga_name":"Yorro","state_pcode":"NG035","state_name":"Taraba"}},
{"type":"Feature","geometry":{"type":"Polygon","coordinates":[[[11.7231,12.8594],[11.7278,12.85],[11.7407,12.845],[11.7648,12.852],[11.7826,12.8611],[11.8338,12.8679],[11.8766,12.8686],[11.8902,12.8716],[11.8996,12.8797],[11.8991,12.8927],[11.8882,12.9093],[11.9179,12.9514],[11.9295,12.9605],[11.9567,12.9695],[11.963,12.9664],[11.992,12.9385],[12.0181,12.9228],[12.048,12.8944],[12.099,12.872],[12.1373,12.8623],[12.1564,12.8637],[12.1933,12.8712],[12.2238,12.8882],[12.2705,12.9318],[12.3124,12.9644],[12.3532,12.9833],[12.3666,12.9846],[12.3944,12.9928],[12.4054,13.0015],[12.4056,13.0196],[12.4007,13.0525],[12.3941,13.0771],[12.3749,13.0759],[12.3524,13.0793],[12.3436,13.0859],[12.3231,13.0854],[12.3062,13.0958],[12.2935,13.0958],[12.2805,13.0861],[12.2724,13.0888],[12.2703,13.1036],[12.257,13.1143],[12.2411,13.1146],[12.2337,13.1073],[12.211,13.1148],[12.2026,13.1227],[12.1769,13.1204],[12.1874,13.1066],[12.1636,13.1021],[12.1509,13.1086],[12.1493,13.0969],[12.0967,13.1048],[12.0548,13.1216],[12.0142,13.1511],[12.0113,13.1578],[11.9794,13.1854],[11.9271,13.2241],[11.8793,13.2487],[11.8024,13.2662],[11.7835,13.2686],[11.7081,13.285],[11.6665,13.2966],[11.6046,13.3179],[11.5436,13.3469],[11.5084,13.3544],[11.4855,13.3658],[11.475,13.3679],[11.4625,13.3626],[11.4394,13.3594],[11.4046,13.3696],[11.377,13.3721],[11.2977,13.375],[11.2799,13.3745],[11.2835,13.3592],[11.2785,13.3241],[11.2818,13.3154],[11.2816,13.2935],[11.293,13.2766],[11.3037,13.2369],[11.31,13.2233],[11.3214,13.2099],[11.3245,13.1966],[11.3242,13.1515],[11.3283,13.1412],[11.3449,13.1267],[11.3647,13.1204],[11.3781,13.0916],[11.3864,13.0793],[11.4071,13.0586],[11.4227,13.0503],[11.4278,13.0246],[11.412,13.0022],[11.3913,12.9887],[11.4146,12.978],[11.4329,12.9796],[11.4607,12.974],[11.4923,12.97],[11.5301,12.9731],[11.561,12.9785],[11.5814,12.9787],[11.6049,12.9732],[11.6257,12.9628],[11.6599,12.9235],[11.7025,12.8945],[11.72,12.8708],[11.7231,12.8594]]]},"properties":{"lga_pcode":"NG036016","lga_name":"Yunusari","state_pcode":"NG036","state_name":"Yobe"}},
{"type":"Feature","geometry":{"type":"Polygon","coordinates":[[[11.3913,12.9887],[11.412,13.0022],[11.4278,13.0246],[11.4227,13.0503],[11.4071,13.0586],[11.3864,13.0793],[11.3781,13.0916],[11.3647,13.1204],[11.3449,13.1267],[11.3283,13.1412],[11.3242,13.1515],[11.3245,13.1966],[11.3214,13.2099],[11.31,13.2233],[11.3037,13.2369],[11.293,13.2766],[11.2816,13.2935],[11.2818,13.3154],[11.2785,13.3241],[11.2835,13.3592],[11.2799,13.3745],[11.2218,13.374],[11.0862,13.375],[11.0576,13.374],[10.988,13.374],[10.9402,13.3708],[10.9214,13.3727],[10.8955,13.3688],[10.885,13.3705],[10.8469,13.3651],[10.8236,13.3689],[10.7975,13.3638],[10.7458,13.363],[10.7188,13.3662],[10.682,13.3617],[10.654,13.3524],[10.6202,13.344],[10.5834,13.3256],[10.5711,13.3241],[10.5591,13.3168],[10.525,13.3073],[10.4924,13.2948],[10.4657,13.2821],[10.4415,13.2816],[10.399,13.2768],[10.3656,13.2758],[10.2892,13.27],[10.2812,13.2706],[10.2655,13.2429],[10.2614,13.2262],[10.2617,13.1937],[10.2543,13.1718],[10.2554,13.1577],[10.2479,13.101],[10.2572,13.0688],[10.2771,13.1032],[10.2917,13.1113],[10.3061,13.1252],[10.3539,13.1383],[10.3988,13.1345],[10.4111,13.1359],[10.4268,13.1283],[10.4278,13.1149],[10.4184,13.1037],[10.4225,13.0934],[10.4527,13.0789],[10.46,13.0717],[10.4829,13.0378],[10.4922,13.0149],[10.5048,13.0428],[10.5348,13.0545],[10.5597,13.0536],[10.5862,13.047],[10.6075,13.0456],[10.6367,13.05],[10.6613,13.0571],[10.6913,13.0707],[10.7101,13.1019],[10.724,13.1142],[10.7454,13.1259],[10.7757,13.136],[10.7904,13.1441],[10.8469,13.1654],[10.8532,13.1695],[10.896,13.1764],[10.9232,13.1773],[10.9326,13.1732],[10.9356,13.1578],[10.9261,13.1373],[10.9083,13.122],[10.903,13.1067],[10.9008,13.082],[10.8934,13.0624],[10.872,13.0427],[10.8663,13.024],[10.8739,13.0123],[10.8878,13.0042],[10.9117,12.9804],[10.9262,12.9496],[10.9387,12.9454],[10.9533,12.9495],[10.9774,12.9647],[11.0223,12.9724],[11.0462,12.9717],[11.0701,12.9748],[11.1166,12.9713],[11.1644,12.9756],[11.1744,12.9729],[11.1763,12.9631],[11.1677,12.9484],[11.21,12.9532],[11.2456,12.9509],[11.2824,12.9554],[11.2977,12.9541],[11.3362,12.9617],[11.3761,12.9842],[11.3913,12.9887]]]},"properties":{"lga_pcode":"NG036017","lga_name":"Yusufari","state_pcode":"NG036","state_name":"Yobe"}},
{"type":"Feature","geometry":{"type":"Polygon","coordinates":[[[10.1957,12.3272],[10.2006,12.2998],[10.1731,12.2612],[10.1685,12.2486],[10.1453,12.1489],[10.1471,12.1264],[10.1643,12.0733],[10.1642,12.059],[10.1545,12.0411],[10.1727,12.0533],[10.1746,12.0634],[10.2075,12.0652],[10.2108,12.061],[10.1973,12.0411],[10.1984,12.0208],[10.196,11.9797],[10.202,11.968],[10.2158,11.9586],[10.2146,11.9435],[10.2554,11.9374],[10.2749,11.929],[10.3249,11.8965],[10.3352,11.8942],[10.3642,11.8959],[10.3856,11.903],[10.4005,11.9026],[10.4235,11.9078],[10.4369,11.9147],[10.4309,11.9334],[10.428,11.9562],[10.4199,11.9721],[10.4196,11.9913],[10.4014,12.0381],[10.3971,12.0646],[10.3979,12.0794],[10.4064,12.1143],[10.4051,12.1552],[10.3905,12.1674],[10.3782,12.1711],[10.3423,12.1713],[10.3229,12.175],[10.3188,12.1905],[10.3271,12.1998],[10.3183,12.2245],[10.3392,12.249],[10.358,12.2784],[10.3817,12.2974],[10.4227,12.3164],[10.4328,12.3134],[10.4462,12.3012],[10.4603,12.278],[10.4775,12.2716],[10.4809,12.2768],[10.4826,12.3162],[10.5135,12.3669],[10.5217,12.3716],[10.5356,12.3701],[10.545,12.341],[10.5547,12.3332],[10.57,12.3283],[10.5887,12.329],[10.6142,12.3392],[10.6344,12.341],[10.6583,12.3364],[10.681,12.3555],[10.6983,12.3583],[10.7319,12.3527],[10.7465,12.3581],[10.7598,12.3696],[10.7574,12.3752],[10.7513,12.4615],[10.7055,12.4733],[10.6781,12.4876],[10.643,12.4982],[10.6332,12.5143],[10.6105,12.5215],[10.5941,12.5201],[10.5848,12.5074],[10.5615,12.4956],[10.544,12.4907],[10.5265,12.4813],[10.5091,12.465],[10.4919,12.4395],[10.451,12.424],[10.4345,12.4341],[10.4283,12.4663],[10.4166,12.4719],[10.379,12.4733],[10.3376,12.4656],[10.2962,12.4544],[10.2857,12.4496],[10.259,12.4228],[10.2338,12.377],[10.1962,12.3403],[10.1957,12.3272]]]},"properties":{"lga_pcode":"NG005020","lga_name":"Zaki","state_pcode":"NG005","state_name":"Bauchi"}},
{"type":"Feature","geometry":{"type":"Polygon","coordinates":[[[8.7098,12.9138],[8.6993,12.9145],[8.6619,12.9313],[8.6466,12.9412],[8.6428,12.9564],[8.6327,12.9779],[8.5903,13.0145],[8.5786,13.0213],[8.5598,13.0419],[8.5292,13.0624],[8.5151,13.0681],[8.5016,13.0667],[8.4815,13.0701],[8.4525,13.0655],[8.418,13.0539],[8.4011,13.0709],[8.4058,13.023],[8.4199,13.0175],[8.4181,13.004],[8.4287,12.9924],[8.4369,12.9678],[8.4569,12.9402],[8.4488,12.9132],[8.4508,12.8727],[8.4495,12.8598],[8.4577,12.8432],[8.4889,12.8445],[8.4956,12.8345],[8.5366,12.8341],[8.547,12.8534],[8.56,12.8662],[8.5967,12.8779],[8.6298,12.8779],[8.6465,12.8736],[8.6642,12.8514],[8.6878,12.8492],[8.703,12.8538],[8.7183,12.8539],[8.7253,12.8723],[8.7098,12.9138]]]},"properties":{"lga_pcode":"NG021034","lga_name":"Zango","state_pcode":"NG021","state_name":"Katsina"}},
{"type":"Feature","geometry":{"type":"Polygon","coordinates":[[[8.1828,9.5205],[8.2012,9.517],[8.2202,9.5207],[8.235,9.5277],[8.2428,9.5442],[8.2482,9.572],[8.2657,9.5716],[8.2781,9.5752],[8.2873,9.5912],[8.3043,9.6086],[8.3195,9.6191],[8.3442,9.6525],[8.3625,9.6826],[8.3639,9.6999],[8.3731,9.7109],[8.385,9.7077],[8.3938,9.6986],[8.4104,9.6895],[8.4433,9.688],[8.4522,9.6855],[8.4752,9.6893],[8.4876,9.7088],[8.4977,9.717],[8.5166,9.7257],[8.5162,9.7372],[8.5192,9.7778],[8.5192,9.8037],[8.512,9.8501],[8.5028,9.8632],[8.4916,9.8682],[8.4438,9.8823],[8.4356,9.8914],[8.4172,9.9226],[8.4304,9.9458],[8.4141,9.9892],[8.4039,10.0033],[8.3815,10.0184],[8.3389,10.0223],[8.2848,10.0454],[8.2761,10.0515],[8.2503,10.0833],[8.2406,10.098],[8.2203,10.1433],[8.2182,10.1568],[8.1639,10.1321],[8.1408,10.126],[8.0802,10.1038],[8.0546,10.0976],[8.054,10.0792],[8.0484,10.0631],[8.0352,10.061],[8.0271,10.0398],[8.0211,10.0136],[7.9927,9.9509],[7.9897,9.9419],[7.9938,9.9288],[8.006,9.9177],[8.0447,9.9077],[8.0651,9.9128],[8.0692,9.8906],[8.049,9.8553],[8.0348,9.8119],[8.0379,9.7866],[8.0543,9.7595],[8.0869,9.7232],[8.1012,9.7021],[8.1155,9.687],[8.1281,9.6272],[8.1272,9.5965],[8.1305,9.5806],[8.1527,9.5574],[8.1722,9.5292],[8.1828,9.5205]]]},"properties":{"lga_pcode":"NG019022","lga_name":"Zango-Kataf","state_pcode":"NG019","state_name":"Kaduna"}},
{"type":"Feature","geometry":{"type":"Polygon","coordinates":[[[7.5072,11.0068],[7.5235,10.9915],[7.5449,10.9859],[7.5729,11.0117],[7.5935,11.0155],[7.6086,11.0119],[7.6131,10.9911],[7.6317,10.9752],[7.657,10.9719],[7.6798,10.9849],[7.7252,10.9696],[7.7538,10.9656],[7.7612,10.9605],[7.7727,10.9363],[7.7858,10.9214],[7.8136,10.9045],[7.8254,10.934],[7.8209,10.9548],[7.8075,10.9744],[7.7996,10.9775],[7.7905,11.0025],[7.7909,11.0148],[7.8004,11.0344],[7.8022,11.0528],[7.7982,11.0883],[7.7911,11.1043],[7.776,11.1116],[7.7715,11.1236],[7.7621,11.1323],[7.7533,11.1297],[7.7518,11.1061],[7.742,11.0885],[7.7075,11.1059],[7.6443,11.1256],[7.6397,11.1149],[7.6388,11.0938],[7.6242,11.0611],[7.5816,11.0576],[7.5504,11.0425],[7.5139,11.0486],[7.5009,11.047],[7.4963,11.0248],[7.5072,11.0068]]]},"properties":{"lga_pcode":"NG019023","lga_name":"Zaria","state_pcode":"NG019","state_name":"Kaduna"}},
{"type":"Feature","geometry":{"type":"Polygon","coordinates":[[[11.7103,9.0712],[11.6941,9.0532],[11.6576,9.0273],[11.6306,9.0209],[11.5736,8.9941],[11.5574,8.9743],[11.5582,8.9588],[11.5851,8.9323],[11.5858,8.9185],[11.5985,8.9035],[11.6199,8.8855],[11.6273,8.8754],[11.6342,8.8377],[11.6313,8.8272],[11.6484,8.7916],[11.6628,8.7767],[11.6689,8.7579],[11.6931,8.7175],[11.7021,8.7075],[11.7215,8.6963],[11.7324,8.6829],[11.7517,8.6734],[11.7895,8.6436],[11.7971,8.6641],[11.8099,8.6801],[11.8263,8.7201],[11.831,8.7407],[11.8614,8.8035],[11.8741,8.8138],[11.8998,8.8572],[11.9033,8.8698],[11.9034,8.8915],[11.899,8.9259],[11.8933,8.9453],[11.876,8.9763],[11.8565,9.0026],[11.8311,9.0084],[11.7918,9.0199],[11.7675,9.0337],[11.7525,9.0497],[11.7352,9.0533],[11.7296,9.0617],[11.7103,9.0712]]]},"properties":{"lga_pcode":"NG035016","lga_name":"Zing","state_pcode":"NG035","state_name":"Taraba"}},
{"type":"Feature","geometry":{"type":"Polygon","coordinates":[[[7.0284,12.788],[7.0289,12.8172],[7.0232,12.8319],[7.0289,12.879],[7.0342,12.8929],[7.0391,12.9292],[7.05,12.9721],[7.0477,12.9991],[7.0138,12.9913],[6.9788,12.9921],[6.9276,12.9905],[6.9105,13.0133],[6.8731,13.0531],[6.8219,13.1149],[6.8015,13.1426],[6.7925,13.161],[6.776,13.1475],[6.768,13.1361],[6.7516,13.1269],[6.7421,13.117],[6.7257,13.1121],[6.6975,13.0991],[6.6827,13.0839],[6.6553,13.0774],[6.6525,13.0525],[6.6588,13.0368],[6.6906,13.0106],[6.7002,12.988],[6.7029,12.9586],[6.699,12.9438],[6.6789,12.9168],[6.6659,12.9084],[6.6435,12.9],[6.6153,12.9051],[6.6031,12.902],[6.5828,12.9046],[6.5711,12.9217],[6.5555,12.9339],[6.5353,12.9442],[6.4989,12.9381],[6.4821,12.9312],[6.4615,12.9349],[6.4437,12.9603],[6.4311,12.9872],[6.4237,12.9837],[6.4146,12.9653],[6.4017,12.954],[6.3964,12.9397],[6.395,12.9216],[6.3954,12.8706],[6.3985,12.8623],[6.4269,12.8445],[6.459,12.8395],[6.4633,12.826],[6.4577,12.8131],[6.4403,12.7935],[6.4122,12.7723],[6.4016,12.7609],[6.4017,12.7399],[6.4216,12.7316],[6.4583,12.7328],[6.4811,12.7487],[6.5101,12.7519],[6.54,12.7378],[6.5615,12.72],[6.5478,12.6778],[6.5779,12.6837],[6.5994,12.6712],[6.6466,12.6601],[6.6578,12.6517],[6.6869,12.6434],[6.7133,12.6293],[6.7325,12.6264],[6.7378,12.6212],[6.7319,12.5986],[6.7257,12.59],[6.7643,12.5669],[6.7763,12.5786],[6.7966,12.6223],[6.808,12.6351],[6.8263,12.6435],[6.8508,12.6354],[6.8654,12.6257],[6.8808,12.6025],[6.8969,12.5838],[6.9121,12.5742],[6.93,12.5753],[6.9467,12.583],[6.9699,12.5795],[7.029,12.583],[7.0512,12.5894],[7.046,12.6196],[7.0472,12.6377],[7.0427,12.6659],[7.0419,12.6928],[7.0313,12.7505],[7.0284,12.788]]]},"properties":{"lga_pcode":"NG037014","lga_name":"Zurmi","state_pcode":"NG037","state_name":"Zamfara"}},
{"type":"Feature","geometry":{"type":"Polygon","coordinates":[[[5.1543,11.3466],[5.1846,11.3396],[5.203,11.3307],[5.2095,11.3227],[5.2167,11.2994],[5.2159,11.2836],[5.2091,11.2649],[5.1951,11.254],[5.1768,11.2453],[5.1529,11.2254],[5.1304,11.2368],[5.116,11.2374],[5.1136,11.2304],[5.1338,11.2217],[5.1395,11.2084],[5.1588,11.2062],[5.1711,11.217],[5.1998,11.2364],[5.2412,11.2607],[5.2392,11.3033],[5.2439,11.316],[5.279,11.3258],[5.2934,11.3386],[5.3173,11.3421],[5.3369,11.3355],[5.3364,11.3476],[5.3299,11.3629],[5.3429,11.379],[5.3515,11.3953],[5.3713,11.4032],[5.3835,11.3953],[5.398,11.4027],[5.3993,11.4268],[5.3945,11.4436],[5.4009,11.4618],[5.4126,11.4729],[5.4446,11.4894],[5.4642,11.5026],[5.4925,11.5009],[5.4904,11.5113],[5.4783,11.5364],[5.4577,11.5596],[5.4396,11.5983],[5.4401,11.6127],[5.3947,11.6215],[5.3608,11.6118],[5.3711,11.5783],[5.3714,11.5467],[5.3603,11.5339],[5.3364,11.5344],[5.3135,11.529],[5.2537,11.5271],[5.2083,11.5351],[5.1839,11.5432],[5.155,11.5436],[5.1481,11.5411],[5.1795,11.5165],[5.1887,11.5035],[5.1834,11.4836],[5.1734,11.4782],[5.1665,11.4636],[5.1734,11.4391],[5.1665,11.4207],[5.1534,11.3984],[5.1565,11.367],[5.1543,11.3466]]]},"properties":{"lga_pcode":"NG022021","lga_name":"Zuru","state_pcode":"NG022","state_name":"Kebbi"}}
]}