{"type":"FeatureCollection", "features": [
{"type":"Feature","geometry":{"type":"Polygon","coordinates":[[[7.9046,5.5687],[7.91,5.5881],[7.902,5.5974],[7.9122,5.6095],[7.9154,5.6554],[7.8901,5.6848],[7.862,5.6974],[7.8406,5.7107],[7.8306,5.7231],[7.8206,5.7278],[7.8039,5.745],[7.7968,5.7616],[7.793,5.7916],[7.7863,5.8049],[7.7642,5.814],[7.7566,5.813],[7.7131,5.818],[7.684,5.8223],[7.65,5.8245],[7.6262,5.8341],[7.5955,5.8344],[7.5667,5.8439],[7.5519,5.8435],[7.533,5.8378],[7.5226,5.8581],[7.5262,5.8799],[7.5004,5.8916],[7.4976,5.9077],[7.5396,5.9072],[7.5476,5.9334],[7.5406,5.9593],[7.5529,5.9663],[7.5534,5.9815],[7.5472,5.9949],[7.5366,6.0081],[7.5201,6.02],[7.5105,6.0214],[7.4758,6.0124],[7.4515,6.0138],[7.4306,6.0062],[7.4158,6.0062],[7.4012,6.0171],[7.397,6.0344],[7.3848,6.0373],[7.3763,6.04],[7.3391,6.0421],[7.3226,6.0038],[7.3183,5.9986],[7.2726,5.9977],[7.264,5.9915],[7.2545,5.9653],[7.261,5.9389],[7.2695,5.9199],[7.3352,5.9114],[7.3672,5.9035],[7.3879,5.9128],[7.3942,5.9102],[7.3964,5.9007],[7.3864,5.8609],[7.3924,5.8338],[7.3943,5.7558],[7.4003,5.7127],[7.3913,5.7019],[7.3816,5.7056],[7.3897,5.6915],[7.4082,5.677],[7.4163,5.6615],[7.4176,5.6485],[7.4285,5.6243],[7.4323,5.6094],[7.4228,5.5836],[7.4152,5.5759],[7.4174,5.5621],[7.4095,5.553],[7.4067,5.5332],[7.388,5.5104],[7.3735,5.4752],[7.3642,5.4658],[7.356,5.4463],[7.3436,5.4395],[7.3313,5.4244],[7.3219,5.4049],[7.3225,5.3866],[7.3119,5.3614],[7.3035,5.3482],[7.2943,5.3322],[7.2916,5.3196],[7.2886,5.2983],[7.2778,5.2729],[7.2761,5.2557],[7.2669,5.2394],[7.2639,5.2156],[7.2835,5.1854],[7.2843,5.1709],[7.2652,5.1491],[7.2802,5.1316],[7.2787,5.1168],[7.2704,5.1023],[7.2558,5.0773],[7.2514,5.0494],[7.2517,5.0331],[7.2412,4.994],[7.2351,4.981],[7.219,4.9783],[7.1851,4.9823],[7.1936,4.9664],[7.1949,4.953],[7.1685,4.9448],[7.1503,4.9243],[7.1438,4.9132],[7.1404,4.9006],[7.1559,4.8837],[7.1738,4.8794],[7.1912,4.8639],[7.2151,4.8572],[7.2409,4.8569],[7.2714,4.873],[7.3078,4.8755],[7.3198,4.8796],[7.3308,4.8735],[7.3524,4.8719],[7.362,4.8653],[7.3928,4.8618],[7.4164,4.8667],[7.4292,4.8624],[7.4467,4.8454],[7.4662,4.8454],[7.4868,4.8276],[7.4887,4.8218],[7.5007,4.8343],[7.4958,4.8608],[7.4807,4.8827],[7.4871,4.8908],[7.4857,4.9032],[7.4771,4.9088],[7.4808,4.9328],[7.4915,4.9468],[7.4914,4.9595],[7.4821,4.9609],[7.4626,4.9733],[7.4711,4.9959],[7.4836,4.9963],[7.4919,5.0078],[7.5064,5.0133],[7.5154,5.0382],[7.5289,5.0386],[7.5251,5.0505],[7.5402,5.069],[7.5469,5.0881],[7.5347,5.1087],[7.5338,5.1405],[7.5308,5.1503],[7.5279,5.156],[7.539,5.1873],[7.5435,5.2583],[7.5531,5.2757],[7.535,5.3038],[7.5407,5.3091],[7.5562,5.3063],[7.5721,5.3243],[7.5916,5.3187],[7.603,5.3269],[7.622,5.3178],[7.6489,5.3249],[7.6585,5.336],[7.6653,5.3441],[7.676,5.3696],[7.6716,5.3843],[7.6444,5.3846],[7.6335,5.3785],[7.6242,5.3848],[7.631,5.3969],[7.6342,5.4189],[7.6393,5.4305],[7.6512,5.4404],[7.6678,5.4474],[7.6782,5.44],[7.7006,5.4356],[7.7041,5.4864],[7.6913,5.5019],[7.6959,5.5183],[7.7107,5.5124],[7.7341,5.5178],[7.7485,5.5162],[7.7601,5.5053],[7.7596,5.4926],[7.7655,5.4829],[7.7799,5.4703],[7.7888,5.4444],[7.809,5.4278],[7.8211,5.4233],[7.8561,5.4224],[7.8653,5.4184],[7.875,5.3906],[7.8827,5.382],[7.8761,5.3689],[7.8804,5.3668],[7.9339,5.3577],[7.9773,5.3545],[7.9875,5.3626],[7.9863,5.3706],[7.9598,5.4257],[7.954,5.4417],[7.9391,5.4612],[7.931,5.4773],[7.9206,5.5094],[7.9149,5.5209],[7.9079,5.5358],[7.9046,5.5687]]]},"properties":{"state_name":"Abia","state_pcode":"NG001"}},
{"type":"Feature","geometry":{"type":"Polygon","coordinates":[[[12.8162,13.391],[12.7933,13.378],[12.7918,13.368],[12.7828,13.3581],[12.76,13.3516],[12.7532,13.353],[12.741,13.3398],[12.7405,13.323],[12.7036,13.3128],[12.6921,13.3123],[12.6904,13.2925],[12.6739,13.2727],[12.6635,13.2842],[12.6489,13.2853],[12.6387,13.2925],[12.6266,13.2721],[12.5895,13.2776],[12.579,13.2691],[12.5766,13.2534],[12.5661,13.2374],[12.5722,13.2308],[12.5536,13.2187],[12.5533,13.2055],[12.5423,13.1934],[12.5643,13.1918],[12.5533,13.175],[12.5561,13.1552],[12.5423,13.1409],[12.5368,13.1467],[12.5195,13.1494],[12.5002,13.1346],[12.4909,13.1225],[12.4963,13.109],[12.4971,13.0933],[12.4888,13.0829],[12.4795,13.0804],[12.4825,13.0691],[12.471,13.0631],[12.4583,13.0708],[12.4324,13.0719],[12.4071,13.0787],[12.3941,13.0771],[12.4007,13.0525],[12.4056,13.0196],[12.4054,13.0015],[12.4053,12.9859],[12.3884,12.9305],[12.3753,12.896],[12.3777,12.8775],[12.3938,12.8639],[12.4065,12.8435],[12.4462,12.7867],[12.4519,12.7538],[12.4775,12.7178],[12.49,12.702],[12.4941,12.6868],[12.4905,12.6624],[12.479,12.633],[12.4664,12.6142],[12.4436,12.6096],[12.4313,12.6027],[12.4339,12.5813],[12.4194,12.5544],[12.4062,12.5395],[12.3981,12.5195],[12.3638,12.4874],[12.3454,12.4799],[12.3405,12.4726],[12.3156,12.4591],[12.3004,12.4559],[12.2655,12.4311],[12.2606,12.4203],[12.2776,12.3682],[12.2984,12.3292],[12.304,12.3138],[12.3059,12.2872],[12.2979,12.262],[12.3031,12.2187],[12.2916,12.1702],[12.2742,12.109],[12.2554,12.0345],[12.2499,12.0049],[12.2488,11.9711],[12.2447,11.9358],[12.2466,11.9247],[12.2463,11.8717],[12.2524,11.8268],[12.2484,11.7988],[12.2397,11.7833],[12.2413,11.7737],[12.2333,11.7522],[12.2223,11.7508],[12.2099,11.7414],[12.199,11.7219],[12.1868,11.6784],[12.1782,11.6584],[12.1924,11.645],[12.2237,11.6329],[12.2413,11.6523],[12.2748,11.694],[12.3011,11.6449],[12.3,11.6086],[12.3136,11.6056],[12.3485,11.5831],[12.3735,11.5498],[12.3383,11.4829],[12.3303,11.4929],[12.316,11.4532],[12.269,11.4313],[12.2446,11.414],[12.225,11.3823],[12.2119,11.3649],[12.2053,11.349],[12.1953,11.3124],[12.1869,11.3019],[12.162,11.2886],[12.1339,11.2701],[12.1075,11.2561],[12.1024,11.2456],[12.1028,11.2296],[12.1142,11.1853],[12.1147,11.1558],[12.121,11.1389],[12.1335,11.1285],[12.1391,11.0959],[12.1497,11.0811],[12.146,11.0703],[12.1286,11.0568],[12.1068,11.0522],[12.0829,11.0519],[12.0544,11.063],[12.029,11.0621],[12.0222,11.0571],[12.0078,11.034],[11.9753,10.9976],[11.9366,10.967],[11.9053,10.9571],[11.8851,10.9531],[11.8659,10.9451],[11.8224,10.9358],[11.7805,10.9209],[11.7702,10.921],[11.7585,10.9129],[11.7362,10.9058],[11.6847,10.8854],[11.6812,10.8702],[11.7004,10.862],[11.7185,10.8399],[11.7251,10.8222],[11.7342,10.8107],[11.7397,10.7921],[11.7211,10.7447],[11.7398,10.7273],[11.7505,10.7223],[11.7685,10.6892],[11.7683,10.6803],[11.7539,10.6721],[11.7315,10.6531],[11.7169,10.6374],[11.6856,10.6202],[11.6402,10.609],[11.6391,10.5621],[11.6488,10.5432],[11.6502,10.5293],[11.6404,10.5001],[11.6359,10.4657],[11.6355,10.3946],[11.602,10.3566],[11.5435,10.3261],[11.5334,10.3051],[11.5653,10.2874],[11.5829,10.2493],[11.5891,10.2249],[11.6013,10.2081],[11.6637,10.1959],[11.6853,10.1819],[11.7102,10.167],[11.7399,10.1642],[11.7488,10.1553],[11.76,10.1337],[11.8068,10.087],[11.8111,10.0748],[11.8286,10.0539],[11.8434,10.0446],[11.866,10.0461],[11.9197,10.0324],[11.9354,10.0322],[11.9591,10.027],[11.973,10.0309],[11.9992,10.0246],[12.0073,10.0354],[12.0137,10.0529],[12.0662,10.0463],[12.0902,10.0516],[12.1006,10.0624],[12.1013,10.0978],[12.109,10.1145],[12.1313,10.1395],[12.1678,10.1672],[12.1716,10.1721],[12.1948,10.1945],[12.2092,10.1997],[12.249,10.2203],[12.2584,10.2376],[12.2639,10.2631],[12.271,10.2786],[12.2954,10.3082],[12.329,10.3196],[12.3614,10.3173],[12.4024,10.3187],[12.4355,10.3159],[12.4596,10.3234],[12.4761,10.333],[12.5074,10.3421],[12.5375,10.3592],[12.5596,10.3765],[12.5638,10.4166],[12.562,10.4361],[12.5646,10.4527],[12.5777,10.4607],[12.606,10.4676],[12.6128,10.4486],[12.6259,10.4528],[12.6398,10.4379],[12.6525,10.439],[12.6653,10.4596],[12.6737,10.4849],[12.6863,10.4996],[12.698,10.5247],[12.7353,10.5761],[12.7608,10.5829],[12.777,10.5772],[12.8753,10.5735],[12.9181,10.562],[12.9586,10.5481],[12.9828,10.5355],[12.9974,10.5251],[13.0146,10.5034],[13.0322,10.4744],[13.0526,10.4598],[13.0782,10.4528],[13.114,10.4397],[13.1217,10.4404],[13.1575,10.4239],[13.1848,10.4236],[13.1967,10.4142],[13.2053,10.4149],[13.2131,10.4275],[13.2194,10.4546],[13.229,10.4672],[13.2402,10.4974],[13.2417,10.5022],[13.2355,10.5361],[13.2372,10.5845],[13.2656,10.6252],[13.2832,10.6675],[13.3112,10.7135],[13.3194,10.7373],[13.3229,10.7561],[13.3344,10.7958],[13.3362,10.8546],[13.3352,10.8952],[13.337,10.9209],[13.3504,10.9317],[13.3652,10.926],[13.377,10.9022],[13.3926,10.8927],[13.4503,10.8724],[13.4876,10.8802],[13.5245,10.9025],[13.5518,10.9347],[13.5773,10.9483],[13.6132,10.9494],[13.6583,10.9447],[13.6922,10.9456],[13.7304,10.9786],[13.7511,10.9885],[13.7671,11.0039],[13.7904,11.0058],[13.7985,11.0136],[13.8017,11.0334],[13.8103,11.0382],[13.8253,11.0692],[13.8443,11.0876],[13.8548,11.0913],[13.8726,11.1189],[13.8859,11.1242],[13.88,11.1423],[13.8861,11.1534],[13.8978,11.157],[13.9101,11.1699],[13.9326,11.2215],[13.9468,11.2425],[13.958,11.2541],[13.9737,11.3013],[13.9906,11.3125],[14.0145,11.2996],[14.0274,11.2978],[14.0631,11.2867],[14.0782,11.267],[14.1014,11.2515],[14.1535,11.2403],[14.1687,11.2325],[14.1815,11.2386],[14.1855,11.2524],[14.2024,11.2723],[14.2513,11.3069],[14.2796,11.3241],[14.3104,11.335],[14.3451,11.3533],[14.3683,11.3731],[14.4299,11.4151],[14.4416,11.4305],[14.4465,11.4489],[14.4539,11.4618],[14.5012,11.4698],[14.5196,11.4753],[14.5585,11.4919],[14.5687,11.4994],[14.6019,11.5147],[14.6248,11.5361],[14.6404,11.5741],[14.6474,11.602],[14.6443,11.6074],[14.6396,11.6393],[14.6311,11.6532],[14.6179,11.6579],[14.6055,11.6726],[14.5729,11.692],[14.559,11.7052],[14.5535,11.7176],[14.5555,11.7292],[14.5676,11.7341],[14.583,11.7511],[14.5971,11.7584],[14.6102,11.7798],[14.6069,11.8077],[14.6109,11.8169],[14.6058,11.8398],[14.6144,11.8532],[14.6074,11.8684],[14.6435,11.9111],[14.6392,11.9304],[14.6451,11.9426],[14.658,11.956],[14.6479,11.9679],[14.6239,12.0172],[14.6249,12.0458],[14.6447,12.0551],[14.6523,12.0671],[14.6416,12.083],[14.6416,12.0931],[14.6532,12.1094],[14.6563,12.1342],[14.6787,12.1508],[14.6738,12.1748],[14.6585,12.1949],[14.6501,12.1885],[14.633,12.1847],[14.6245,12.1784],[14.6157,12.1872],[14.5971,12.2138],[14.5978,12.22],[14.578,12.2227],[14.5555,12.2304],[14.5593,12.2436],[14.5516,12.2553],[14.5485,12.2762],[14.5368,12.287],[14.5174,12.2933],[14.5143,12.3111],[14.519,12.3243],[14.5019,12.3282],[14.4872,12.3406],[14.4772,12.344],[14.4655,12.3553],[14.4515,12.3468],[14.4459,12.3564],[14.4337,12.3608],[14.4189,12.3569],[14.4049,12.3608],[14.3863,12.3561],[14.3581,12.3627],[14.3528,12.358],[14.3295,12.3699],[14.3114,12.3574],[14.2925,12.3492],[14.2845,12.3649],[14.2744,12.3688],[14.2256,12.3595],[14.2172,12.3729],[14.199,12.3838],[14.1863,12.4013],[14.1739,12.4047],[14.1763,12.4233],[14.1954,12.429],[14.192,12.4383],[14.1814,12.4452],[14.1753,12.4694],[14.1869,12.4836],[14.1965,12.5012],[14.195,12.5169],[14.1859,12.5249],[14.1784,12.5512],[14.1774,12.5708],[14.1726,12.5907],[14.1632,12.6485],[14.1528,12.705],[14.1489,12.7392],[14.1398,12.7828],[14.1372,12.8083],[14.1328,12.8219],[14.1305,12.8532],[14.1207,12.8847],[14.1171,12.9227],[14.1062,12.9613],[14.1017,13.0075],[14.0931,13.0385],[14.0916,13.055],[14.0828,13.0825],[14.0447,13.1303],[14.0306,13.1556],[14.0164,13.1717],[13.9946,13.2011],[13.9788,13.2262],[13.9594,13.2489],[13.9407,13.2751],[13.9277,13.2989],[13.9081,13.3241],[13.8958,13.3455],[13.8834,13.3595],[13.8579,13.3952],[13.8502,13.3994],[13.8348,13.4234],[13.8167,13.4541],[13.7852,13.4951],[13.7759,13.5142],[13.7157,13.5963],[13.7063,13.6117],[13.6729,13.6539],[13.6469,13.6959],[13.6316,13.7117],[13.6105,13.7084],[13.5998,13.7109],[13.5569,13.7115],[13.485,13.709],[13.4497,13.7109],[13.4214,13.709],[13.3621,13.7115],[13.3545,13.7141],[13.3394,13.7077],[13.3337,13.6926],[13.3148,13.6907],[13.3091,13.6768],[13.2977,13.6731],[13.2977,13.6579],[13.2744,13.6485],[13.2744,13.6384],[13.2612,13.622],[13.2492,13.6138],[13.2631,13.598],[13.2637,13.5904],[13.2542,13.5797],[13.2378,13.5854],[13.2322,13.5753],[13.2416,13.5703],[13.2366,13.557],[13.2139,13.5501],[13.2101,13.5299],[13.1937,13.511],[13.1855,13.5312],[13.1641,13.5261],[13.1577,13.5129],[13.1432,13.5198],[13.1458,13.5387],[13.125,13.5394],[13.1268,13.5192],[13.1054,13.535],[13.0915,13.5141],[13.0713,13.5236],[13.0682,13.5299],[13.0813,13.5458],[13.064,13.5474],[13.0563,13.5389],[13.0475,13.5408],[13.0461,13.5246],[13.0279,13.5315],[13.0095,13.5119],[12.9861,13.5095],[12.9707,13.515],[12.9608,13.4982],[12.9534,13.5089],[12.9369,13.499],[12.9248,13.4833],[12.9072,13.4814],[12.8937,13.4853],[12.8918,13.4932],[12.8777,13.4968],[12.8728,13.4902],[12.8794,13.4773],[12.8753,13.4699],[12.8621,13.4663],[12.8566,13.4479],[12.8414,13.4435],[12.826,13.425],[12.8326,13.4149],[12.8197,13.4006],[12.8162,13.391]]]},"properties":{"state_name":"Borno","state_pcode":"NG008"}},
{"type":"Feature","geometry":{"type":"Polygon","coordinates":[[[6.9914,8.4598],[7.0842,8.4637],[7.1167,8.4662],[7.2108,8.481],[7.3124,8.5008],[7.3557,8.5124],[7.3714,8.5253],[7.3976,8.5526],[7.443,8.5933],[7.4776,8.6313],[7.4932,8.6507],[7.5185,8.6987],[7.5414,8.7404],[7.5917,8.8349],[7.5947,8.8564],[7.5923,8.9246],[7.5891,9.1076],[7.5887,9.1291],[7.6676,9.3037],[7.7299,9.3319],[7.6724,9.4113],[7.5899,9.4316],[7.5098,9.3611],[7.4966,9.3622],[7.4763,9.3706],[7.4177,9.367],[7.3882,9.3498],[7.2464,9.151],[7.234,9.1335],[7.2224,9.1129],[7.2115,9.1049],[7.1562,9.1468],[7.0459,9.2305],[7.0095,9.227],[6.9534,9.226],[6.8003,9.2251],[6.7955,9.1124],[6.7823,8.798],[6.7808,8.7944],[6.7787,8.7404],[6.7796,8.5931],[6.7787,8.4538],[6.8276,8.4535],[6.9461,8.4589],[6.9842,8.4594],[6.9914,8.4598]]]},"properties":{"state_name":"Federal Capital Territory","state_pcode":"NG015"}},
{"type":"Feature","geometry":{"type":"MultiPolygon","coordinates":[[[[7.8249,4.523],[7.8623,4.5266],[7.878,4.5256],[7.9174,4.5307],[7.9366,4.5371],[7.9488,4.5348],[7.9834,4.5358],[7.9876,4.5399],[8.03,4.5419],[8.0477,4.5406],[8.0753,4.5435],[8.1141,4.542],[8.1538,4.5435],[8.1761,4.5461],[8.2052,4.5444],[8.2672,4.5321],[8.2811,4.5345],[8.2845,4.5513],[8.2975,4.5702],[8.2946,4.5731],[8.2822,4.5795],[8.2547,4.5631],[8.2484,4.566],[8.2439,4.5732],[8.2412,4.5794],[8.2517,4.5717],[8.2686,4.572],[8.278,4.5817],[8.2938,4.5769],[8.3077,4.5928],[8.3064,4.6093],[8.3189,4.6138],[8.3184,4.6246],[8.3284,4.643],[8.3125,4.6552],[8.308,4.6752],[8.2791,4.6832],[8.2609,4.6808],[8.2413,4.6607],[8.2208,4.6592],[8.2221,4.6677],[8.206,4.6709],[8.202,4.6645],[8.2066,4.6732],[8.2151,4.6746],[8.2287,4.6663],[8.2418,4.6643],[8.255,4.6814],[8.2854,4.6891],[8.308,4.6811],[8.3165,4.6621],[8.3245,4.6649],[8.3234,4.7081],[8.3099,4.7212],[8.3036,4.7336],[8.3099,4.7248],[8.3175,4.7482],[8.3004,4.7679],[8.2839,4.7796],[8.2687,4.79],[8.2602,4.8076],[8.2524,4.8141],[8.2687,4.8291],[8.2662,4.8353],[8.2403,4.8541],[8.2303,4.8602],[8.2229,4.8728],[8.2155,4.8972],[8.2074,4.9083],[8.1974,4.9135],[8.1715,4.9335],[8.1531,4.9385],[8.1492,4.9394],[8.1282,4.969],[8.1222,4.9942],[8.1026,5.0238],[8.0982,5.043],[8.1004,5.0811],[8.0993,5.1071],[8.0952,5.1152],[8.0697,5.136],[8.0648,5.1455],[8.0664,5.162],[8.0739,5.1768],[8.0726,5.1854],[8.0552,5.2173],[8.0348,5.2432],[8.0168,5.247],[8.0098,5.2382],[8.0033,5.2192],[7.9927,5.2067],[7.9761,5.2083],[7.9698,5.2203],[7.9664,5.2315],[7.9435,5.2451],[7.9378,5.2543],[7.935,5.2736],[7.9227,5.2942],[7.9094,5.3068],[7.8921,5.3165],[7.8749,5.3181],[7.8652,5.3146],[7.8409,5.3375],[7.8488,5.3444],[7.8683,5.3429],[7.8759,5.3372],[7.8965,5.3333],[7.9045,5.3414],[7.8813,5.3626],[7.8804,5.3668],[7.8761,5.3689],[7.8827,5.382],[7.875,5.3906],[7.8653,5.4184],[7.8561,5.4224],[7.8211,5.4233],[7.809,5.4278],[7.7888,5.4444],[7.7799,5.4703],[7.7655,5.4829],[7.7596,5.4926],[7.7601,5.5053],[7.7485,5.5162],[7.7341,5.5178],[7.7107,5.5124],[7.6959,5.5183],[7.6913,5.5019],[7.7041,5.4864],[7.7006,5.4356],[7.6782,5.44],[7.6678,5.4474],[7.6512,5.4404],[7.6393,5.4305],[7.6342,5.4189],[7.631,5.3969],[7.6242,5.3848],[7.6335,5.3785],[7.6444,5.3846],[7.6716,5.3843],[7.676,5.3696],[7.6653,5.3441],[7.6585,5.336],[7.6489,5.3249],[7.622,5.3178],[7.603,5.3269],[7.5916,5.3187],[7.5721,5.3243],[7.5562,5.3063],[7.5407,5.3091],[7.535,5.3038],[7.5531,5.2757],[7.5435,5.2583],[7.539,5.1873],[7.5279,5.156],[7.5308,5.1503],[7.5338,5.1405],[7.5347,5.1087],[7.5469,5.0881],[7.5402,5.069],[7.5251,5.0505],[7.5289,5.0386],[7.5154,5.0382],[7.5064,5.0133],[7.4919,5.0078],[7.4836,4.9963],[7.4711,4.9959],[7.4626,4.9733],[7.4821,4.9609],[7.4914,4.9595],[7.4915,4.9468],[7.4808,4.9328],[7.4771,4.9088],[7.4857,4.9032],[7.4871,4.8908],[7.4807,4.8827],[7.4958,4.8608],[7.5007,4.8343],[7.4887,4.8218],[7.5016,4.8078],[7.5215,4.7885],[7.5252,4.7797],[7.5239,4.7532],[7.5455,4.7323],[7.5452,4.7191],[7.537,4.7019],[7.5279,4.6931],[7.5207,4.6847],[7.5185,4.6697],[7.5232,4.6572],[7.5197,4.631],[7.5293,4.6048],[7.5451,4.5796],[7.5389,4.5657],[7.5273,4.5606],[7.5294,4.5437],[7.5524,4.5144],[7.5685,4.5074],[7.5803,4.5021],[7.5906,4.4903],[7.5974,4.4648],[7.6231,4.4717],[7.6542,4.4857],[7.6646,4.4934],[7.6966,4.5029],[7.7144,4.5036],[7.7361,4.509],[7.8249,4.523]]],[[[8.3224,4.6137],[8.3096,4.6061],[8.3154,4.5875],[8.3231,4.586],[8.3443,4.6016],[8.3418,4.6231],[8.3322,4.6366],[8.3214,4.6236],[8.3224,4.6137]]]]},"properties":{"state_name":"Akwa Ibom","state_pcode":"NG003"}},
{"type":"Feature","geometry":{"type":"Polygon","coordinates":[[[8.4109,6.2821],[8.3944,6.297],[8.3917,6.3065],[8.3992,6.3538],[8.4073,6.3746],[8.445,6.3855],[8.4441,6.4023],[8.4536,6.406],[8.4568,6.4282],[8.4323,6.4332],[8.4387,6.4468],[8.4237,6.4664],[8.4228,6.4777],[8.4087,6.4777],[8.406,6.485],[8.4191,6.5145],[8.391,6.5231],[8.4001,6.5363],[8.3914,6.5504],[8.3715,6.5481],[8.3742,6.5635],[8.3587,6.564],[8.3519,6.5744],[8.3401,6.5753],[8.3301,6.5917],[8.3248,6.5895],[8.3211,6.6139],[8.3224,6.6344],[8.3092,6.6394],[8.3065,6.6607],[8.2945,6.6787],[8.2788,6.698],[8.2856,6.7102],[8.2738,6.7166],[8.2688,6.7279],[8.2516,6.7356],[8.2661,6.7415],[8.2557,6.7661],[8.2494,6.7685],[8.2413,6.7912],[8.2293,6.8001],[8.2202,6.7788],[8.213,6.7761],[8.1937,6.7783],[8.181,6.7635],[8.1639,6.765],[8.1526,6.7547],[8.1444,6.7252],[8.1276,6.7116],[8.0985,6.707],[8.0796,6.7132],[8.0509,6.7093],[8.0382,6.7119],[8.0218,6.7235],[8.0062,6.7164],[7.9948,6.7039],[7.9822,6.6638],[7.9875,6.6478],[7.9875,6.6132],[7.9711,6.6021],[7.9654,6.5914],[7.9716,6.5706],[7.9625,6.544],[7.9494,6.5322],[7.9324,6.5318],[7.9109,6.5508],[7.8872,6.5526],[7.8719,6.5667],[7.8558,6.5808],[7.8468,6.6044],[7.8336,6.6194],[7.8318,6.6385],[7.8083,6.6342],[7.7917,6.5881],[7.7839,6.5859],[7.7682,6.5937],[7.7533,6.6092],[7.737,6.6341],[7.7058,6.6362],[7.6989,6.6307],[7.7039,6.6071],[7.7307,6.5599],[7.7469,6.4727],[7.7491,6.4473],[7.7514,6.3855],[7.7387,6.3538],[7.721,6.331],[7.708,6.2984],[7.7089,6.2779],[7.725,6.2426],[7.733,6.2266],[7.7302,6.2103],[7.7303,6.178],[7.7385,6.1703],[7.7262,6.1149],[7.7138,6.0839],[7.698,6.074],[7.6862,6.0713],[7.6683,6.0606],[7.6758,6.01],[7.6971,5.9887],[7.7112,5.971],[7.7148,5.946],[7.7048,5.9292],[7.6919,5.9246],[7.6644,5.9301],[7.6354,5.9433],[7.5891,5.9614],[7.5732,5.9691],[7.5472,5.9949],[7.5534,5.9815],[7.5529,5.9663],[7.5406,5.9593],[7.5476,5.9334],[7.5396,5.9072],[7.4976,5.9077],[7.5004,5.8916],[7.5262,5.8799],[7.5226,5.8581],[7.533,5.8378],[7.5519,5.8435],[7.5667,5.8439],[7.5955,5.8344],[7.6262,5.8341],[7.65,5.8245],[7.684,5.8223],[7.7131,5.818],[7.7566,5.813],[7.7642,5.814],[7.7863,5.8049],[7.793,5.7916],[7.7968,5.7616],[7.8039,5.745],[7.8206,5.7278],[7.8306,5.7231],[7.8406,5.7107],[7.862,5.6974],[7.8901,5.6848],[7.8866,5.7001],[7.9048,5.7151],[7.9116,5.7255],[7.9131,5.7411],[7.9209,5.7601],[7.9514,5.7751],[7.9701,5.7683],[7.9424,5.8051],[7.9336,5.8199],[7.9385,5.8344],[7.9576,5.843],[7.9642,5.8538],[7.9677,5.8708],[7.9862,5.8847],[7.9941,5.8973],[8.005,5.9001],[8.0005,5.9127],[7.9857,5.922],[7.9824,5.9358],[7.9893,5.9427],[7.9792,5.9703],[7.9862,5.9817],[8.0318,6.0005],[8.0554,5.9979],[8.0594,5.9714],[8.0511,5.9567],[8.0575,5.95],[8.0741,5.9476],[8.0907,5.9615],[8.1044,5.9612],[8.1138,5.9381],[8.1533,5.9673],[8.173,5.9738],[8.2148,6.0122],[8.2303,6.0127],[8.2448,6.018],[8.2527,6.0122],[8.2584,5.9981],[8.2743,5.999],[8.2866,6.0166],[8.2888,6.0457],[8.2982,6.0675],[8.2985,6.0909],[8.302,6.1081],[8.3154,6.1177],[8.3083,6.1392],[8.3194,6.1598],[8.3174,6.1717],[8.3303,6.1899],[8.3409,6.1834],[8.3474,6.19],[8.368,6.1984],[8.3838,6.2135],[8.3933,6.2325],[8.4053,6.2371],[8.4173,6.2596],[8.4091,6.2635],[8.4109,6.2821]]]},"properties":{"state_name":"Ebonyi","state_pcode":"NG011"}},
{"type":"Feature","geometry":{"type":"Polygon","coordinates":[[[3.0985,7.4294],[3.0822,7.4386],[3.0754,7.4514],[3.0692,7.4757],[3.0769,7.4913],[3.0645,7.5198],[3.0443,7.5343],[3.0335,7.55],[3.0259,7.5522],[3.0068,7.5558],[2.9954,7.5727],[2.9805,7.5872],[2.9726,7.6104],[2.9773,7.6231],[2.989,7.6306],[2.9979,7.6519],[2.9933,7.6612],[3.0003,7.6676],[2.9945,7.6861],[2.9969,7.6988],[3.012,7.7006],[3.0062,7.7139],[3.0255,7.7557],[3.0203,7.7667],[3.0192,7.7899],[3.026,7.7918],[3.0089,7.8257],[2.9829,7.8581],[2.9729,7.8163],[2.9472,7.7733],[2.9268,7.7565],[2.9117,7.7529],[2.9153,7.7854],[2.9113,7.7958],[2.8841,7.8101],[2.8795,7.8229],[2.883,7.8461],[2.8813,7.8628],[2.8913,7.9],[2.9175,7.9261],[2.8786,7.9248],[2.8386,7.931],[2.8229,7.9367],[2.8177,7.9454],[2.8003,7.9529],[2.7771,7.9447],[2.7677,7.9116],[2.7566,7.9],[2.7258,7.8807],[2.7136,7.8789],[2.6933,7.8684],[2.7083,7.85],[2.7135,7.8367],[2.714,7.8204],[2.7308,7.8124],[2.7383,7.7788],[2.7318,7.7487],[2.734,7.7279],[2.7404,7.707],[2.7316,7.6786],[2.7268,7.6317],[2.729,7.616],[2.7295,7.5755],[2.7469,7.5526],[2.7485,7.5356],[2.7653,7.5224],[2.7839,7.5143],[2.7937,7.4929],[2.7965,7.4686],[2.7952,7.4263],[2.7836,7.4217],[2.7667,7.4251],[2.7434,7.4234],[2.7459,7.399],[2.7467,7.3386],[2.7454,7.2919],[2.7468,7.2577],[2.7628,7.2327],[2.7702,7.2153],[2.7722,7.1887],[2.7685,7.1713],[2.7499,7.1638],[2.7434,7.1505],[2.7373,7.1262],[2.7424,7.1112],[2.7585,7.0932],[2.7584,7.0827],[2.7495,7.0694],[2.7697,7.052],[2.7672,7.0387],[2.7339,7.0202],[2.724,7.0098],[2.7162,6.9844],[2.7123,6.9433],[2.7266,6.9264],[2.7376,6.9212],[2.7408,6.8974],[2.7377,6.8777],[2.741,6.8593],[2.7421,6.846],[2.7241,6.7944],[2.7291,6.7723],[2.7481,6.7595],[2.7591,6.756],[2.7823,6.756],[2.7869,6.7502],[2.7802,6.7235],[2.78,6.6952],[2.7723,6.6836],[2.7454,6.6582],[2.7282,6.6241],[2.7336,6.591],[2.7432,6.5655],[2.7232,6.5326],[2.7068,6.5204],[2.7003,6.5083],[2.7112,6.4944],[2.714,6.4799],[2.7045,6.4637],[2.7026,6.4524],[2.7138,6.459],[2.7354,6.4579],[2.7444,6.4491],[2.7841,6.4527],[2.7992,6.4601],[2.8237,6.4515],[2.833,6.4431],[2.8526,6.45],[2.8596,6.4677],[2.8799,6.4699],[2.8894,6.4761],[2.8963,6.495],[2.8869,6.511],[2.9121,6.5142],[2.9345,6.5121],[2.9855,6.5107],[3.0301,6.5032],[3.082,6.5036],[3.1039,6.4995],[3.1302,6.5007],[3.1795,6.5098],[3.1866,6.5191],[3.204,6.5295],[3.2052,6.5396],[3.1962,6.5733],[3.1994,6.5803],[3.2161,6.595],[3.2297,6.601],[3.24,6.616],[3.2389,6.64],[3.2418,6.6599],[3.2594,6.6902],[3.2646,6.6982],[3.2879,6.687],[3.3147,6.6755],[3.3428,6.6737],[3.3527,6.6587],[3.3701,6.6412],[3.3873,6.6386],[3.4347,6.6391],[3.4483,6.6406],[3.4526,6.6523],[3.4422,6.6701],[3.4646,6.669],[3.468,6.6793],[3.4591,6.6873],[3.5331,6.6897],[3.5964,6.6823],[3.7,6.6824],[3.7079,6.683],[3.9168,6.6807],[3.9472,6.6802],[3.9791,6.6824],[4.0197,6.6799],[4.0785,6.6792],[4.0915,6.679],[4.0926,6.6565],[4.0815,6.6376],[4.0586,6.6299],[4.0514,6.616],[4.0649,6.5806],[4.0682,6.5636],[4.0829,6.5592],[4.0906,6.5618],[4.0944,6.5469],[4.1095,6.5484],[4.1106,6.5583],[4.1318,6.5732],[4.151,6.5813],[4.1663,6.5934],[4.1867,6.5849],[4.2015,6.5869],[4.2118,6.5817],[4.22,6.5675],[4.2287,6.5576],[4.2223,6.5377],[4.2111,6.5281],[4.1783,6.5151],[4.1677,6.5036],[4.1562,6.4988],[4.1611,6.4747],[4.2035,6.4619],[4.2173,6.4631],[4.2258,6.4456],[4.2369,6.4382],[4.2533,6.4343],[4.2638,6.4436],[4.279,6.4379],[4.2987,6.4352],[4.3092,6.4395],[4.3372,6.4395],[4.3508,6.4276],[4.3508,6.371],[4.4154,6.3581],[4.4605,6.3433],[4.4789,6.3545],[4.4974,6.3592],[4.5133,6.3473],[4.5515,6.3096],[4.5756,6.3042],[4.5876,6.319],[4.5958,6.3357],[4.5984,6.3662],[4.5758,6.381],[4.5608,6.3826],[4.5148,6.3971],[4.4871,6.3877],[4.4731,6.3932],[4.4798,6.4091],[4.526,6.421],[4.5388,6.4147],[4.5563,6.4426],[4.5663,6.4768],[4.5643,6.499],[4.5934,6.4929],[4.6061,6.4992],[4.5882,6.5324],[4.5889,6.5432],[4.5815,6.5563],[4.5751,6.5787],[4.5828,6.6167],[4.5816,6.6331],[4.5723,6.6391],[4.5553,6.6236],[4.5374,6.6006],[4.5256,6.5795],[4.5171,6.5318],[4.4966,6.5051],[4.491,6.5087],[4.4788,6.5354],[4.4675,6.5668],[4.4581,6.6027],[4.4543,6.6073],[4.4265,6.6127],[4.4032,6.6246],[4.3902,6.6282],[4.3771,6.6451],[4.3761,6.6632],[4.3872,6.6697],[4.3888,6.7131],[4.4137,6.7447],[4.4182,6.7604],[4.4395,6.7744],[4.4764,6.8023],[4.5023,6.8163],[4.5153,6.82],[4.5476,6.8405],[4.5483,6.8442],[4.552,6.8747],[4.5575,6.8895],[4.5562,6.9588],[4.5643,6.9957],[4.5848,7.014],[4.6096,7.0311],[4.5772,7.0234],[4.5425,7.0211],[4.5163,7.0226],[4.4889,6.9918],[4.4634,6.9933],[4.4542,7.0009],[4.4382,7.0047],[4.4245,7.0024],[4.4005,6.9807],[4.3904,6.9809],[4.376,6.9948],[4.371,7.018],[4.3787,7.0261],[4.3701,7.0365],[4.3703,7.0562],[4.3651,7.0597],[4.3344,7.0708],[4.2975,7.0906],[4.2685,7.0884],[4.2188,7.0471],[4.2036,7.046],[4.1979,7.0492],[4.186,7.0854],[4.183,7.1113],[4.1712,7.1707],[4.169,7.174],[4.1567,7.165],[4.0884,7.1334],[4.0691,7.1323],[4.0459,7.1383],[4.0193,7.1246],[4.0055,7.1285],[3.9954,7.125],[3.9656,7.1098],[3.9602,7.0923],[3.9389,7.0839],[3.8428,7.0829],[3.7838,7.0801],[3.74,7.0816],[3.7276,7.0836],[3.7274,7.0969],[3.7815,7.1212],[3.7944,7.1395],[3.7872,7.1639],[3.7773,7.1806],[3.7804,7.2027],[3.7636,7.2307],[3.7598,7.2811],[3.7619,7.301],[3.7468,7.2995],[3.7184,7.3013],[3.7143,7.3048],[3.7175,7.328],[3.7198,7.3876],[3.7082,7.3894],[3.7067,7.4091],[3.7071,7.4473],[3.6572,7.4434],[3.6038,7.443],[3.5458,7.4408],[3.5405,7.4397],[3.5223,7.4154],[3.4977,7.3946],[3.4744,7.3889],[3.4734,7.3964],[3.4829,7.4172],[3.4715,7.4387],[3.4594,7.4497],[3.4666,7.4711],[3.4459,7.4938],[3.4115,7.4713],[3.3931,7.4558],[3.3961,7.4406],[3.3827,7.4332],[3.3813,7.4158],[3.3858,7.4013],[3.3758,7.3868],[3.35,7.3632],[3.3329,7.3342],[3.324,7.3152],[3.3066,7.314],[3.287,7.3245],[3.2825,7.3355],[3.2566,7.3634],[3.23,7.3699],[3.183,7.37],[3.1553,7.3782],[3.1439,7.3909],[3.1404,7.3956],[3.1153,7.4081],[3.0985,7.4294]]]},"properties":{"state_name":"Ogun","state_pcode":"NG028"}},
{"type":"Feature","geometry":{"type":"MultiPolygon","coordinates":[[[[7.9701,5.7683],[7.9514,5.7751],[7.9209,5.7601],[7.9131,5.7411],[7.9116,5.7255],[7.9048,5.7151],[7.8866,5.7001],[7.8901,5.6848],[7.9154,5.6554],[7.9122,5.6095],[7.902,5.5974],[7.91,5.5881],[7.9046,5.5687],[7.9079,5.5358],[7.9149,5.5209],[7.9206,5.5094],[7.931,5.4773],[7.9391,5.4612],[7.954,5.4417],[7.9598,5.4257],[7.9863,5.3706],[7.9875,5.3626],[7.9773,5.3545],[7.9339,5.3577],[7.8804,5.3668],[7.8813,5.3626],[7.9045,5.3414],[7.8965,5.3333],[7.8759,5.3372],[7.8683,5.3429],[7.8488,5.3444],[7.8409,5.3375],[7.8652,5.3146],[7.8749,5.3181],[7.8921,5.3165],[7.9094,5.3068],[7.9227,5.2942],[7.935,5.2736],[7.9378,5.2543],[7.9435,5.2451],[7.9664,5.2315],[7.9698,5.2203],[7.9761,5.2083],[7.9927,5.2067],[8.0033,5.2192],[8.0098,5.2382],[8.0168,5.247],[8.0348,5.2432],[8.0552,5.2173],[8.0726,5.1854],[8.0739,5.1768],[8.0664,5.162],[8.0648,5.1455],[8.0697,5.136],[8.0952,5.1152],[8.0993,5.1071],[8.1004,5.0811],[8.0982,5.043],[8.1026,5.0238],[8.1222,4.9942],[8.1282,4.969],[8.1492,4.9394],[8.1531,4.9385],[8.1715,4.9335],[8.1974,4.9135],[8.2074,4.9083],[8.2155,4.8972],[8.2229,4.8728],[8.2303,4.8602],[8.2403,4.8541],[8.2662,4.8353],[8.2687,4.8291],[8.2775,4.8372],[8.3099,4.8377],[8.3241,4.8246],[8.3366,4.8241],[8.3339,4.8044],[8.3465,4.7916],[8.3687,4.7771],[8.3786,4.7759],[8.3962,4.7811],[8.4005,4.8008],[8.4093,4.8168],[8.4082,4.8393],[8.4138,4.8327],[8.4138,4.8187],[8.4087,4.797],[8.3989,4.7749],[8.4029,4.7688],[8.3854,4.7517],[8.39,4.7426],[8.4027,4.7323],[8.4258,4.7277],[8.4469,4.7364],[8.4612,4.7563],[8.474,4.7353],[8.467,4.7275],[8.4584,4.7056],[8.4617,4.6979],[8.4799,4.6894],[8.5089,4.6942],[8.508,4.7028],[8.5297,4.7079],[8.5316,4.714],[8.5217,4.7321],[8.52,4.7445],[8.5245,4.7698],[8.5385,4.8006],[8.5477,4.811],[8.5644,4.8195],[8.5786,4.8175],[8.5922,4.8073],[8.6101,4.8171],[8.6241,4.8206],[8.6322,4.8428],[8.6228,4.8574],[8.6095,4.8668],[8.6047,4.8799],[8.6189,4.9033],[8.6391,4.907],[8.6523,4.9157],[8.6485,4.9357],[8.6688,4.9522],[8.6669,4.9637],[8.679,4.9716],[8.6812,4.9802],[8.693,4.9863],[8.6935,4.9953],[8.6854,4.9983],[8.6962,5.0142],[8.7073,5.0209],[8.7121,5.0314],[8.7248,5.0432],[8.72,5.0534],[8.7267,5.0743],[8.7448,5.0918],[8.7558,5.0983],[8.7911,5.1318],[8.8012,5.1537],[8.8102,5.1974],[8.8134,5.233],[8.8064,5.2767],[8.8097,5.3066],[8.8221,5.3434],[8.8356,5.3711],[8.8412,5.3918],[8.8467,5.439],[8.858,5.4712],[8.8602,5.4988],[8.8737,5.5276],[8.8862,5.5483],[8.8952,5.5783],[8.8951,5.6024],[8.8859,5.6207],[8.8721,5.6368],[8.8514,5.654],[8.843,5.6806],[8.818,5.6936],[8.8159,5.7154],[8.8342,5.7187],[8.8491,5.7335],[8.8575,5.784],[8.844,5.8139],[8.8441,5.8277],[8.859,5.832],[8.8577,5.8428],[8.8834,5.8605],[8.902,5.8618],[8.9136,5.8923],[8.9232,5.9026],[8.9396,5.9119],[8.9418,5.92],[8.9716,5.9359],[8.9899,5.9518],[9.0291,5.9987],[9.0682,6.0363],[9.1187,6.0784],[9.1473,6.0954],[9.1897,6.1124],[9.2377,6.135],[9.2698,6.1531],[9.2871,6.1737],[9.3056,6.2091],[9.3114,6.2252],[9.3218,6.2412],[9.3323,6.2664],[9.3461,6.2904],[9.3474,6.3122],[9.3395,6.3249],[9.3442,6.3363],[9.3613,6.3362],[9.384,6.3246],[9.4068,6.3164],[9.4194,6.322],[9.4355,6.3357],[9.4424,6.3494],[9.4496,6.3999],[9.4625,6.4365],[9.4656,6.4556],[9.4673,6.4732],[9.4743,6.4996],[9.4711,6.5249],[9.4495,6.5388],[9.4325,6.5573],[9.4168,6.5827],[9.4021,6.6011],[9.368,6.6289],[9.3522,6.6485],[9.3432,6.6647],[9.3251,6.6843],[9.3003,6.7201],[9.2558,6.7181],[9.2157,6.7057],[9.1928,6.6944],[9.1757,6.6888],[9.1682,6.6867],[9.1494,6.6844],[9.1231,6.6731],[9.1117,6.6599],[9.0874,6.6513],[9.0704,6.6425],[9.0476,6.6438],[9.0271,6.6508],[8.9977,6.6831],[8.992,6.6924],[8.9703,6.6914],[8.9704,6.704],[8.9914,6.7466],[9.0075,6.7578],[8.9949,6.7766],[8.9773,6.786],[8.943,6.8105],[8.9294,6.8204],[8.8598,6.8597],[8.8393,6.8691],[8.7596,6.8914],[8.7209,6.8963],[8.7037,6.8964],[8.6693,6.8702],[8.6567,6.8657],[8.609,6.8596],[8.6019,6.85],[8.6416,6.8188],[8.6368,6.7981],[8.6207,6.781],[8.5784,6.7652],[8.5441,6.7586],[8.5156,6.7599],[8.4687,6.7465],[8.4505,6.7478],[8.4403,6.757],[8.4278,6.7582],[8.4106,6.7538],[8.3934,6.7424],[8.3749,6.7069],[8.3611,6.6933],[8.3211,6.6786],[8.2945,6.6787],[8.3065,6.6607],[8.3092,6.6394],[8.3224,6.6344],[8.3211,6.6139],[8.3248,6.5895],[8.3301,6.5917],[8.3401,6.5753],[8.3519,6.5744],[8.3587,6.564],[8.3742,6.5635],[8.3715,6.5481],[8.3914,6.5504],[8.4001,6.5363],[8.391,6.5231],[8.4191,6.5145],[8.406,6.485],[8.4087,6.4777],[8.4228,6.4777],[8.4237,6.4664],[8.4387,6.4468],[8.4323,6.4332],[8.4568,6.4282],[8.4536,6.406],[8.4441,6.4023],[8.445,6.3855],[8.4073,6.3746],[8.3992,6.3538],[8.3917,6.3065],[8.3944,6.297],[8.4109,6.2821],[8.4091,6.2635],[8.4173,6.2596],[8.4053,6.2371],[8.3933,6.2325],[8.3838,6.2135],[8.368,6.1984],[8.3474,6.19],[8.3409,6.1834],[8.3303,6.1899],[8.3174,6.1717],[8.3194,6.1598],[8.3083,6.1392],[8.3154,6.1177],[8.302,6.1081],[8.2985,6.0909],[8.2982,6.0675],[8.2888,6.0457],[8.2866,6.0166],[8.2743,5.999],[8.2584,5.9981],[8.2527,6.0122],[8.2448,6.018],[8.2303,6.0127],[8.2148,6.0122],[8.173,5.9738],[8.1533,5.9673],[8.1138,5.9381],[8.1044,5.9612],[8.0907,5.9615],[8.0741,5.9476],[8.0575,5.95],[8.0511,5.9567],[8.0594,5.9714],[8.0554,5.9979],[8.0318,6.0005],[7.9862,5.9817],[7.9792,5.9703],[7.9893,5.9427],[7.9824,5.9358],[7.9857,5.922],[8.0005,5.9127],[8.005,5.9001],[7.9941,5.8973],[7.9862,5.8847],[7.9677,5.8708],[7.9642,5.8538],[7.9576,5.843],[7.9385,5.8344],[7.9336,5.8199],[7.9424,5.8051],[7.9701,5.7683]]],[[[8.572,4.8045],[8.5681,4.8139],[8.5584,4.8131],[8.5594,4.7985],[8.572,4.8045]]],[[[8.293,4.8224],[8.2765,4.8274],[8.2767,4.8143],[8.2835,4.8023],[8.2948,4.793],[8.3063,4.8039],[8.293,4.8224]]]]},"properties":{"state_name":"Cross River","state_pcode":"NG009"}},
{"type":"Feature","geometry":{"type":"Polygon","coordinates":[[[7.3219,5.4049],[7.3313,5.4244],[7.3436,5.4395],[7.356,5.4463],[7.3642,5.4658],[7.3735,5.4752],[7.388,5.5104],[7.4067,5.5332],[7.4095,5.553],[7.4174,5.5621],[7.4152,5.5759],[7.4228,5.5836],[7.4323,5.6094],[7.4285,5.6243],[7.4176,5.6485],[7.4163,5.6615],[7.4082,5.677],[7.3897,5.6915],[7.3816,5.7056],[7.3913,5.7019],[7.4003,5.7127],[7.3943,5.7558],[7.3924,5.8338],[7.3864,5.8609],[7.3964,5.9007],[7.3942,5.9102],[7.3879,5.9128],[7.3672,5.9035],[7.3352,5.9114],[7.2695,5.9199],[7.261,5.9389],[7.257,5.9296],[7.2231,5.9323],[7.2028,5.921],[7.1734,5.9069],[7.1492,5.9167],[7.1121,5.9247],[7.1012,5.9325],[7.0955,5.9274],[7.0564,5.9306],[7.0478,5.9272],[7.031,5.9121],[7.0031,5.9052],[6.995,5.8968],[6.9777,5.9017],[6.9526,5.8655],[6.9328,5.8597],[6.9219,5.8433],[6.9156,5.8238],[6.9071,5.8196],[6.8856,5.8274],[6.8901,5.8068],[6.8864,5.7923],[6.8837,5.761],[6.8848,5.7454],[6.8723,5.7444],[6.8499,5.7631],[6.8361,5.7549],[6.8281,5.7662],[6.8096,5.7803],[6.8021,5.7789],[6.7423,5.7349],[6.6958,5.7087],[6.6699,5.6963],[6.6584,5.6249],[6.6391,5.4934],[6.6527,5.4907],[6.7156,5.4891],[6.7333,5.4939],[6.7392,5.4898],[6.7432,5.4743],[6.7512,5.4648],[6.7437,5.4589],[6.7504,5.4371],[6.7728,5.4319],[6.7774,5.4243],[6.7621,5.4115],[6.7581,5.3898],[6.7605,5.3534],[6.7558,5.3235],[6.7707,5.3008],[6.7944,5.2773],[6.8182,5.258],[6.8361,5.2499],[6.849,5.2498],[6.8765,5.2368],[6.8974,5.2357],[6.9251,5.2257],[6.9677,5.2347],[6.9865,5.2343],[6.9984,5.2392],[7.04,5.2496],[7.056,5.2441],[7.094,5.2255],[7.1128,5.2375],[7.1159,5.2464],[7.1381,5.2372],[7.1571,5.2345],[7.1663,5.212],[7.1983,5.1998],[7.2245,5.1951],[7.2421,5.1959],[7.2514,5.2019],[7.2561,5.2135],[7.2639,5.2156],[7.2669,5.2394],[7.2761,5.2557],[7.2778,5.2729],[7.2886,5.2983],[7.2916,5.3196],[7.2943,5.3322],[7.3035,5.3482],[7.3119,5.3614],[7.3225,5.3866],[7.3219,5.4049]]]},"properties":{"state_name":"Imo","state_pcode":"NG017"}},
{"type":"Feature","geometry":{"type":"Polygon","coordinates":[[[6.598,4.7299],[6.5929,4.714],[6.5727,4.6965],[6.5631,4.6791],[6.561,4.6519],[6.5665,4.6202],[6.5817,4.5939],[6.6029,4.5616],[6.5993,4.5344],[6.5883,4.4981],[6.5787,4.4784],[6.5637,4.467],[6.5541,4.4511],[6.5475,4.4276],[6.5522,4.3937],[6.5606,4.3764],[6.5727,4.3659],[6.59,4.3577],[6.6018,4.3348],[6.616,4.3374],[6.6395,4.3171],[6.6492,4.3212],[6.6537,4.3334],[6.6618,4.3369],[6.707,4.3406],[6.7086,4.3481],[6.7231,4.3575],[6.737,4.3507],[6.76,4.3477],[6.7841,4.3482],[6.8359,4.3576],[6.8716,4.3576],[6.8723,4.3702],[6.8566,4.3832],[6.8582,4.3961],[6.8862,4.3917],[6.8983,4.3926],[6.9401,4.3805],[6.9473,4.3765],[6.9765,4.3733],[6.9944,4.3751],[7.0065,4.38],[7.0272,4.4016],[7.0124,4.4137],[7.0146,4.4254],[7.0308,4.4336],[7.0606,4.4381],[7.0792,4.4487],[7.0723,4.456],[7.0864,4.4548],[7.1081,4.4475],[7.1149,4.4625],[7.1327,4.4599],[7.1394,4.4519],[7.1497,4.4537],[7.158,4.4627],[7.1697,4.4513],[7.1506,4.4249],[7.1375,4.4128],[7.1322,4.4027],[7.1327,4.3854],[7.139,4.3814],[7.1978,4.3791],[7.231,4.3868],[7.2503,4.3944],[7.292,4.4065],[7.327,4.4186],[7.3183,4.4372],[7.3246,4.4474],[7.3397,4.442],[7.3717,4.441],[7.3968,4.4369],[7.4142,4.4292],[7.4291,4.4376],[7.5087,4.4529],[7.5815,4.4519],[7.5974,4.4648],[7.5906,4.4903],[7.5803,4.5021],[7.5685,4.5074],[7.5524,4.5144],[7.5294,4.5437],[7.5273,4.5606],[7.5389,4.5657],[7.5451,4.5796],[7.5293,4.6048],[7.5197,4.631],[7.5232,4.6572],[7.5185,4.6697],[7.5207,4.6847],[7.5279,4.6931],[7.537,4.7019],[7.5452,4.7191],[7.5455,4.7323],[7.5239,4.7532],[7.5252,4.7797],[7.5215,4.7885],[7.5016,4.8078],[7.4887,4.8218],[7.4868,4.8276],[7.4662,4.8454],[7.4467,4.8454],[7.4292,4.8624],[7.4164,4.8667],[7.3928,4.8618],[7.362,4.8653],[7.3524,4.8719],[7.3308,4.8735],[7.3198,4.8796],[7.3078,4.8755],[7.2714,4.873],[7.2409,4.8569],[7.2151,4.8572],[7.1912,4.8639],[7.1738,4.8794],[7.1559,4.8837],[7.1404,4.9006],[7.1438,4.9132],[7.1503,4.9243],[7.1685,4.9448],[7.1949,4.953],[7.1936,4.9664],[7.1851,4.9823],[7.219,4.9783],[7.2351,4.981],[7.2412,4.994],[7.2517,5.0331],[7.2514,5.0494],[7.2558,5.0773],[7.2704,5.1023],[7.2787,5.1168],[7.2802,5.1316],[7.2652,5.1491],[7.2843,5.1709],[7.2835,5.1854],[7.2639,5.2156],[7.2561,5.2135],[7.2514,5.2019],[7.2421,5.1959],[7.2245,5.1951],[7.1983,5.1998],[7.1663,5.212],[7.1571,5.2345],[7.1381,5.2372],[7.1159,5.2464],[7.1128,5.2375],[7.094,5.2255],[7.056,5.2441],[7.04,5.2496],[6.9984,5.2392],[6.9865,5.2343],[6.9677,5.2347],[6.9251,5.2257],[6.8974,5.2357],[6.8765,5.2368],[6.849,5.2498],[6.8361,5.2499],[6.8182,5.258],[6.7944,5.2773],[6.7707,5.3008],[6.7558,5.3235],[6.7605,5.3534],[6.7581,5.3898],[6.7621,5.4115],[6.7774,5.4243],[6.7728,5.4319],[6.7504,5.4371],[6.7437,5.4589],[6.7512,5.4648],[6.7432,5.4743],[6.7392,5.4898],[6.7333,5.4939],[6.7156,5.4891],[6.6527,5.4907],[6.6391,5.4934],[6.6584,5.6249],[6.6699,5.6963],[6.6524,5.6999],[6.6325,5.7112],[6.6261,5.7236],[6.6183,5.7169],[6.614,5.6907],[6.6066,5.68],[6.6065,5.6702],[6.6213,5.6426],[6.6176,5.6315],[6.6038,5.6149],[6.601,5.5969],[6.5848,5.5617],[6.5689,5.5534],[6.5426,5.5492],[6.5308,5.532],[6.5382,5.4758],[6.5348,5.459],[6.5245,5.4387],[6.5088,5.4257],[6.4831,5.4206],[6.4766,5.4041],[6.4855,5.3792],[6.54,5.3806],[6.562,5.3792],[6.5696,5.3721],[6.5671,5.3336],[6.5632,5.3202],[6.5309,5.2845],[6.5374,5.2649],[6.5478,5.2578],[6.5666,5.237],[6.5528,5.2265],[6.5492,5.2127],[6.5558,5.2029],[6.5534,5.1898],[6.5445,5.1863],[6.4948,5.1868],[6.4767,5.1727],[6.4779,5.1374],[6.4605,5.098],[6.4439,5.0681],[6.439,5.0529],[6.4116,5.0046],[6.4104,4.9911],[6.4217,4.9816],[6.4374,4.9665],[6.4404,4.9548],[6.4406,4.9432],[6.4256,4.9207],[6.4207,4.9068],[6.4066,4.8871],[6.3984,4.8645],[6.3993,4.8384],[6.4023,4.8272],[6.4229,4.7772],[6.4414,4.7453],[6.4459,4.73],[6.4594,4.724],[6.4611,4.7133],[6.4785,4.7139],[6.499,4.7326],[6.5273,4.753],[6.5526,4.7586],[6.5601,4.7566],[6.5611,4.7444],[6.5685,4.737],[6.598,4.7299]]]},"properties":{"state_name":"Rivers","state_pcode":"NG033"}},
{"type":"Feature","geometry":{"type":"Polygon","coordinates":[[[6.1647,7.5383],[6.1583,7.5283],[6.1465,7.516],[6.1148,7.4988],[6.1083,7.4907],[6.1091,7.4633],[6.1124,7.4487],[6.1279,7.4462],[6.1428,7.4496],[6.1709,7.4441],[6.1828,7.4294],[6.1869,7.4387],[6.2187,7.4565],[6.2253,7.4684],[6.2379,7.4756],[6.2638,7.4801],[6.2766,7.4957],[6.2958,7.4947],[6.3245,7.4443],[6.3366,7.4341],[6.3574,7.4111],[6.3781,7.3975],[6.4222,7.4168],[6.4322,7.4023],[6.4222,7.389],[6.4341,7.3767],[6.4357,7.3597],[6.4505,7.3555],[6.4669,7.3653],[6.4858,7.342],[6.4996,7.3272],[6.4997,7.2922],[6.5149,7.267],[6.5443,7.2749],[6.5751,7.2735],[6.6077,7.278],[6.6377,7.2948],[6.6692,7.2405],[6.6832,7.2304],[6.6902,7.2196],[6.6976,7.2042],[6.7034,7.1706],[6.7153,7.137],[6.7158,7.1207],[6.7115,7.1047],[6.6901,7.0683],[6.6773,7.0341],[6.6786,6.9881],[6.6793,6.972],[6.673,6.9357],[6.6527,6.9078],[6.6462,6.8854],[6.6108,6.8221],[6.6236,6.7936],[6.6317,6.7691],[6.6262,6.7315],[6.6179,6.7049],[6.628,6.6746],[6.6528,6.6343],[6.6601,6.6086],[6.6619,6.5527],[6.6647,6.5324],[6.6839,6.5431],[6.717,6.5501],[6.7933,6.5723],[6.8081,6.5802],[6.809,6.6159],[6.799,6.6795],[6.8003,6.6935],[6.8064,6.7031],[6.8338,6.7222],[6.86,6.7532],[6.8783,6.7606],[6.8968,6.7924],[6.9121,6.8007],[6.9234,6.802],[6.9312,6.788],[6.9321,6.7677],[6.949,6.7886],[6.9522,6.8279],[6.9608,6.8409],[6.9782,6.85],[6.9868,6.8445],[6.99,6.8232],[6.9853,6.7988],[6.9908,6.7854],[7.0207,6.7893],[7.042,6.783],[7.0554,6.7862],[7.0601,6.7949],[7.0814,6.8004],[7.1011,6.8287],[7.1129,6.8374],[7.12,6.8484],[7.1468,6.8642],[7.1562,6.8831],[7.1704,6.8839],[7.1759,6.8965],[7.1877,6.9012],[7.2099,6.9028],[7.235,6.9107],[7.2429,6.928],[7.2381,6.9579],[7.2413,6.9713],[7.2578,6.9808],[7.2933,6.9942],[7.313,6.9997],[7.3298,7.0003],[7.3281,7.0245],[7.3668,7.0399],[7.3671,7.0648],[7.3753,7.0921],[7.386,7.1093],[7.3982,7.1137],[7.4176,7.1138],[7.442,7.1182],[7.4657,7.1118],[7.4866,7.094],[7.504,7.0704],[7.5263,7.0575],[7.5305,7.0323],[7.5787,7.0557],[7.5841,7.0676],[7.5807,7.085],[7.585,7.1067],[7.5915,7.1219],[7.6055,7.1447],[7.6228,7.1633],[7.6467,7.172],[7.6864,7.191],[7.6922,7.1993],[7.7085,7.1961],[7.7367,7.1973],[7.7834,7.206],[7.7945,7.2272],[7.8066,7.2544],[7.8187,7.2869],[7.7747,7.3012],[7.7873,7.3385],[7.7981,7.3591],[7.7954,7.3896],[7.7969,7.4166],[7.8358,7.4653],[7.8358,7.4851],[7.8183,7.497],[7.8075,7.4937],[7.7934,7.4785],[7.7792,7.4828],[7.7559,7.5268],[7.7399,7.538],[7.752,7.5769],[7.7508,7.5942],[7.7547,7.6477],[7.7536,7.6881],[7.7526,7.7442],[7.7447,7.7687],[7.7282,7.7924],[7.6929,7.8386],[7.6698,7.8848],[7.6638,7.9143],[7.695,7.9316],[7.6928,7.9414],[7.665,7.9402],[7.6768,8.0145],[7.6772,8.0166],[7.6249,8.0295],[7.5835,8.0377],[7.5053,8.0472],[7.451,8.0465],[7.4458,8.0449],[7.4045,8.043],[7.3932,8.0419],[7.3056,8.0256],[7.2538,8.015],[7.1959,7.993],[7.1179,7.959],[7.0728,7.9427],[7.0529,7.9323],[6.9947,7.9253],[6.9878,7.9095],[6.978,7.9016],[6.9636,7.8793],[6.9526,7.9179],[6.9608,7.9427],[6.9636,7.9602],[6.9783,7.9859],[6.9792,8.0006],[6.9709,8.0301],[6.987,8.0779],[6.9834,8.1155],[7.0027,8.167],[7.0008,8.1817],[6.9797,8.2111],[6.9723,8.2249],[6.9705,8.2452],[6.965,8.2654],[6.953,8.2838],[6.9346,8.3012],[6.9558,8.3591],[6.9576,8.3748],[6.9696,8.3913],[6.9842,8.4594],[6.9461,8.4589],[6.8276,8.4535],[6.8248,8.4327],[6.8321,8.4171],[6.8248,8.4042],[6.8377,8.3968],[6.8229,8.3674],[6.8073,8.3426],[6.7908,8.3306],[6.7724,8.3352],[6.7669,8.3086],[6.7512,8.3049],[6.7614,8.293],[6.7614,8.2727],[6.7439,8.2654],[6.7301,8.2838],[6.72,8.2746],[6.7259,8.2507],[6.7181,8.2433],[6.7145,8.2295],[6.7126,8.202],[6.6913,8.183],[6.6837,8.213],[6.6653,8.2268],[6.6414,8.2553],[6.6267,8.2874],[6.6138,8.2994],[6.6083,8.3141],[6.5991,8.3242],[6.5798,8.3306],[6.5513,8.3693],[6.5274,8.3757],[6.5035,8.4125],[6.4529,8.4483],[6.4313,8.5191],[6.4249,8.5494],[6.4101,8.5954],[6.3983,8.6294],[6.3841,8.6443],[6.3753,8.6616],[6.3587,8.6846],[6.3238,8.7131],[6.3026,8.7278],[6.2677,8.7388],[6.2466,8.7388],[6.2085,8.7324],[6.1699,8.663],[6.1626,8.6378],[6.1479,8.5963],[6.1251,8.5556],[6.1138,8.4613],[6.1131,8.4415],[6.1113,8.4312],[6.0975,8.4141],[6.0827,8.4018],[6.0601,8.3938],[6.0406,8.393],[6.0137,8.4003],[5.9909,8.4019],[5.9568,8.4084],[5.9121,8.4239],[5.8494,8.4223],[5.8185,8.4271],[5.8055,8.4255],[5.7827,8.4279],[5.7486,8.4377],[5.7047,8.4458],[5.6882,8.4529],[5.6429,8.4629],[5.5997,8.4889],[5.5745,8.506],[5.5542,8.5125],[5.5444,8.5231],[5.5241,8.5369],[5.5132,8.5385],[5.4962,8.529],[5.4766,8.4999],[5.4464,8.4797],[5.4331,8.4665],[5.4124,8.4524],[5.3966,8.4383],[5.3726,8.4092],[5.3419,8.3752],[5.3215,8.3411],[5.3245,8.3338],[5.3323,8.3312],[5.3532,8.3099],[5.3532,8.2868],[5.3567,8.2747],[5.3723,8.2742],[5.3971,8.292],[5.4184,8.2838],[5.4223,8.2512],[5.4188,8.2355],[5.4575,8.2064],[5.4662,8.2025],[5.4882,8.2083],[5.527,8.2048],[5.5397,8.1907],[5.5367,8.1564],[5.5327,8.1468],[5.518,8.1312],[5.5045,8.1238],[5.498,8.1107],[5.5139,8.1112],[5.5136,8.0838],[5.5038,8.0236],[5.5087,8.0176],[5.5766,8.0712],[5.5992,8.0737],[5.6436,8.074],[5.6597,8.0698],[5.6399,8.0538],[5.6472,8.041],[5.6507,8.0236],[5.6625,8.0152],[5.6681,8.0023],[5.6476,7.9862],[5.6455,7.963],[5.627,7.9571],[5.6096,7.9661],[5.6016,7.9637],[5.5988,7.9519],[5.6086,7.9108],[5.6142,7.8656],[5.6232,7.843],[5.6427,7.8287],[5.6588,7.8277],[5.7102,7.8301],[5.729,7.8283],[5.7381,7.8192],[5.746,7.805],[5.768,7.7876],[5.7916,7.7821],[5.773,7.7473],[5.8164,7.7278],[5.8277,7.734],[5.8426,7.7286],[5.8574,7.7305],[5.8898,7.7436],[5.9194,7.7502],[5.9306,7.7448],[5.9215,7.7161],[5.929,7.6958],[5.94,7.6451],[5.9639,7.6157],[6.004,7.5874],[6.0089,7.5797],[6.0041,7.5292],[6.013,7.5334],[6.0235,7.5473],[6.0254,7.559],[6.0359,7.5723],[6.0485,7.5801],[6.0987,7.5882],[6.1188,7.5914],[6.1266,7.573],[6.1336,7.5521],[6.1642,7.5502],[6.1647,7.5383]]]},"properties":{"state_name":"Kogi","state_pcode":"NG023"}},
{"type":"Feature","geometry":{"type":"Polygon","coordinates":[[[8.2413,6.7912],[8.2494,6.7685],[8.2557,6.7661],[8.2661,6.7415],[8.2516,6.7356],[8.2688,6.7279],[8.2738,6.7166],[8.2856,6.7102],[8.2788,6.698],[8.2945,6.6787],[8.3211,6.6786],[8.3611,6.6933],[8.3749,6.7069],[8.3934,6.7424],[8.4106,6.7538],[8.4278,6.7582],[8.4403,6.757],[8.4505,6.7478],[8.4687,6.7465],[8.5156,6.7599],[8.5441,6.7586],[8.5784,6.7652],[8.6207,6.781],[8.6368,6.7981],[8.6416,6.8188],[8.6019,6.85],[8.609,6.8596],[8.6567,6.8657],[8.6693,6.8702],[8.7037,6.8964],[8.7209,6.8963],[8.7596,6.8914],[8.8393,6.8691],[8.8598,6.8597],[8.9294,6.8204],[8.943,6.8105],[8.9773,6.786],[8.9949,6.7766],[9.0075,6.7578],[8.9914,6.7466],[8.9704,6.704],[8.9703,6.6914],[8.992,6.6924],[8.9977,6.6831],[9.0271,6.6508],[9.0476,6.6438],[9.0704,6.6425],[9.0874,6.6513],[9.1117,6.6599],[9.1231,6.6731],[9.1494,6.6844],[9.1682,6.6867],[9.1757,6.6888],[9.1928,6.6944],[9.2157,6.7057],[9.2558,6.7181],[9.3003,6.7201],[9.3251,6.6843],[9.3432,6.6647],[9.3522,6.6485],[9.368,6.6289],[9.4021,6.6011],[9.4168,6.5827],[9.4325,6.5573],[9.4495,6.5388],[9.4711,6.5249],[9.4743,6.4996],[9.4673,6.4732],[9.4656,6.4556],[9.4676,6.4509],[9.4915,6.4459],[9.5434,6.4434],[9.5862,6.4748],[9.5887,6.5085],[9.5991,6.5309],[9.6025,6.5382],[9.6065,6.5718],[9.6223,6.6641],[9.6361,6.7129],[9.646,6.7386],[9.6487,6.7992],[9.6414,6.8665],[9.6457,6.8948],[9.6642,6.9357],[9.6892,6.9864],[9.6998,7.0115],[9.7316,7.0669],[9.7664,7.0663],[9.8154,7.1064],[9.8197,7.1085],[9.8231,7.1465],[9.8231,7.1682],[9.8346,7.1994],[9.8352,7.2172],[9.825,7.2546],[9.8408,7.2798],[9.8562,7.326],[9.868,7.3406],[9.867,7.3536],[9.8801,7.3991],[9.8948,7.437],[9.907,7.4968],[9.9212,7.5066],[9.9247,7.5145],[9.9127,7.5344],[9.9045,7.5724],[9.9052,7.6076],[9.9123,7.6377],[9.9052,7.6475],[9.8635,7.686],[9.845,7.7008],[9.7982,7.7269],[9.7635,7.7661],[9.6581,7.8455],[9.6244,7.8715],[9.57,7.8988],[9.5417,7.8945],[9.5036,7.8934],[9.459,7.8805],[9.4427,7.8707],[9.4339,7.8588],[9.3971,7.8447],[9.3866,7.8447],[9.3148,7.8348],[9.2726,7.8229],[9.2251,7.8183],[9.1902,7.8104],[9.1302,7.788],[9.1203,7.7933],[9.1157,7.8084],[9.1243,7.8269],[9.15,7.8599],[9.1625,7.8691],[9.1722,7.8866],[9.1832,7.8957],[9.1791,7.9081],[9.173,7.9063],[9.1357,7.9247],[9.1309,7.9308],[9.0634,8.0521],[9.0634,8.0675],[9.057,8.0776],[9.0254,8.0626],[8.9713,8.0576],[8.9108,8.0563],[8.8419,8.0671],[8.7805,8.0752],[8.6967,8.0964],[8.6371,8.1162],[8.6217,8.1202],[8.595,8.1528],[8.5885,8.1561],[8.5656,8.1539],[8.5424,8.1487],[8.5244,8.1573],[8.5037,8.1582],[8.4727,8.1425],[8.4266,8.1122],[8.3905,8.0779],[8.3711,8.0463],[8.3635,8.0166],[8.3603,7.9873],[8.3603,7.9607],[8.3671,7.9389],[8.3645,7.9203],[8.3785,7.9162],[8.3977,7.88],[8.4054,7.861],[8.4047,7.8368],[8.3966,7.8294],[8.3939,7.8099],[8.412,7.7764],[8.4032,7.7662],[8.3722,7.77],[8.3455,7.7843],[8.2748,7.8146],[8.2152,7.8346],[8.1854,7.8522],[8.1804,7.8526],[8.1599,7.8597],[8.1138,7.8639],[8.102,7.8671],[8.1393,7.8906],[8.1392,7.9047],[8.0924,7.9046],[8.0804,7.9187],[8.0629,7.927],[7.918,7.9757],[7.8799,7.9854],[7.8384,7.9853],[7.7607,8.0034],[7.6975,8.0137],[7.6768,8.0145],[7.665,7.9402],[7.6928,7.9414],[7.695,7.9316],[7.6638,7.9143],[7.6698,7.8848],[7.6929,7.8386],[7.7282,7.7924],[7.7447,7.7687],[7.7526,7.7442],[7.7536,7.6881],[7.7547,7.6477],[7.7508,7.5942],[7.752,7.5769],[7.7399,7.538],[7.7559,7.5268],[7.7792,7.4828],[7.7934,7.4785],[7.8075,7.4937],[7.8183,7.497],[7.8358,7.4851],[7.8358,7.4653],[7.7969,7.4166],[7.7954,7.3896],[7.7981,7.3591],[7.7873,7.3385],[7.7747,7.3012],[7.8187,7.2869],[7.8066,7.2544],[7.7945,7.2272],[7.7834,7.206],[7.7367,7.1973],[7.7085,7.1961],[7.6922,7.1993],[7.6864,7.191],[7.6467,7.172],[7.6228,7.1633],[7.6055,7.1447],[7.5915,7.1219],[7.585,7.1067],[7.5807,7.085],[7.5841,7.0676],[7.5787,7.0557],[7.5305,7.0323],[7.5383,7.0202],[7.5493,6.991],[7.5564,6.9788],[7.5643,6.9524],[7.5777,6.9327],[7.6202,6.9193],[7.6504,6.8894],[7.6746,6.8555],[7.6923,6.8518],[7.7202,6.8626],[7.7344,6.8634],[7.7502,6.8784],[7.7628,6.8799],[7.776,6.8759],[7.7852,6.873],[7.8007,6.8882],[7.8268,6.8917],[7.8638,6.88],[7.8826,6.8583],[7.8967,6.8639],[7.8881,6.8535],[7.8904,6.8437],[7.8865,6.7941],[7.89,6.7854],[7.9034,6.7815],[7.8884,6.7665],[7.8553,6.7429],[7.8301,6.6893],[7.8049,6.6405],[7.8083,6.6342],[7.8318,6.6385],[7.8336,6.6194],[7.8468,6.6044],[7.8558,6.5808],[7.8719,6.5667],[7.8872,6.5526],[7.9109,6.5508],[7.9324,6.5318],[7.9494,6.5322],[7.9625,6.544],[7.9716,6.5706],[7.9654,6.5914],[7.9711,6.6021],[7.9875,6.6132],[7.9875,6.6478],[7.9822,6.6638],[7.9948,6.7039],[8.0062,6.7164],[8.0218,6.7235],[8.0382,6.7119],[8.0509,6.7093],[8.0796,6.7132],[8.0985,6.707],[8.1276,6.7116],[8.1444,6.7252],[8.1526,6.7547],[8.1639,6.765],[8.181,6.7635],[8.1937,6.7783],[8.213,6.7761],[8.2202,6.7788],[8.2293,6.8001],[8.2413,6.7912]]]},"properties":{"state_name":"Benue","state_pcode":"NG007"}},
{"type":"Feature","geometry":{"type":"Polygon","coordinates":[[[5.6244,7.6284],[5.6494,7.6368],[5.6757,7.6237],[5.6914,7.638],[5.6949,7.6718],[5.6994,7.6829],[5.7165,7.701],[5.7676,7.7372],[5.773,7.7473],[5.7916,7.7821],[5.768,7.7876],[5.746,7.805],[5.7381,7.8192],[5.729,7.8283],[5.7102,7.8301],[5.6588,7.8277],[5.6427,7.8287],[5.6232,7.843],[5.6142,7.8656],[5.6086,7.9108],[5.5988,7.9519],[5.6016,7.9637],[5.6096,7.9661],[5.627,7.9571],[5.6455,7.963],[5.6476,7.9862],[5.6681,8.0023],[5.6625,8.0152],[5.6507,8.0236],[5.6472,8.041],[5.6399,8.0538],[5.6597,8.0698],[5.6436,8.074],[5.5992,8.0737],[5.5766,8.0712],[5.5087,8.0176],[5.5038,8.0236],[5.5136,8.0838],[5.5139,8.1112],[5.498,8.1107],[5.4491,8.1059],[5.4212,8.1055],[5.3873,8.1021],[5.364,8.0905],[5.3587,8.0739],[5.3614,8.0434],[5.3592,8.0361],[5.352,8.0257],[5.3324,8.0096],[5.3177,8.0077],[5.2829,8.0085],[5.2624,8.0129],[5.2445,8.0205],[5.2308,8.022],[5.1958,8.0182],[5.1819,8.0363],[5.1626,8.0495],[5.1423,8.0619],[5.1179,8.0626],[5.1059,8.0486],[5.1037,8.0326],[5.0844,8.0242],[5.0576,8.0395],[5.0531,8.0235],[5.0355,8.0052],[5.0332,7.9823],[5.0165,7.9552],[5.0012,7.9461],[4.9905,7.9312],[4.9414,7.8976],[4.9273,7.8804],[4.9238,7.8635],[4.9111,7.8501],[4.91,7.8418],[4.9086,7.8298],[4.9158,7.8221],[4.9153,7.7912],[4.9094,7.7664],[4.8932,7.7303],[4.8803,7.6761],[4.8639,7.6227],[4.868,7.6163],[4.8831,7.6114],[4.9022,7.5764],[4.9064,7.5628],[4.9179,7.5298],[4.9202,7.5172],[4.9524,7.4478],[4.9848,7.4265],[4.9871,7.4192],[5.0062,7.4137],[5.0181,7.4313],[5.0486,7.4573],[5.0652,7.4602],[5.0847,7.457],[5.1024,7.4502],[5.1673,7.4404],[5.1877,7.4406],[5.1924,7.4369],[5.2453,7.4335],[5.2684,7.4382],[5.2796,7.4355],[5.3063,7.4405],[5.3203,7.4413],[5.3288,7.4173],[5.3466,7.3814],[5.3542,7.3445],[5.3544,7.3104],[5.3582,7.2956],[5.3882,7.2832],[5.3981,7.2884],[5.4269,7.2932],[5.454,7.3006],[5.4505,7.3189],[5.5017,7.3254],[5.5264,7.3409],[5.546,7.3742],[5.5525,7.3798],[5.5754,7.4178],[5.5883,7.4317],[5.5994,7.4502],[5.6103,7.4845],[5.6099,7.485],[5.613,7.5204],[5.6048,7.5199],[5.6078,7.5568],[5.6274,7.5944],[5.6199,7.6166],[5.6244,7.6284]]]},"properties":{"state_name":"Ekiti","state_pcode":"NG013"}},
{"type":"Feature","geometry":{"type":"Polygon","coordinates":[[[4.0247,7.6649],[4.039,7.685],[4.0563,7.6988],[4.0778,7.7105],[4.0742,7.7359],[4.0619,7.7488],[4.0708,7.7598],[4.0694,7.7706],[4.0725,7.8087],[4.0762,7.8249],[4.0911,7.8502],[4.1025,7.8436],[4.1198,7.8492],[4.1471,7.8496],[4.1864,7.8649],[4.2108,7.8668],[4.2165,7.8747],[4.1973,7.8888],[4.1913,7.9102],[4.2356,7.9327],[4.2388,7.9542],[4.2508,7.9655],[4.2765,7.9711],[4.2859,7.9655],[4.3071,7.9445],[4.3282,7.935],[4.3381,7.9163],[4.3484,7.9049],[4.3602,7.8828],[4.3656,7.8595],[4.3823,7.8842],[4.3925,7.8925],[4.4101,7.8916],[4.4227,7.8862],[4.4363,7.8868],[4.4401,7.9135],[4.4296,7.9324],[4.4322,7.9383],[4.4689,7.9423],[4.4825,7.9419],[4.4927,7.9522],[4.5071,7.952],[4.5255,7.9604],[4.5576,7.982],[4.563,8.009],[4.563,8.0341],[4.5592,8.049],[4.569,8.0548],[4.5335,8.0716],[4.5056,8.092],[4.495,8.1228],[4.4941,8.1667],[4.4839,8.2027],[4.4771,8.2183],[4.4601,8.236],[4.4214,8.2705],[4.4038,8.2787],[4.3869,8.2919],[4.3753,8.3182],[4.3676,8.3502],[4.2598,8.575],[4.2091,8.6807],[4.2134,8.6826],[4.1904,8.7533],[4.1829,8.7652],[4.1826,8.786],[4.1861,8.8056],[4.195,8.818],[4.2211,8.8609],[4.258,8.9009],[4.321,8.9424],[4.3349,8.9577],[4.3349,8.9808],[4.329,8.9896],[4.3164,8.9977],[4.2903,8.9916],[4.2534,8.967],[4.2105,8.97],[4.072,9.0146],[4.0121,9.0346],[3.9905,9.0484],[3.9721,9.0776],[3.9444,9.1483],[3.9214,9.1729],[3.863,9.1883],[3.8261,9.1822],[3.8103,9.1735],[3.7953,9.1653],[3.7707,9.1468],[3.7538,9.1207],[3.7523,9.0869],[3.7431,9.0469],[3.72,9.0131],[3.6822,8.9942],[3.6555,8.9808],[3.6038,8.9601],[3.5248,8.9285],[3.4213,8.8634],[3.388,8.8425],[3.3388,8.8256],[3.2819,8.804],[3.2374,8.7825],[3.1974,8.7963],[3.1836,8.8117],[3.1636,8.8086],[3.1036,8.7502],[3.0514,8.7287],[3.0145,8.7103],[2.9422,8.638],[2.9207,8.6119],[2.8884,8.6088],[2.8024,8.6104],[2.7762,8.5904],[2.7612,8.5701],[2.7581,8.5612],[2.7501,8.5335],[2.7619,8.5222],[2.7617,8.5052],[2.75,8.4898],[2.7566,8.4823],[2.7475,8.4657],[2.7411,8.4456],[2.7286,8.4319],[2.7157,8.4319],[2.7068,8.4198],[2.7141,8.3896],[2.7093,8.369],[2.698,8.3586],[2.6956,8.3215],[2.7012,8.3005],[2.7125,8.2723],[2.7149,8.2598],[2.733,8.2373],[2.7391,8.2256],[2.7532,8.2107],[2.7515,8.2063],[2.7491,8.1655],[2.7319,8.1375],[2.731,8.1022],[2.7228,8.0859],[2.7292,8.0723],[2.7147,8.028],[2.7065,7.9927],[2.7074,7.98],[2.6939,7.9266],[2.6803,7.8986],[2.6685,7.8904],[2.6839,7.8678],[2.6933,7.8684],[2.7136,7.8789],[2.7258,7.8807],[2.7566,7.9],[2.7677,7.9116],[2.7771,7.9447],[2.8003,7.9529],[2.8177,7.9454],[2.8229,7.9367],[2.8386,7.931],[2.8786,7.9248],[2.9175,7.9261],[2.8913,7.9],[2.8813,7.8628],[2.883,7.8461],[2.8795,7.8229],[2.8841,7.8101],[2.9113,7.7958],[2.9153,7.7854],[2.9117,7.7529],[2.9268,7.7565],[2.9472,7.7733],[2.9729,7.8163],[2.9829,7.8581],[3.0089,7.8257],[3.026,7.7918],[3.0192,7.7899],[3.0203,7.7667],[3.0255,7.7557],[3.0062,7.7139],[3.012,7.7006],[2.9969,7.6988],[2.9945,7.6861],[3.0003,7.6676],[2.9933,7.6612],[2.9979,7.6519],[2.989,7.6306],[2.9773,7.6231],[2.9726,7.6104],[2.9805,7.5872],[2.9954,7.5727],[3.0068,7.5558],[3.0259,7.5522],[3.0335,7.55],[3.0443,7.5343],[3.0645,7.5198],[3.0769,7.4913],[3.0692,7.4757],[3.0754,7.4514],[3.0822,7.4386],[3.0985,7.4294],[3.1153,7.4081],[3.1404,7.3956],[3.1439,7.3909],[3.1553,7.3782],[3.183,7.37],[3.23,7.3699],[3.2566,7.3634],[3.2825,7.3355],[3.287,7.3245],[3.3066,7.314],[3.324,7.3152],[3.3329,7.3342],[3.35,7.3632],[3.3758,7.3868],[3.3858,7.4013],[3.3813,7.4158],[3.3827,7.4332],[3.3961,7.4406],[3.3931,7.4558],[3.4115,7.4713],[3.4459,7.4938],[3.4666,7.4711],[3.4594,7.4497],[3.4715,7.4387],[3.4829,7.4172],[3.4734,7.3964],[3.4744,7.3889],[3.4977,7.3946],[3.5223,7.4154],[3.5405,7.4397],[3.5458,7.4408],[3.6038,7.443],[3.6572,7.4434],[3.7071,7.4473],[3.7067,7.4091],[3.7082,7.3894],[3.7198,7.3876],[3.7175,7.328],[3.7143,7.3048],[3.7184,7.3013],[3.7468,7.2995],[3.7619,7.301],[3.7598,7.2811],[3.7636,7.2307],[3.7804,7.2027],[3.7773,7.1806],[3.7872,7.1639],[3.7944,7.1395],[3.7815,7.1212],[3.7274,7.0969],[3.7276,7.0836],[3.74,7.0816],[3.7838,7.0801],[3.8428,7.0829],[3.9389,7.0839],[3.9602,7.0923],[3.9656,7.1098],[3.9954,7.125],[4.0055,7.1285],[4.0193,7.1246],[4.0459,7.1383],[4.0691,7.1323],[4.0884,7.1334],[4.0726,7.1468],[4.0855,7.1512],[4.072,7.1628],[4.0776,7.1778],[4.0814,7.201],[4.0942,7.2282],[4.1026,7.2331],[4.1113,7.2513],[4.1254,7.2578],[4.1297,7.2768],[4.1313,7.2995],[4.1289,7.3106],[4.1367,7.3303],[4.138,7.352],[4.135,7.3637],[4.1353,7.4057],[4.1414,7.4397],[4.1483,7.4588],[4.1612,7.4882],[4.1659,7.5063],[4.1589,7.5299],[4.1489,7.5341],[4.1343,7.5287],[4.1255,7.5315],[4.1282,7.5531],[4.1151,7.5646],[4.1086,7.5756],[4.1243,7.5817],[4.1299,7.5998],[4.1181,7.6032],[4.1031,7.5919],[4.0966,7.5947],[4.0923,7.6092],[4.0802,7.6189],[4.0767,7.6193],[4.05,7.6508],[4.0342,7.6557],[4.0247,7.6649]]]},"properties":{"state_name":"Oyo","state_pcode":"NG031"}},
{"type":"Feature","geometry":{"type":"Polygon","coordinates":[[[6.4101,8.5954],[6.4249,8.5494],[6.4313,8.5191],[6.4529,8.4483],[6.5035,8.4125],[6.5274,8.3757],[6.5513,8.3693],[6.5798,8.3306],[6.5991,8.3242],[6.6083,8.3141],[6.6138,8.2994],[6.6267,8.2874],[6.6414,8.2553],[6.6653,8.2268],[6.6837,8.213],[6.6913,8.183],[6.7126,8.202],[6.7145,8.2295],[6.7181,8.2433],[6.7259,8.2507],[6.72,8.2746],[6.7301,8.2838],[6.7439,8.2654],[6.7614,8.2727],[6.7614,8.293],[6.7512,8.3049],[6.7669,8.3086],[6.7724,8.3352],[6.7908,8.3306],[6.8073,8.3426],[6.8229,8.3674],[6.8377,8.3968],[6.8248,8.4042],[6.8321,8.4171],[6.8248,8.4327],[6.8276,8.4535],[6.7787,8.4538],[6.7796,8.5931],[6.7787,8.7404],[6.7808,8.7944],[6.7823,8.798],[6.7955,9.1124],[6.8003,9.2251],[6.9534,9.226],[7.0095,9.227],[7.0459,9.2305],[7.1562,9.1468],[7.2115,9.1049],[7.2224,9.1129],[7.234,9.1335],[7.2464,9.151],[7.3882,9.3498],[7.3765,9.3633],[7.3604,9.367],[7.3353,9.3612],[7.3212,9.3666],[7.2801,9.3509],[7.2629,9.3546],[7.2546,9.3628],[7.2563,9.3758],[7.2698,9.392],[7.2898,9.4094],[7.2895,9.4254],[7.2747,9.4408],[7.2546,9.4413],[7.2378,9.437],[7.2216,9.4478],[7.2243,9.4603],[7.2135,9.4852],[7.2113,9.5009],[7.2273,9.4949],[7.2391,9.5185],[7.261,9.5269],[7.2842,9.5531],[7.2941,9.5941],[7.3337,9.6067],[7.3435,9.6226],[7.3387,9.637],[7.3114,9.669],[7.2828,9.6842],[7.2887,9.7061],[7.2803,9.7246],[7.2711,9.7321],[7.245,9.7321],[7.2248,9.7389],[7.2047,9.7583],[7.2105,9.7801],[7.2315,9.791],[7.2517,9.7944],[7.2601,9.7868],[7.2736,9.7834],[7.2854,9.7893],[7.2929,9.8112],[7.2887,9.8406],[7.3005,9.8625],[7.2955,9.8718],[7.298,9.8987],[7.2854,9.9332],[7.2862,9.95],[7.2811,9.965],[7.2811,9.9937],[7.2778,10.0164],[7.2702,10.0282],[7.2541,10.0392],[7.216,10.0374],[7.2071,10.0417],[7.2004,10.0333],[7.1794,10.0274],[7.1668,10.0333],[7.1382,10.0358],[7.1054,10.0265],[7.0852,10.0366],[7.065,10.0425],[7.0339,10.0442],[7.0187,10.0383],[7.0078,10.045],[6.9523,10.0476],[6.9405,10.061],[6.9144,10.0778],[6.9012,10.0764],[6.8821,10.1171],[6.8853,10.1508],[6.8949,10.1581],[6.9214,10.191],[6.9287,10.1806],[6.9423,10.1806],[6.9545,10.192],[6.9656,10.2151],[6.9704,10.2328],[6.9849,10.2368],[7.0098,10.2504],[7.0194,10.2737],[7.0323,10.2874],[7.0459,10.2914],[7.0508,10.3171],[7.0339,10.3436],[7.0202,10.3541],[6.9969,10.3565],[6.9772,10.3648],[6.9488,10.3605],[6.9343,10.3613],[6.9231,10.3822],[6.9383,10.4336],[6.9544,10.4625],[6.9535,10.4822],[6.9359,10.5002],[6.919,10.5308],[6.9126,10.538],[6.8691,10.5554],[6.8612,10.5508],[6.8564,10.538],[6.8443,10.5283],[6.8355,10.538],[6.8411,10.5573],[6.8419,10.5725],[6.8351,10.5958],[6.8295,10.5998],[6.8295,10.6247],[6.8166,10.6384],[6.803,10.6432],[6.7853,10.6392],[6.7588,10.6456],[6.7291,10.6488],[6.7138,10.6344],[6.7243,10.6175],[6.7315,10.5966],[6.7259,10.5894],[6.7098,10.5875],[6.6962,10.591],[6.6809,10.5894],[6.6471,10.5934],[6.5869,10.5741],[6.5741,10.5573],[6.5561,10.5469],[6.5403,10.5452],[6.5323,10.5532],[6.5216,10.5728],[6.5243,10.595],[6.5138,10.6054],[6.4937,10.6143],[6.4504,10.595],[6.4391,10.5926],[6.4182,10.5765],[6.3966,10.5725],[6.3901,10.5548],[6.3701,10.5324],[6.3259,10.5051],[6.3066,10.489],[6.2986,10.4705],[6.2632,10.4569],[6.2544,10.4432],[6.2496,10.4215],[6.2287,10.4175],[6.2169,10.3947],[6.2014,10.387],[6.1685,10.3838],[6.1541,10.41],[6.1492,10.4504],[6.1323,10.4641],[6.105,10.4569],[6.0897,10.4753],[6.0865,10.5155],[6.0914,10.5227],[6.093,10.546],[6.1074,10.5468],[6.1211,10.5532],[6.1275,10.5693],[6.1275,10.5934],[6.1146,10.599],[6.113,10.6127],[6.1203,10.6271],[6.1251,10.6496],[6.1371,10.6697],[6.1355,10.6777],[6.1187,10.6842],[6.1114,10.6954],[6.0914,10.7002],[6.0914,10.7083],[6.1034,10.7187],[6.113,10.7396],[6.1082,10.7597],[6.0994,10.7709],[6.1106,10.7966],[6.1082,10.8135],[6.1211,10.8143],[6.1311,10.824],[6.1227,10.8448],[6.1371,10.852],[6.1546,10.8554],[6.1613,10.8661],[6.1644,10.8729],[6.1604,10.9026],[6.1596,10.9259],[6.1524,10.9299],[6.146,10.9572],[6.1146,11.0014],[6.0648,11.0319],[6.0528,11.0432],[6.0327,11.0753],[6.0263,11.101],[6.0263,11.1139],[6.0159,11.138],[6.0085,11.141],[5.9934,11.146],[5.9741,11.1364],[5.9516,11.1066],[5.9211,11.0705],[5.9114,11.0649],[5.8632,11.0576],[5.8333,11.0562],[5.8054,11.0448],[5.7958,11.044],[5.7653,11.0287],[5.742,11.0038],[5.7042,10.9902],[5.6801,10.9757],[5.6641,10.9733],[5.6568,10.9669],[5.6367,10.9621],[5.6094,10.9653],[5.5749,10.9653],[5.5339,10.9613],[5.5147,10.9621],[5.4584,10.9532],[5.4528,10.9564],[5.4405,10.9854],[5.44,10.9982],[5.43,11.0168],[5.4288,11.041],[5.404,11.0438],[5.3843,11.0596],[5.3872,11.0848],[5.3871,11.1103],[5.4171,11.1389],[5.417,11.1563],[5.4124,11.1695],[5.3741,11.1918],[5.358,11.2271],[5.3588,11.2448],[5.3532,11.2584],[5.3508,11.2962],[5.3369,11.3355],[5.3173,11.3421],[5.2934,11.3386],[5.279,11.3258],[5.2439,11.316],[5.2392,11.3033],[5.2412,11.2607],[5.1998,11.2364],[5.1711,11.217],[5.1588,11.2062],[5.1395,11.2084],[5.1338,11.2217],[5.1136,11.2304],[5.116,11.2374],[5.1304,11.2368],[5.1529,11.2254],[5.1768,11.2453],[5.1951,11.254],[5.2091,11.2649],[5.2159,11.2836],[5.2167,11.2994],[5.2095,11.3227],[5.203,11.3307],[5.1846,11.3396],[5.1543,11.3466],[5.1179,11.3556],[5.105,11.3524],[5.1002,11.3388],[5.1058,11.3147],[5.1058,11.301],[5.1002,11.2793],[5.0801,11.2552],[5.0713,11.2376],[5.0713,11.2271],[5.0625,11.2086],[5.0488,11.2111],[5.0488,11.2279],[5.0625,11.2448],[5.0649,11.2544],[5.0585,11.2705],[5.0456,11.2729],[5.0327,11.2609],[5.0167,11.2512],[5.0054,11.2576],[5.0111,11.2705],[5.0087,11.2793],[4.991,11.2866],[4.9813,11.3195],[4.9725,11.3396],[4.9709,11.3532],[4.9589,11.3693],[4.934,11.354],[4.9179,11.3709],[4.8906,11.3709],[4.8713,11.3532],[4.8376,11.3372],[4.8263,11.3355],[4.8054,11.3211],[4.7661,11.306],[4.7615,11.3149],[4.7401,11.2976],[4.7471,11.2745],[4.7438,11.2541],[4.7034,11.2285],[4.6992,11.2223],[4.702,11.1922],[4.7104,11.1804],[4.7216,11.1763],[4.7461,11.1476],[4.7794,11.1314],[4.7886,11.1189],[4.8026,11.114],[4.8178,11.1195],[4.8397,11.1139],[4.8607,11.1034],[4.8766,11.0917],[4.8982,11.0875],[4.9087,11.0819],[4.9345,11.084],[4.9799,11.0805],[4.9918,11.0701],[4.996,11.054],[5.0274,11.0505],[5.0406,11.0519],[5.063,11.0124],[5.068,10.9898],[5.0814,10.9505],[5.0822,10.9271],[5.0755,10.9154],[5.0546,10.9045],[5.0345,10.8995],[5.0253,10.8903],[5.0287,10.8593],[5.0387,10.8359],[5.0471,10.825],[5.0839,10.8175],[5.0998,10.8083],[5.109,10.7957],[5.1009,10.7598],[5.0797,10.7556],[5.0571,10.7397],[5.0404,10.7372],[5.027,10.7481],[5.0119,10.7405],[5.0086,10.7213],[4.9793,10.7171],[4.9735,10.7104],[4.9484,10.7012],[4.9417,10.6887],[4.9233,10.6937],[4.909,10.6878],[4.894,10.6937],[4.8906,10.7012],[4.8681,10.7004],[4.8622,10.7071],[4.8471,10.7046],[4.8145,10.7046],[4.807,10.6929],[4.8145,10.6744],[4.812,10.6619],[4.8028,10.6527],[4.7961,10.6293],[4.802,10.6134],[4.8237,10.595],[4.8279,10.5699],[4.822,10.559],[4.8187,10.5071],[4.8329,10.4879],[4.8451,10.4787],[4.8534,10.4603],[4.8526,10.4444],[4.8467,10.421],[4.8442,10.3892],[4.8403,10.3715],[4.8535,10.3203],[4.8546,10.2944],[4.8416,10.2925],[4.8028,10.2963],[4.7765,10.2955],[4.7489,10.3055],[4.7313,10.3147],[4.7129,10.3106],[4.702,10.2938],[4.702,10.2729],[4.7054,10.2528],[4.697,10.2403],[4.6694,10.2261],[4.6711,10.2118],[4.6786,10.1976],[4.6928,10.1801],[4.7054,10.1725],[4.7129,10.1617],[4.7108,10.1315],[4.6899,10.114],[4.6681,10.1131],[4.6439,10.1207],[4.6356,10.1276],[4.614,10.1225],[4.5794,10.132],[4.5269,10.1143],[4.5275,10.143],[4.5518,10.1949],[4.5674,10.2229],[4.5687,10.246],[4.56,10.2681],[4.5418,10.2871],[4.4908,10.314],[4.483,10.3287],[4.4864,10.3685],[4.4795,10.4213],[4.4856,10.4698],[4.4985,10.5174],[4.5109,10.5355],[4.5255,10.542],[4.5851,10.5639],[4.607,10.576],[4.6613,10.6212],[4.6892,10.6424],[4.6975,10.6673],[4.7005,10.7065],[4.7065,10.7412],[4.7148,10.7706],[4.7201,10.8159],[4.7375,10.8506],[4.742,10.8732],[4.7322,10.8973],[4.7246,10.9064],[4.7076,10.9183],[4.697,10.9308],[4.6744,10.9384],[4.6449,10.9401],[4.6266,10.9154],[4.6017,10.9117],[4.5874,10.9064],[4.5685,10.9087],[4.5398,10.92],[4.4923,10.9109],[4.4677,10.9018],[4.4509,10.8883],[4.4291,10.8839],[4.4123,10.8889],[4.4014,10.8962],[4.3708,10.9004],[4.3558,10.9102],[4.3437,10.9115],[4.3357,10.9153],[4.3194,10.9147],[4.3107,10.9207],[4.2882,10.9285],[4.2839,10.9372],[4.2882,10.9804],[4.2778,10.9865],[4.2631,10.9822],[4.2562,10.9856],[4.2389,11.0073],[4.2138,11.0307],[4.1861,11.0324],[4.167,11.0246],[4.1004,11.0263],[4.0684,11.022],[3.9939,11.0177],[3.9377,11.0367],[3.8909,11.054],[3.794,11.1129],[3.7516,11.1276],[3.7233,11.1251],[3.7265,11.1181],[3.7195,11.0783],[3.7256,11.0514],[3.7169,11.0281],[3.7507,11.0116],[3.7593,10.9969],[3.7645,10.9744],[3.7715,10.9251],[3.7706,10.9025],[3.7611,10.8723],[3.7472,10.8359],[3.7507,10.8186],[3.7697,10.7892],[3.7914,10.7398],[3.8078,10.726],[3.8381,10.7061],[3.8434,10.6989],[3.8485,10.6585],[3.852,10.5944],[3.8329,10.5684],[3.8182,10.5373],[3.8026,10.4853],[3.8,10.4421],[3.787,10.4057],[3.7308,10.4334],[3.6918,10.4576],[3.6494,10.4369],[3.6364,10.4274],[3.6312,10.3841],[3.6139,10.352],[3.6018,10.3174],[3.5854,10.2811],[3.5871,10.2672],[3.601,10.2367],[3.6141,10.2198],[3.626,10.2117],[3.6441,10.1905],[3.6528,10.1842],[3.6734,10.183],[3.6764,10.1786],[3.6885,10.1615],[3.703,10.1527],[3.7074,10.1433],[3.7074,10.1171],[3.7147,10.1018],[3.7154,10.0894],[3.7307,10.0683],[3.7365,10.0683],[3.7431,10.0843],[3.7503,10.0683],[3.7715,10.0472],[3.7751,10.0333],[3.7882,10.0384],[3.7802,10.0523],[3.7846,10.0625],[3.7991,10.0712],[3.818,10.0668],[3.8233,10.0543],[3.833,10.047],[3.851,10.0552],[3.8641,10.0503],[3.9034,10.0192],[3.8903,10.0159],[3.887,9.9881],[3.91,9.9897],[3.9214,9.9996],[3.9345,9.9996],[3.9492,9.9914],[3.9525,9.9783],[3.9411,9.9766],[3.9411,9.9619],[3.9591,9.9603],[3.9705,9.9488],[3.9591,9.9341],[3.9345,9.9275],[3.9362,9.9161],[3.946,9.9079],[3.98,9.9066],[3.9853,9.8935],[4.0023,9.9066],[4.0114,9.8987],[4.0167,9.8686],[4.0219,9.8568],[4.0389,9.8647],[4.052,9.8634],[4.0573,9.8568],[4.0704,9.8568],[4.0835,9.8516],[4.0952,9.8673],[4.0952,9.8778],[4.1149,9.8817],[4.1241,9.8752],[4.1227,9.8608],[4.128,9.8516],[4.1411,9.8608],[4.1529,9.8621],[4.1712,9.8202],[4.2065,9.7822],[4.2825,9.6945],[4.3506,9.5884],[4.3872,9.5622],[4.4436,9.5098],[4.5012,9.4404],[4.5784,9.3881],[4.6097,9.3618],[4.6171,9.3304],[4.6393,9.3082],[4.6851,9.2925],[4.7139,9.2781],[4.7375,9.2689],[4.7545,9.2479],[4.7572,9.2244],[4.7519,9.1995],[4.7519,9.1799],[4.7646,9.1499],[4.7853,9.1353],[4.8105,9.1364],[4.8282,9.1342],[4.8481,9.1412],[4.8761,9.1576],[4.8861,9.1673],[4.9112,9.1714],[4.9621,9.1931],[4.9716,9.2006],[4.9967,9.2074],[5.0163,9.2053],[5.0482,9.1877],[5.0652,9.1626],[5.1079,9.1355],[5.1595,9.107],[5.1717,9.0873],[5.1968,9.0541],[5.209,9.0351],[5.2378,9.0188],[5.2724,9.0147],[5.2866,9.01],[5.3233,8.9923],[5.3484,8.9984],[5.3701,8.9964],[5.3911,8.9828],[5.4081,8.9788],[5.425,8.9788],[5.4576,8.9686],[5.4739,8.9476],[5.5119,8.9442],[5.5254,8.9401],[5.5396,8.9306],[5.5436,8.9167],[5.5631,8.8988],[5.6014,8.8769],[5.6193,8.8525],[5.642,8.8354],[5.6656,8.8305],[5.6916,8.8281],[5.7128,8.8289],[5.7282,8.82],[5.7421,8.798],[5.7746,8.7533],[5.7958,8.7419],[5.8868,8.7468],[5.9015,8.75],[5.9283,8.7427],[5.9747,8.7565],[5.9787,8.75],[5.9999,8.7516],[6.0332,8.759],[6.0845,8.7606],[6.1146,8.7581],[6.1316,8.7516],[6.1495,8.7207],[6.1691,8.7215],[6.1853,8.7297],[6.2085,8.7324],[6.2466,8.7388],[6.2677,8.7388],[6.3026,8.7278],[6.3238,8.7131],[6.3587,8.6846],[6.3753,8.6616],[6.3841,8.6443],[6.3983,8.6294],[6.4101,8.5954]]]},"properties":{"state_name":"Niger","state_pcode":"NG027"}},
{"type":"Feature","geometry":{"type":"Polygon","coordinates":[[[3.204,6.5295],[3.1866,6.5191],[3.1795,6.5098],[3.1302,6.5007],[3.1039,6.4995],[3.082,6.5036],[3.0301,6.5032],[2.9855,6.5107],[2.9345,6.5121],[2.9121,6.5142],[2.8869,6.511],[2.8963,6.495],[2.8894,6.4761],[2.8799,6.4699],[2.8596,6.4677],[2.8526,6.45],[2.833,6.4431],[2.8237,6.4515],[2.7992,6.4601],[2.7841,6.4527],[2.7444,6.4491],[2.7354,6.4579],[2.7138,6.459],[2.7026,6.4524],[2.704,6.3726],[2.7552,6.3801],[2.7894,6.3834],[2.8505,6.3918],[2.9232,6.3936],[2.9701,6.3961],[3.0232,6.3947],[3.0471,6.3956],[3.1137,6.3987],[3.1508,6.3987],[3.2021,6.4008],[3.313,6.4001],[3.3384,6.3983],[3.4064,6.3902],[3.4023,6.4007],[3.4053,6.4121],[3.4191,6.4187],[3.4675,6.4201],[3.5089,6.4194],[3.5398,6.4216],[3.5747,6.4212],[3.6308,6.4226],[3.6791,6.423],[3.7347,6.4278],[3.766,6.4336],[3.7991,6.4376],[3.8354,6.4379],[3.9067,6.4368],[3.9597,6.4314],[3.9971,6.4252],[4.0514,6.4162],[4.1977,6.3882],[4.2411,6.3823],[4.3508,6.371],[4.3508,6.4276],[4.3372,6.4395],[4.3092,6.4395],[4.2987,6.4352],[4.279,6.4379],[4.2638,6.4436],[4.2533,6.4343],[4.2369,6.4382],[4.2258,6.4456],[4.2173,6.4631],[4.2035,6.4619],[4.1611,6.4747],[4.1562,6.4988],[4.1677,6.5036],[4.1783,6.5151],[4.2111,6.5281],[4.2223,6.5377],[4.2287,6.5576],[4.22,6.5675],[4.2118,6.5817],[4.2015,6.5869],[4.1867,6.5849],[4.1663,6.5934],[4.151,6.5813],[4.1318,6.5732],[4.1106,6.5583],[4.1095,6.5484],[4.0944,6.5469],[4.0906,6.5618],[4.0829,6.5592],[4.0682,6.5636],[4.0649,6.5806],[4.0514,6.616],[4.0586,6.6299],[4.0815,6.6376],[4.0926,6.6565],[4.0915,6.679],[4.0785,6.6792],[4.0197,6.6799],[3.9791,6.6824],[3.9472,6.6802],[3.9168,6.6807],[3.7079,6.683],[3.7,6.6824],[3.5964,6.6823],[3.5331,6.6897],[3.4591,6.6873],[3.468,6.6793],[3.4646,6.669],[3.4422,6.6701],[3.4526,6.6523],[3.4483,6.6406],[3.4347,6.6391],[3.3873,6.6386],[3.3701,6.6412],[3.3527,6.6587],[3.3428,6.6737],[3.3147,6.6755],[3.2879,6.687],[3.2646,6.6982],[3.2594,6.6902],[3.2418,6.6599],[3.2389,6.64],[3.24,6.616],[3.2297,6.601],[3.2161,6.595],[3.1994,6.5803],[3.1962,6.5733],[3.2052,6.5396],[3.204,6.5295]],[[3.6295,6.5179],[3.5895,6.5262],[3.5704,6.5128],[3.5722,6.4915],[3.5592,6.4769],[3.5124,6.4676],[3.5003,6.4619],[3.471,6.4647],[3.4569,6.4689],[3.4204,6.468],[3.4063,6.4645],[3.394,6.4682],[3.3972,6.492],[3.41,6.5045],[3.4055,6.5233],[3.4089,6.5263],[3.4156,6.5308],[3.415,6.5469],[3.4201,6.5604],[3.4382,6.5569],[3.4445,6.5741],[3.4543,6.5831],[3.4655,6.5855],[3.4798,6.5843],[3.4704,6.569],[3.4678,6.5507],[3.4844,6.5358],[3.5066,6.5317],[3.5227,6.525],[3.5382,6.5274],[3.5467,6.5333],[3.5633,6.5313],[3.5904,6.5587],[3.6174,6.5571],[3.6425,6.5502],[3.6295,6.5179]]]},"properties":{"state_name":"Lagos","state_pcode":"NG025"}},
{"type":"Feature","geometry":{"type":"Polygon","coordinates":[[[7.2028,5.921],[7.2231,5.9323],[7.257,5.9296],[7.261,5.9389],[7.2545,5.9653],[7.264,5.9915],[7.2726,5.9977],[7.3183,5.9986],[7.3226,6.0038],[7.3391,6.0421],[7.3019,6.045],[7.2731,6.0572],[7.2631,6.0707],[7.2548,6.1047],[7.2403,6.1138],[7.2237,6.1181],[7.2149,6.1369],[7.2223,6.1529],[7.224,6.1914],[7.2043,6.2088],[7.1995,6.2348],[7.1893,6.2395],[7.157,6.23],[7.151,6.2326],[7.1477,6.2425],[7.1491,6.2625],[7.1426,6.2891],[7.1603,6.3035],[7.1419,6.3597],[7.128,6.3867],[7.0888,6.4303],[7.0648,6.4372],[7.0275,6.4436],[7.0328,6.4516],[7.0363,6.4738],[7.0497,6.4744],[7.0463,6.5008],[7.0485,6.5274],[7.0554,6.5453],[7.0633,6.5549],[7.0781,6.5575],[7.092,6.5758],[7.1095,6.5932],[7.1177,6.6155],[7.1317,6.6434],[7.1291,6.6595],[7.1016,6.6756],[7.0702,6.6856],[7.0557,6.6965],[7.0463,6.6874],[7.0166,6.7061],[6.9909,6.7131],[6.9565,6.71],[6.9317,6.6987],[6.9334,6.7353],[6.9321,6.7677],[6.9312,6.788],[6.9234,6.802],[6.9121,6.8007],[6.8968,6.7924],[6.8783,6.7606],[6.86,6.7532],[6.8338,6.7222],[6.8064,6.7031],[6.8003,6.6935],[6.799,6.6795],[6.809,6.6159],[6.8081,6.5802],[6.7933,6.5723],[6.717,6.5501],[6.6839,6.5431],[6.6647,6.5324],[6.6689,6.5012],[6.6739,6.4683],[6.6818,6.4557],[6.6949,6.4066],[6.6998,6.3817],[6.7128,6.3534],[6.7192,6.3],[6.725,6.2658],[6.731,6.2391],[6.7427,6.2094],[6.7537,6.1928],[6.7629,6.1854],[6.7694,6.168],[6.7648,6.1558],[6.7558,6.1233],[6.7492,6.1137],[6.7221,6.0975],[6.7093,6.078],[6.7251,6.0463],[6.7265,6.0289],[6.7199,5.9921],[6.7132,5.9567],[6.7038,5.9268],[6.6883,5.8969],[6.6737,5.8824],[6.6609,5.8565],[6.6508,5.8171],[6.6549,5.7715],[6.6336,5.73],[6.6261,5.7236],[6.6325,5.7112],[6.6524,5.6999],[6.6699,5.6963],[6.6958,5.7087],[6.7423,5.7349],[6.8021,5.7789],[6.8096,5.7803],[6.8281,5.7662],[6.8361,5.7549],[6.8499,5.7631],[6.8723,5.7444],[6.8848,5.7454],[6.8837,5.761],[6.8864,5.7923],[6.8901,5.8068],[6.8856,5.8274],[6.9071,5.8196],[6.9156,5.8238],[6.9219,5.8433],[6.9328,5.8597],[6.9526,5.8655],[6.9777,5.9017],[6.995,5.8968],[7.0031,5.9052],[7.031,5.9121],[7.0478,5.9272],[7.0564,5.9306],[7.0955,5.9274],[7.1012,5.9325],[7.1121,5.9247],[7.1492,5.9167],[7.1734,5.9069],[7.2028,5.921]]]},"properties":{"state_name":"Anambra","state_pcode":"NG004"}},
{"type":"Feature","geometry":{"type":"Polygon","coordinates":[[[4.3651,7.0597],[4.3703,7.0562],[4.3701,7.0365],[4.3787,7.0261],[4.371,7.018],[4.376,6.9948],[4.3904,6.9809],[4.4005,6.9807],[4.4245,7.0024],[4.4382,7.0047],[4.4542,7.0009],[4.4634,6.9933],[4.4889,6.9918],[4.5163,7.0226],[4.5425,7.0211],[4.5772,7.0234],[4.6096,7.0311],[4.6107,7.0352],[4.6139,7.08],[4.6167,7.0847],[4.6268,7.1041],[4.6351,7.1134],[4.673,7.1404],[4.6682,7.1588],[4.6719,7.1662],[4.6839,7.1681],[4.7034,7.1618],[4.7154,7.172],[4.7209,7.1951],[4.7366,7.2072],[4.7494,7.2313],[4.7503,7.2461],[4.7455,7.2817],[4.7486,7.2977],[4.7475,7.3211],[4.7613,7.321],[4.7674,7.3274],[4.7683,7.3441],[4.7784,7.357],[4.8061,7.3701],[4.8343,7.3742],[4.8784,7.3788],[4.909,7.3735],[4.9434,7.37],[4.9856,7.3768],[4.9898,7.3777],[5.0063,7.392],[5.0062,7.4137],[4.9871,7.4192],[4.9848,7.4265],[4.9524,7.4478],[4.9202,7.5172],[4.9179,7.5298],[4.9064,7.5628],[4.9022,7.5764],[4.8831,7.6114],[4.868,7.6163],[4.8639,7.6227],[4.8803,7.6761],[4.8932,7.7303],[4.9094,7.7664],[4.9153,7.7912],[4.9158,7.8221],[4.9086,7.8298],[4.91,7.8418],[4.9111,7.8501],[4.9238,7.8635],[4.9273,7.8804],[4.9414,7.8976],[4.9905,7.9312],[5.0012,7.9461],[5.0165,7.9552],[5.0332,7.9823],[5.0355,8.0052],[5.0531,8.0235],[5.0576,8.0395],[5.0549,8.0492],[5.0496,8.0646],[5.0397,8.0719],[5.01,8.0501],[5.002,8.0341],[4.9893,8.034],[4.9734,8.0181],[4.9669,8.0467],[4.9567,8.0535],[4.9497,8.0555],[4.9269,8.0799],[4.9132,8.0856],[4.8541,8.0955],[4.8575,8.0726],[4.8434,8.062],[4.8186,8.0536],[4.7995,8.065],[4.793,8.0665],[4.7662,8.0681],[4.7548,8.065],[4.7212,8.0642],[4.7117,8.0597],[4.7044,8.0482],[4.6873,8.057],[4.6656,8.0433],[4.6484,8.0536],[4.6373,8.0536],[4.6339,8.0715],[4.6217,8.0757],[4.5981,8.0639],[4.569,8.0548],[4.5592,8.049],[4.563,8.0341],[4.563,8.009],[4.5576,7.982],[4.5255,7.9604],[4.5071,7.952],[4.4927,7.9522],[4.4825,7.9419],[4.4689,7.9423],[4.4322,7.9383],[4.4296,7.9324],[4.4401,7.9135],[4.4363,7.8868],[4.4227,7.8862],[4.4101,7.8916],[4.3925,7.8925],[4.3823,7.8842],[4.3656,7.8595],[4.3602,7.8828],[4.3484,7.9049],[4.3381,7.9163],[4.3282,7.935],[4.3071,7.9445],[4.2859,7.9655],[4.2765,7.9711],[4.2508,7.9655],[4.2388,7.9542],[4.2356,7.9327],[4.1913,7.9102],[4.1973,7.8888],[4.2165,7.8747],[4.2108,7.8668],[4.1864,7.8649],[4.1471,7.8496],[4.1198,7.8492],[4.1025,7.8436],[4.0911,7.8502],[4.0762,7.8249],[4.0725,7.8087],[4.0694,7.7706],[4.0708,7.7598],[4.0619,7.7488],[4.0742,7.7359],[4.0778,7.7105],[4.0563,7.6988],[4.039,7.685],[4.0247,7.6649],[4.0342,7.6557],[4.05,7.6508],[4.0767,7.6193],[4.0802,7.6189],[4.0923,7.6092],[4.0966,7.5947],[4.1031,7.5919],[4.1181,7.6032],[4.1299,7.5998],[4.1243,7.5817],[4.1086,7.5756],[4.1151,7.5646],[4.1282,7.5531],[4.1255,7.5315],[4.1343,7.5287],[4.1489,7.5341],[4.1589,7.5299],[4.1659,7.5063],[4.1612,7.4882],[4.1483,7.4588],[4.1414,7.4397],[4.1353,7.4057],[4.135,7.3637],[4.138,7.352],[4.1367,7.3303],[4.1289,7.3106],[4.1313,7.2995],[4.1297,7.2768],[4.1254,7.2578],[4.1113,7.2513],[4.1026,7.2331],[4.0942,7.2282],[4.0814,7.201],[4.0776,7.1778],[4.072,7.1628],[4.0855,7.1512],[4.0726,7.1468],[4.0884,7.1334],[4.1567,7.165],[4.169,7.174],[4.1712,7.1707],[4.183,7.1113],[4.186,7.0854],[4.1979,7.0492],[4.2036,7.046],[4.2188,7.0471],[4.2685,7.0884],[4.2975,7.0906],[4.3344,7.0708],[4.3651,7.0597]]]},"properties":{"state_name":"Osun","state_pcode":"NG030"}},
{"type":"Feature","geometry":{"type":"Polygon","coordinates":[[[9.2512,12.0013],[9.226,12.0027],[9.2163,12.0268],[9.223,12.0626],[9.2224,12.0848],[9.213,12.1189],[9.1966,12.1198],[9.1652,12.1033],[9.148,12.0651],[9.146,12.03],[9.1357,12.0166],[9.1204,12.0153],[9.0969,12.0231],[9.0887,12.031],[9.0682,12.0814],[9.0588,12.0847],[9.0438,12.0795],[9.0109,12.075],[8.9921,12.0794],[8.9815,12.0896],[8.9686,12.0871],[8.9571,12.0755],[8.9454,12.073],[8.9487,12.088],[8.9414,12.1144],[8.9516,12.1445],[8.968,12.1516],[8.9618,12.1838],[8.9546,12.1963],[8.9274,12.2202],[8.9136,12.2375],[8.9106,12.249],[8.8897,12.2728],[8.8905,12.2819],[8.9054,12.3063],[8.9077,12.3167],[8.8913,12.3165],[8.8715,12.3082],[8.8635,12.2816],[8.8519,12.2768],[8.8435,12.2924],[8.8363,12.3147],[8.8187,12.3156],[8.8012,12.3073],[8.7944,12.2888],[8.7827,12.2852],[8.7735,12.2748],[8.7539,12.2388],[8.7401,12.2191],[8.7302,12.215],[8.7214,12.2165],[8.7224,12.2315],[8.7379,12.3089],[8.7495,12.3263],[8.7822,12.3512],[8.7876,12.3722],[8.798,12.3867],[8.8166,12.4054],[8.8165,12.4134],[8.8118,12.418],[8.7824,12.4268],[8.7644,12.4387],[8.7436,12.4404],[8.7072,12.4536],[8.6847,12.4763],[8.6785,12.505],[8.6877,12.5259],[8.712,12.548],[8.7191,12.5666],[8.7141,12.5734],[8.687,12.5846],[8.6577,12.5888],[8.6482,12.5952],[8.6196,12.589],[8.598,12.5976],[8.5646,12.5953],[8.5498,12.5992],[8.5347,12.5903],[8.4993,12.586],[8.4635,12.5843],[8.446,12.5655],[8.4311,12.5366],[8.4224,12.5137],[8.4035,12.4902],[8.3919,12.4808],[8.3831,12.4437],[8.3747,12.4426],[8.3556,12.4758],[8.3274,12.4927],[8.3167,12.5041],[8.3119,12.5167],[8.3112,12.5789],[8.3053,12.588],[8.29,12.6],[8.285,12.5907],[8.2734,12.5834],[8.2334,12.5857],[8.2146,12.5752],[8.2088,12.5648],[8.2099,12.5405],[8.1973,12.5239],[8.189,12.4898],[8.1679,12.4597],[8.1609,12.4401],[8.1454,12.4235],[8.1314,12.4108],[8.1058,12.4036],[8.0882,12.4065],[8.0711,12.4055],[8.0257,12.3799],[8.0164,12.3819],[8.003,12.3743],[7.9917,12.3753],[7.9834,12.3681],[7.9276,12.3486],[7.9047,12.3312],[7.8936,12.3319],[7.8785,12.3172],[7.8701,12.2798],[7.8682,12.2454],[7.863,12.2322],[7.8491,12.1828],[7.8536,12.1477],[7.8606,12.1374],[7.8632,12.1169],[7.8563,12.092],[7.853,12.0475],[7.8404,12.022],[7.8355,12.0093],[7.8372,11.9901],[7.8332,11.9701],[7.837,11.9367],[7.8424,11.9074],[7.86,11.8719],[7.865,11.8566],[7.8592,11.8264],[7.8654,11.7893],[7.8748,11.7836],[7.8829,11.7479],[7.8814,11.7246],[7.9099,11.6765],[7.9092,11.6539],[7.9004,11.6483],[7.884,11.6501],[7.8414,11.6347],[7.7975,11.6251],[7.771,11.6149],[7.7459,11.6001],[7.7289,11.5867],[7.7249,11.5691],[7.6992,11.5368],[7.6894,11.5167],[7.6859,11.4839],[7.6991,11.4389],[7.7086,11.4261],[7.7371,11.3865],[7.7514,11.3777],[7.7651,11.3749],[7.7775,11.3718],[7.7841,11.3775],[7.8339,11.3774],[7.8523,11.3787],[7.8696,11.3844],[7.8824,11.4005],[7.8927,11.4045],[7.9372,11.4417],[7.9458,11.4589],[7.9694,11.4588],[7.9836,11.468],[8.0336,11.4849],[8.0373,11.4847],[8.0527,11.4806],[8.0817,11.4919],[8.1019,11.5091],[8.1205,11.5155],[8.1488,11.5136],[8.159,11.5084],[8.1695,11.4873],[8.1649,11.4518],[8.1427,11.4196],[8.1308,11.3924],[8.136,11.3774],[8.1636,11.355],[8.1874,11.3406],[8.2008,11.3236],[8.22,11.309],[8.2582,11.3161],[8.2744,11.3062],[8.2638,11.2868],[8.2658,11.2777],[8.288,11.2623],[8.3066,11.2326],[8.3211,11.2168],[8.3294,11.2124],[8.3456,11.2152],[8.3593,11.2227],[8.3734,11.2208],[8.3895,11.2272],[8.415,11.2303],[8.434,11.2205],[8.4594,11.1945],[8.4701,11.189],[8.4826,11.1638],[8.5009,11.1548],[8.5169,11.1509],[8.5252,11.1314],[8.5274,11.1174],[8.5434,11.0935],[8.5658,11.0849],[8.592,11.0683],[8.5969,11.0614],[8.599,11.0021],[8.5982,10.9927],[8.5813,10.942],[8.5715,10.9219],[8.5685,10.9078],[8.5672,10.8775],[8.5749,10.8241],[8.5745,10.802],[8.577,10.7636],[8.5868,10.7146],[8.556,10.7079],[8.5268,10.7115],[8.5082,10.6952],[8.5103,10.6717],[8.5156,10.6544],[8.5254,10.6407],[8.5361,10.6341],[8.562,10.6279],[8.5874,10.6333],[8.6128,10.6492],[8.628,10.6468],[8.6532,10.637],[8.6605,10.6248],[8.6651,10.6076],[8.6893,10.566],[8.7182,10.5526],[8.7499,10.549],[8.7615,10.5539],[8.7734,10.5662],[8.7794,10.5627],[8.8002,10.5809],[8.8169,10.6036],[8.8354,10.6403],[8.8525,10.6863],[8.8552,10.7074],[8.8513,10.7201],[8.838,10.7336],[8.829,10.7578],[8.8216,10.7692],[8.7922,10.7914],[8.7856,10.7972],[8.7694,10.8293],[8.7646,10.8653],[8.7726,10.9028],[8.7857,10.9277],[8.7887,10.9423],[8.7897,10.9477],[8.7802,10.987],[8.7782,11.0114],[8.7885,11.0502],[8.796,11.0679],[8.8104,11.0906],[8.8229,11.0995],[8.8369,11.0984],[8.8745,11.0891],[8.8962,11.1015],[8.9474,11.1719],[8.9827,11.1952],[9.0153,11.2289],[9.033,11.2563],[9.0763,11.2845],[9.097,11.291],[9.1117,11.3055],[9.1334,11.319],[9.1429,11.332],[9.1612,11.3321],[9.1935,11.3509],[9.1928,11.3691],[9.1996,11.391],[9.2191,11.4327],[9.2222,11.4684],[9.228,11.4766],[9.2502,11.4803],[9.2794,11.491],[9.3015,11.5062],[9.3236,11.5123],[9.3328,11.5365],[9.342,11.5459],[9.3549,11.5495],[9.3626,11.5643],[9.3546,11.5748],[9.3053,11.5823],[9.2771,11.5981],[9.2628,11.6174],[9.2673,11.6382],[9.2764,11.6591],[9.2717,11.6636],[9.2413,11.6552],[9.2319,11.6608],[9.2282,11.6804],[9.2174,11.6998],[9.2338,11.7012],[9.2492,11.7261],[9.2494,11.7314],[9.2486,11.7462],[9.2345,11.7495],[9.2158,11.7447],[9.1947,11.7433],[9.1865,11.7489],[9.1609,11.7371],[9.1467,11.7462],[9.1477,11.7646],[9.1404,11.791],[9.1449,11.8072],[9.1971,11.8527],[9.2075,11.8701],[9.2226,11.876],[9.2342,11.8923],[9.2388,11.9004],[9.235,11.9234],[9.2219,11.9463],[9.2194,11.96],[9.2298,11.9763],[9.2542,11.9927],[9.2512,12.0013]]]},"properties":{"state_name":"Kano","state_pcode":"NG020"}},
{"type":"Feature","geometry":{"type":"Polygon","coordinates":[[[10.9501,9.8054],[10.9513,9.7889],[10.9604,9.7749],[10.9612,9.7658],[10.9498,9.7362],[10.9501,9.6952],[10.9515,9.6836],[10.9666,9.6294],[10.9749,9.5929],[10.9781,9.5746],[10.9924,9.5593],[11.0082,9.5521],[11.0355,9.5487],[11.0709,9.5512],[11.1613,9.551],[11.1919,9.5581],[11.2271,9.5694],[11.2547,9.5543],[11.278,9.5473],[11.3203,9.5489],[11.3693,9.5475],[11.4057,9.5445],[11.4296,9.5496],[11.4419,9.5604],[11.4445,9.5762],[11.468,9.5985],[11.5017,9.6075],[11.5273,9.6082],[11.563,9.6051],[11.5989,9.6096],[11.6151,9.6153],[11.636,9.629],[11.6546,9.6369],[11.6639,9.6484],[11.6836,9.6632],[11.6964,9.6689],[11.7173,9.684],[11.7595,9.6973],[11.774,9.7084],[11.7847,9.7292],[11.8014,9.7365],[11.8171,9.7627],[11.8358,9.7727],[11.8509,9.7864],[11.8579,9.7978],[11.8533,9.8184],[11.8407,9.8413],[11.8361,9.8585],[11.8397,9.8837],[11.8467,9.8974],[11.855,9.9271],[11.8506,9.9855],[11.8553,10.0049],[11.8439,10.0347],[11.8434,10.0446],[11.8286,10.0539],[11.8111,10.0748],[11.8068,10.087],[11.76,10.1337],[11.7488,10.1553],[11.7399,10.1642],[11.7102,10.167],[11.6853,10.1819],[11.6637,10.1959],[11.6013,10.2081],[11.5891,10.2249],[11.5829,10.2493],[11.5653,10.2874],[11.5334,10.3051],[11.5435,10.3261],[11.602,10.3566],[11.6355,10.3946],[11.6359,10.4657],[11.6404,10.5001],[11.6502,10.5293],[11.6488,10.5432],[11.6391,10.5621],[11.6402,10.609],[11.6023,10.603],[11.5833,10.5939],[11.5515,10.5879],[11.5276,10.5676],[11.5219,10.569],[11.5127,10.5853],[11.5147,10.6122],[11.5242,10.66],[11.5151,10.695],[11.5166,10.7321],[11.5265,10.7579],[11.5287,10.7904],[11.5362,10.8231],[11.5344,10.8335],[11.5391,10.851],[11.5287,10.8768],[11.5274,10.8916],[11.531,10.9041],[11.5304,10.9349],[11.5134,10.9687],[11.4825,11.0028],[11.4598,11.0333],[11.4486,11.0467],[11.4349,11.0559],[11.4121,11.0802],[11.4001,11.0891],[11.3859,11.1018],[11.3652,11.1272],[11.3489,11.1645],[11.3292,11.2024],[11.3209,11.2235],[11.3091,11.2451],[11.2961,11.2529],[11.2866,11.2533],[11.2702,11.2421],[11.2379,11.2427],[11.2072,11.2592],[11.1785,11.2662],[11.155,11.2689],[11.1377,11.2798],[11.1303,11.2787],[11.0985,11.2954],[11.0806,11.3098],[11.0715,11.3125],[11.0513,11.3065],[11.0369,11.3065],[11.0283,11.2986],[11.0073,11.2959],[11.0222,11.2923],[11.0233,11.2854],[11.0004,11.2362],[10.9707,11.202],[10.9496,11.1827],[10.9245,11.1588],[10.9044,11.1464],[10.8972,11.1326],[10.8746,11.1064],[10.8666,11.0886],[10.8492,11.0788],[10.8368,11.0779],[10.8227,11.0863],[10.8099,11.1015],[10.7936,11.1144],[10.7796,11.1192],[10.762,11.1171],[10.7324,11.0967],[10.7122,11.0774],[10.6883,11.0408],[10.6777,11.0317],[10.6705,11.0192],[10.6411,11.0138],[10.6186,10.9945],[10.6102,10.9842],[10.6029,10.9624],[10.6155,10.9265],[10.6283,10.9137],[10.6387,10.8974],[10.6455,10.8789],[10.643,10.8605],[10.63,10.8549],[10.6178,10.8583],[10.6067,10.876],[10.594,10.8888],[10.5763,10.8856],[10.5641,10.8431],[10.552,10.8064],[10.5507,10.7926],[10.5376,10.7714],[10.5243,10.7614],[10.4787,10.6878],[10.5032,10.6761],[10.5148,10.6653],[10.5421,10.629],[10.5536,10.5952],[10.5535,10.5736],[10.5588,10.5609],[10.5773,10.5376],[10.6169,10.5083],[10.6392,10.5023],[10.6603,10.5008],[10.7049,10.4945],[10.7283,10.4862],[10.7658,10.4776],[10.7849,10.4679],[10.7935,10.4599],[10.8092,10.4343],[10.8258,10.4202],[10.8351,10.3951],[10.8336,10.3408],[10.8261,10.2937],[10.8318,10.2821],[10.8457,10.2669],[10.8572,10.2357],[10.8512,10.2242],[10.8393,10.2152],[10.8314,10.1985],[10.8199,10.1811],[10.8172,10.1695],[10.8189,10.1441],[10.8152,10.1288],[10.8062,10.1153],[10.797,10.1104],[10.7499,10.1146],[10.7186,10.115],[10.7007,10.1123],[10.6845,10.0806],[10.6899,10.0714],[10.7277,10.0415],[10.7753,10.0125],[10.7884,10.0061],[10.8122,9.9793],[10.825,9.97],[10.8577,9.9557],[10.8752,9.9405],[10.9067,9.9205],[10.9285,9.9098],[10.9362,9.8835],[10.9456,9.8675],[10.9435,9.8373],[10.9501,9.8054]]]},"properties":{"state_name":"Gombe","state_pcode":"NG016"}},
{"type":"Feature","geometry":{"type":"Polygon","coordinates":[[[6.1266,7.573],[6.1188,7.5914],[6.0987,7.5882],[6.0485,7.5801],[6.0359,7.5723],[6.0254,7.559],[6.0235,7.5473],[6.013,7.5334],[6.0041,7.5292],[5.9945,7.5271],[5.9756,7.5302],[5.9674,7.5157],[5.9542,7.5152],[5.9512,7.5012],[5.9533,7.4838],[5.9633,7.4604],[5.9845,7.4561],[5.9872,7.4415],[5.9756,7.4323],[5.9685,7.4149],[5.9797,7.3914],[5.975,7.3822],[5.9782,7.3681],[5.9867,7.3552],[5.9786,7.3477],[5.9577,7.3443],[5.9579,7.3313],[5.9793,7.3197],[5.9731,7.3122],[5.9451,7.3055],[5.9235,7.2956],[5.9084,7.2765],[5.8965,7.2581],[5.8973,7.2312],[5.9035,7.2172],[5.8843,7.1999],[5.8837,7.1929],[5.8939,7.1829],[5.8788,7.1725],[5.8628,7.1283],[5.8443,7.1203],[5.843,7.1098],[5.8548,7.0965],[5.8156,7.0716],[5.8096,7.0512],[5.8043,7.0485],[5.7962,7.0243],[5.7856,6.9683],[5.7922,6.9555],[5.7998,6.9213],[5.7879,6.8945],[5.7871,6.8714],[5.7742,6.8538],[5.7697,6.8399],[5.7781,6.8178],[5.7708,6.7965],[5.7516,6.7816],[5.7265,6.7695],[5.7145,6.7574],[5.7026,6.7361],[5.6674,6.7276],[5.6404,6.7469],[5.62,6.7421],[5.596,6.7208],[5.5822,6.7041],[5.5766,6.704],[5.5617,6.7298],[5.5632,6.7624],[5.5558,6.787],[5.5458,6.8043],[5.5435,6.8248],[5.549,6.8331],[5.5638,6.8378],[5.5712,6.8453],[5.5702,6.8693],[5.5655,6.876],[5.5552,6.883],[5.5371,6.8848],[5.4597,6.886],[5.2724,6.8889],[5.2548,6.8832],[5.2089,6.81],[5.197,6.7739],[5.173,6.7627],[5.1508,6.746],[5.1407,6.7312],[5.126,6.7015],[5.1223,6.6987],[5.1141,6.6691],[5.1116,6.6304],[5.1276,6.5935],[5.1369,6.5779],[5.1606,6.5631],[5.1642,6.5545],[5.1552,6.5331],[5.1504,6.5117],[5.1537,6.5011],[5.1336,6.4726],[5.1174,6.459],[5.103,6.4423],[5.1078,6.4359],[5.1039,6.4222],[5.1097,6.4147],[5.1037,6.4022],[5.086,6.3892],[5.0757,6.3773],[5.0661,6.3766],[5.0528,6.3842],[5.0392,6.3641],[5.0292,6.3636],[5.0278,6.3452],[5.0349,6.3329],[5.0215,6.3187],[5.0129,6.3021],[5.0156,6.2924],[5.0296,6.2792],[5.0377,6.2774],[5.048,6.2649],[5.0534,6.2468],[5.0635,6.2483],[5.0733,6.2395],[5.0729,6.2312],[5.0872,6.2145],[5.0892,6.2011],[5.1032,6.2022],[5.1128,6.1955],[5.1225,6.2059],[5.1287,6.1897],[5.1359,6.1867],[5.1351,6.1698],[5.1455,6.1416],[5.1615,6.1427],[5.1687,6.1636],[5.1794,6.159],[5.184,6.1474],[5.2094,6.1535],[5.2226,6.1487],[5.2174,6.1363],[5.2337,6.1124],[5.2313,6.1012],[5.2337,6.0736],[5.2389,6.0624],[5.2565,6.0652],[5.2702,6.0543],[5.265,6.0438],[5.2478,5.9866],[5.2491,5.9701],[5.2561,5.9501],[5.2682,5.9392],[5.2697,5.9189],[5.2752,5.9092],[5.2913,5.9122],[5.3043,5.9196],[5.3151,5.9347],[5.3261,5.9418],[5.3587,5.9696],[5.3452,5.9753],[5.3365,5.9844],[5.327,5.9827],[5.323,6.0053],[5.3274,6.0183],[5.3422,6.0162],[5.3657,6.0197],[5.3882,6.0178],[5.4112,6.0202],[5.4154,6.0081],[5.4311,6.0088],[5.4275,6.0307],[5.4425,6.0406],[5.4521,6.0343],[5.4562,6.0224],[5.4655,6.0278],[5.4897,6.03],[5.4914,6.0386],[5.513,6.0353],[5.5153,6.0219],[5.5235,6.0127],[5.5326,6.0117],[5.5366,5.9899],[5.5463,5.9854],[5.5713,5.9909],[5.5834,6.0111],[5.6051,6.0231],[5.6262,6.0288],[5.6575,6.0332],[5.6689,6.052],[5.6989,6.0336],[5.7642,5.9978],[5.7951,5.9796],[5.812,5.9839],[5.8353,5.9515],[5.8333,5.9411],[5.9213,5.8773],[5.9065,5.8439],[5.9064,5.826],[5.9024,5.8111],[5.8942,5.7986],[5.9026,5.7946],[5.9061,5.7704],[5.9246,5.7483],[5.9409,5.7464],[5.9586,5.7507],[5.9817,5.7481],[5.9919,5.7544],[6.0157,5.7643],[6.0398,5.7646],[6.049,5.7688],[6.0619,5.7751],[6.0736,5.7865],[6.0937,5.7941],[6.1019,5.8032],[6.1209,5.8397],[6.1519,5.8577],[6.1797,5.8822],[6.2014,5.897],[6.2176,5.9165],[6.2291,5.936],[6.2438,5.9674],[6.2566,6.0167],[6.2239,6.0393],[6.2014,6.0495],[6.1693,6.0825],[6.1638,6.0943],[6.1481,6.1143],[6.1196,6.1577],[6.1108,6.1812],[6.1064,6.202],[6.1122,6.2409],[6.0849,6.2635],[6.0766,6.2787],[6.0861,6.2892],[6.088,6.3183],[6.113,6.3491],[6.1266,6.3561],[6.1675,6.3315],[6.1805,6.3212],[6.1887,6.3095],[6.1976,6.2827],[6.2126,6.2792],[6.2466,6.3127],[6.2817,6.3574],[6.2903,6.3619],[6.3128,6.3673],[6.3363,6.3782],[6.3496,6.3788],[6.3623,6.3844],[6.3702,6.3833],[6.4127,6.396],[6.4313,6.4068],[6.4454,6.4252],[6.4662,6.4409],[6.4805,6.4478],[6.5022,6.464],[6.5096,6.4758],[6.5233,6.4875],[6.5402,6.492],[6.5755,6.4951],[6.6088,6.4995],[6.6327,6.4893],[6.6463,6.4887],[6.6689,6.5012],[6.6647,6.5324],[6.6619,6.5527],[6.6601,6.6086],[6.6528,6.6343],[6.628,6.6746],[6.6179,6.7049],[6.6262,6.7315],[6.6317,6.7691],[6.6236,6.7936],[6.6108,6.8221],[6.6462,6.8854],[6.6527,6.9078],[6.673,6.9357],[6.6793,6.972],[6.6786,6.9881],[6.6773,7.0341],[6.6901,7.0683],[6.7115,7.1047],[6.7158,7.1207],[6.7153,7.137],[6.7034,7.1706],[6.6976,7.2042],[6.6902,7.2196],[6.6832,7.2304],[6.6692,7.2405],[6.6377,7.2948],[6.6077,7.278],[6.5751,7.2735],[6.5443,7.2749],[6.5149,7.267],[6.4997,7.2922],[6.4996,7.3272],[6.4858,7.342],[6.4669,7.3653],[6.4505,7.3555],[6.4357,7.3597],[6.4341,7.3767],[6.4222,7.389],[6.4322,7.4023],[6.4222,7.4168],[6.3781,7.3975],[6.3574,7.4111],[6.3366,7.4341],[6.3245,7.4443],[6.2958,7.4947],[6.2766,7.4957],[6.2638,7.4801],[6.2379,7.4756],[6.2253,7.4684],[6.2187,7.4565],[6.1869,7.4387],[6.1828,7.4294],[6.1709,7.4441],[6.1428,7.4496],[6.1279,7.4462],[6.1124,7.4487],[6.1091,7.4633],[6.1083,7.4907],[6.1148,7.4988],[6.1465,7.516],[6.1583,7.5283],[6.1647,7.5383],[6.1642,7.5502],[6.1336,7.5521],[6.1266,7.573]]]},"properties":{"state_name":"Edo","state_pcode":"NG012"}},
{"type":"Feature","geometry":{"type":"Polygon","coordinates":[[[5.6099,7.485],[5.6103,7.4845],[5.5994,7.4502],[5.5883,7.4317],[5.5754,7.4178],[5.5525,7.3798],[5.546,7.3742],[5.5264,7.3409],[5.5017,7.3254],[5.4505,7.3189],[5.454,7.3006],[5.4269,7.2932],[5.3981,7.2884],[5.3882,7.2832],[5.3582,7.2956],[5.3544,7.3104],[5.3542,7.3445],[5.3466,7.3814],[5.3288,7.4173],[5.3203,7.4413],[5.3063,7.4405],[5.2796,7.4355],[5.2684,7.4382],[5.2453,7.4335],[5.1924,7.4369],[5.1877,7.4406],[5.1673,7.4404],[5.1024,7.4502],[5.0847,7.457],[5.0652,7.4602],[5.0486,7.4573],[5.0181,7.4313],[5.0062,7.4137],[5.0063,7.392],[4.9898,7.3777],[4.9856,7.3768],[4.9434,7.37],[4.909,7.3735],[4.8784,7.3788],[4.8343,7.3742],[4.8061,7.3701],[4.7784,7.357],[4.7683,7.3441],[4.7674,7.3274],[4.7613,7.321],[4.7475,7.3211],[4.7486,7.2977],[4.7455,7.2817],[4.7503,7.2461],[4.7494,7.2313],[4.7366,7.2072],[4.7209,7.1951],[4.7154,7.172],[4.7034,7.1618],[4.6839,7.1681],[4.6719,7.1662],[4.6682,7.1588],[4.673,7.1404],[4.6351,7.1134],[4.6268,7.1041],[4.6167,7.0847],[4.6139,7.08],[4.6107,7.0352],[4.6096,7.0311],[4.5848,7.014],[4.5643,6.9957],[4.5562,6.9588],[4.5575,6.8895],[4.552,6.8747],[4.5483,6.8442],[4.5476,6.8405],[4.5153,6.82],[4.5023,6.8163],[4.4764,6.8023],[4.4395,6.7744],[4.4182,6.7604],[4.4137,6.7447],[4.3888,6.7131],[4.3872,6.6697],[4.3761,6.6632],[4.3771,6.6451],[4.3902,6.6282],[4.4032,6.6246],[4.4265,6.6127],[4.4543,6.6073],[4.4581,6.6027],[4.4675,6.5668],[4.4788,6.5354],[4.491,6.5087],[4.4966,6.5051],[4.5171,6.5318],[4.5256,6.5795],[4.5374,6.6006],[4.5553,6.6236],[4.5723,6.6391],[4.5816,6.6331],[4.5828,6.6167],[4.5751,6.5787],[4.5815,6.5563],[4.5889,6.5432],[4.5882,6.5324],[4.6061,6.4992],[4.5934,6.4929],[4.5643,6.499],[4.5663,6.4768],[4.5563,6.4426],[4.5388,6.4147],[4.526,6.421],[4.4798,6.4091],[4.4731,6.3932],[4.4871,6.3877],[4.5148,6.3971],[4.5608,6.3826],[4.5758,6.381],[4.5984,6.3662],[4.5958,6.3357],[4.5876,6.319],[4.5756,6.3042],[4.5515,6.3096],[4.5133,6.3473],[4.4974,6.3592],[4.4789,6.3545],[4.4605,6.3433],[4.4987,6.3239],[4.5274,6.3051],[4.553,6.2843],[4.6103,6.2427],[4.6576,6.2059],[4.6774,6.187],[4.6954,6.1738],[4.7148,6.1549],[4.7612,6.1187],[4.8217,6.0632],[4.8399,6.0446],[4.8947,5.9954],[4.9015,5.9858],[4.9518,5.9414],[4.9577,5.9429],[4.9666,5.9259],[4.9762,5.9235],[4.9751,5.9123],[4.9839,5.8985],[4.9992,5.9218],[5.0164,5.9486],[5.0417,6.0051],[5.0759,6.078],[5.1011,6.1249],[5.127,6.1639],[5.1351,6.1698],[5.1359,6.1867],[5.1287,6.1897],[5.1225,6.2059],[5.1128,6.1955],[5.1032,6.2022],[5.0892,6.2011],[5.0872,6.2145],[5.0729,6.2312],[5.0733,6.2395],[5.0635,6.2483],[5.0534,6.2468],[5.048,6.2649],[5.0377,6.2774],[5.0296,6.2792],[5.0156,6.2924],[5.0129,6.3021],[5.0215,6.3187],[5.0349,6.3329],[5.0278,6.3452],[5.0292,6.3636],[5.0392,6.3641],[5.0528,6.3842],[5.0661,6.3766],[5.0757,6.3773],[5.086,6.3892],[5.1037,6.4022],[5.1097,6.4147],[5.1039,6.4222],[5.1078,6.4359],[5.103,6.4423],[5.1174,6.459],[5.1336,6.4726],[5.1537,6.5011],[5.1504,6.5117],[5.1552,6.5331],[5.1642,6.5545],[5.1606,6.5631],[5.1369,6.5779],[5.1276,6.5935],[5.1116,6.6304],[5.1141,6.6691],[5.1223,6.6987],[5.126,6.7015],[5.1407,6.7312],[5.1508,6.746],[5.173,6.7627],[5.197,6.7739],[5.2089,6.81],[5.2548,6.8832],[5.2724,6.8889],[5.4597,6.886],[5.5371,6.8848],[5.5552,6.883],[5.5655,6.876],[5.5702,6.8693],[5.5712,6.8453],[5.5638,6.8378],[5.549,6.8331],[5.5435,6.8248],[5.5458,6.8043],[5.5558,6.787],[5.5632,6.7624],[5.5617,6.7298],[5.5766,6.704],[5.5822,6.7041],[5.596,6.7208],[5.62,6.7421],[5.6404,6.7469],[5.6674,6.7276],[5.7026,6.7361],[5.7145,6.7574],[5.7265,6.7695],[5.7516,6.7816],[5.7708,6.7965],[5.7781,6.8178],[5.7697,6.8399],[5.7742,6.8538],[5.7871,6.8714],[5.7879,6.8945],[5.7998,6.9213],[5.7922,6.9555],[5.7856,6.9683],[5.7962,7.0243],[5.8043,7.0485],[5.8096,7.0512],[5.8156,7.0716],[5.8548,7.0965],[5.843,7.1098],[5.8443,7.1203],[5.8628,7.1283],[5.8788,7.1725],[5.8939,7.1829],[5.8837,7.1929],[5.8843,7.1999],[5.9035,7.2172],[5.8973,7.2312],[5.8965,7.2581],[5.9084,7.2765],[5.9235,7.2956],[5.9451,7.3055],[5.9731,7.3122],[5.9793,7.3197],[5.9579,7.3313],[5.9577,7.3443],[5.9786,7.3477],[5.9867,7.3552],[5.9782,7.3681],[5.975,7.3822],[5.9797,7.3914],[5.9685,7.4149],[5.9756,7.4323],[5.9872,7.4415],[5.9845,7.4561],[5.9633,7.4604],[5.9533,7.4838],[5.9512,7.5012],[5.9542,7.5152],[5.9674,7.5157],[5.9756,7.5302],[5.9945,7.5271],[6.0041,7.5292],[6.0089,7.5797],[6.004,7.5874],[5.9639,7.6157],[5.94,7.6451],[5.929,7.6958],[5.9215,7.7161],[5.9306,7.7448],[5.9194,7.7502],[5.8898,7.7436],[5.8574,7.7305],[5.8426,7.7286],[5.8277,7.734],[5.8164,7.7278],[5.773,7.7473],[5.7676,7.7372],[5.7165,7.701],[5.6994,7.6829],[5.6949,7.6718],[5.6914,7.638],[5.6757,7.6237],[5.6494,7.6368],[5.6244,7.6284],[5.6199,7.6166],[5.6274,7.5944],[5.6078,7.5568],[5.6048,7.5199],[5.613,7.5204],[5.6099,7.485]]]},"properties":{"state_name":"Ondo","state_pcode":"NG029"}},
{"type":"Feature","geometry":{"type":"Polygon","coordinates":[[[8.1654,9.0712],[8.1431,9.0545],[8.1281,9.0492],[8.1079,9.0527],[8.1026,9.0633],[8.1008,9.0809],[8.0986,9.1628],[8.1075,9.1786],[8.1141,9.2025],[8.1149,9.2243],[8.0936,9.2415],[8.0636,9.2722],[8.0458,9.2774],[8.0008,9.3064],[7.9973,9.3178],[8.0017,9.3408],[7.9991,9.354],[7.9806,9.3707],[7.9383,9.4033],[7.9207,9.4051],[7.9148,9.4005],[7.9039,9.3919],[7.8898,9.3743],[7.8546,9.32],[7.8339,9.3108],[7.8206,9.313],[7.8022,9.3254],[7.7676,9.3363],[7.7378,9.3478],[7.7299,9.3319],[7.6676,9.3037],[7.5887,9.1291],[7.5891,9.1076],[7.5923,8.9246],[7.5947,8.8564],[7.5917,8.8349],[7.5414,8.7404],[7.5185,8.6987],[7.4932,8.6507],[7.4776,8.6313],[7.443,8.5933],[7.3976,8.5526],[7.3714,8.5253],[7.3557,8.5124],[7.3124,8.5008],[7.2108,8.481],[7.1167,8.4662],[7.0842,8.4637],[6.9914,8.4598],[6.9842,8.4594],[6.9696,8.3913],[6.9576,8.3748],[6.9558,8.3591],[6.9346,8.3012],[6.953,8.2838],[6.965,8.2654],[6.9705,8.2452],[6.9723,8.2249],[6.9797,8.2111],[7.0008,8.1817],[7.0027,8.167],[6.9834,8.1155],[6.987,8.0779],[6.9709,8.0301],[6.9792,8.0006],[6.9783,7.9859],[6.9636,7.9602],[6.9608,7.9427],[6.9526,7.9179],[6.9636,7.8793],[6.978,7.9016],[6.9878,7.9095],[6.9947,7.9253],[7.0529,7.9323],[7.0728,7.9427],[7.1179,7.959],[7.1959,7.993],[7.2538,8.015],[7.3056,8.0256],[7.3932,8.0419],[7.4045,8.043],[7.4458,8.0449],[7.451,8.0465],[7.5053,8.0472],[7.5835,8.0377],[7.6249,8.0295],[7.6772,8.0166],[7.6768,8.0145],[7.6975,8.0137],[7.7607,8.0034],[7.8384,7.9853],[7.8799,7.9854],[7.918,7.9757],[8.0629,7.927],[8.0804,7.9187],[8.0924,7.9046],[8.1392,7.9047],[8.1393,7.8906],[8.102,7.8671],[8.1138,7.8639],[8.1599,7.8597],[8.1804,7.8526],[8.1854,7.8522],[8.2152,7.8346],[8.2748,7.8146],[8.3455,7.7843],[8.3722,7.77],[8.4032,7.7662],[8.412,7.7764],[8.3939,7.8099],[8.3966,7.8294],[8.4047,7.8368],[8.4054,7.861],[8.3977,7.88],[8.3785,7.9162],[8.3645,7.9203],[8.3671,7.9389],[8.3603,7.9607],[8.3603,7.9873],[8.3635,8.0166],[8.3711,8.0463],[8.3905,8.0779],[8.4266,8.1122],[8.4727,8.1425],[8.5037,8.1582],[8.5244,8.1573],[8.5424,8.1487],[8.5656,8.1539],[8.5885,8.1561],[8.595,8.1528],[8.6217,8.1202],[8.6371,8.1162],[8.6967,8.0964],[8.7805,8.0752],[8.8419,8.0671],[8.9108,8.0563],[8.9713,8.0576],[9.0254,8.0626],[9.057,8.0776],[9.0634,8.0675],[9.0634,8.0521],[9.1309,7.9308],[9.1357,7.9247],[9.173,7.9063],[9.1791,7.9081],[9.2204,7.9265],[9.2507,7.9447],[9.2811,7.9559],[9.3355,7.9855],[9.346,8.0019],[9.4041,8.0456],[9.4154,8.0619],[9.414,8.0711],[9.4034,8.0801],[9.3926,8.1018],[9.3919,8.1328],[9.3869,8.1488],[9.4063,8.1653],[9.4118,8.1769],[9.4058,8.1872],[9.3905,8.2018],[9.3712,8.2151],[9.3296,8.2363],[9.3234,8.2535],[9.3255,8.2638],[9.3425,8.2837],[9.3633,8.3405],[9.377,8.35],[9.3897,8.3491],[9.4202,8.3324],[9.4832,8.3061],[9.518,8.3021],[9.5469,8.305],[9.5922,8.2967],[9.6097,8.2913],[9.6175,8.3029],[9.6138,8.3178],[9.612,8.3502],[9.6222,8.3496],[9.624,8.3606],[9.6183,8.3778],[9.6215,8.389],[9.6089,8.4022],[9.576,8.4237],[9.5605,8.4312],[9.5297,8.4238],[9.4916,8.4309],[9.4207,8.4623],[9.3779,8.4857],[9.3459,8.4919],[9.3187,8.4867],[9.3013,8.4751],[9.2733,8.4639],[9.2639,8.4596],[9.212,8.4573],[9.1749,8.4672],[9.1525,8.4527],[9.1324,8.4287],[9.1215,8.4382],[9.1011,8.4389],[9.0968,8.4483],[9.1032,8.4642],[9.1014,8.4736],[9.0801,8.488],[9.0699,8.4877],[9.0599,8.4969],[9.0592,8.5123],[9.0494,8.5197],[9.0368,8.5125],[9.0195,8.5099],[8.9883,8.5229],[8.975,8.5414],[8.9874,8.5645],[8.981,8.5782],[8.9834,8.5966],[8.9778,8.6052],[8.9583,8.6122],[8.9512,8.6213],[8.9498,8.6339],[8.9348,8.6679],[8.9139,8.6862],[8.9107,8.703],[8.9028,8.7193],[8.8921,8.7329],[8.896,8.7483],[8.9044,8.755],[8.9011,8.7639],[8.9072,8.776],[8.917,8.7837],[8.9327,8.7855],[8.9451,8.7996],[8.9506,8.8158],[8.9498,8.8356],[8.9588,8.8495],[8.974,8.8541],[8.9896,8.8509],[9.0106,8.8538],[9.0235,8.8659],[9.0318,8.8952],[9.0445,8.9132],[9.046,8.9229],[9.0719,8.9453],[9.0671,8.9663],[9.0707,8.9878],[9.067,9.0079],[9.0602,9.0206],[9.0392,9.0268],[9.0202,9.0221],[9.0009,9.0213],[8.9668,9.015],[8.9273,9.0161],[8.8502,9.03],[8.7982,9.0316],[8.7899,9.0428],[8.7895,9.0524],[8.7994,9.0712],[8.7919,9.0834],[8.7802,9.0868],[8.7601,9.1052],[8.7613,9.1207],[8.7675,9.1363],[8.765,9.1652],[8.749,9.178],[8.7081,9.1878],[8.687,9.1849],[8.6675,9.1899],[8.6569,9.2106],[8.6571,9.2265],[8.6511,9.2064],[8.6264,9.1919],[8.6242,9.1496],[8.6112,9.1059],[8.5945,9.0915],[8.5668,9.0608],[8.5595,9.029],[8.5476,9.0142],[8.5333,9.0044],[8.5043,9.0014],[8.4986,9.0113],[8.4907,9.0377],[8.4766,9.0554],[8.4739,9.073],[8.4466,9.1126],[8.4308,9.1258],[8.4182,9.1417],[8.3958,9.1622],[8.3807,9.1818],[8.3395,9.189],[8.2944,9.2046],[8.2809,9.2055],[8.2618,9.1987],[8.251,9.191],[8.2559,9.1787],[8.2515,9.1637],[8.2435,9.1558],[8.2383,9.1399],[8.2154,9.1197],[8.1654,9.0712]]]},"properties":{"state_name":"Nasarawa","state_pcode":"NG026"}},
{"type":"Feature","geometry":{"type":"Polygon","coordinates":[[[4.567,12.3137],[4.5999,12.3418],[4.6089,12.3652],[4.6104,12.404],[4.6218,12.4292],[4.6397,12.4304],[4.6543,12.4183],[4.7013,12.3983],[4.711,12.3808],[4.733,12.3683],[4.7499,12.368],[4.7511,12.3901],[4.7609,12.4494],[4.7687,12.4608],[4.7811,12.4658],[4.8156,12.4965],[4.8249,12.5094],[4.8433,12.5473],[4.8418,12.5687],[4.8024,12.5985],[4.7827,12.6207],[4.7581,12.6519],[4.75,12.6848],[4.7507,12.7016],[4.7731,12.7245],[4.8045,12.7567],[4.8128,12.7564],[4.8163,12.7742],[4.8132,12.7882],[4.7994,12.8093],[4.7972,12.8247],[4.7894,12.8431],[4.7741,12.8571],[4.7527,12.864],[4.7235,12.8793],[4.7132,12.891],[4.702,12.9104],[4.7008,12.9247],[4.692,12.9361],[4.6622,12.9516],[4.6384,12.9849],[4.6445,13.0032],[4.6629,13.0228],[4.681,13.0374],[4.702,13.0711],[4.7063,13.0836],[4.6856,13.0677],[4.6919,13.1061],[4.7006,13.1244],[4.7084,13.1561],[4.7028,13.1669],[4.6852,13.1699],[4.6704,13.166],[4.6548,13.1473],[4.6298,13.0989],[4.6189,13.0918],[4.5705,13.1051],[4.5525,13.1153],[4.5416,13.1285],[4.5229,13.1405],[4.5041,13.1418],[4.4261,13.1629],[4.398,13.1652],[4.3652,13.1738],[4.355,13.184],[4.3457,13.2136],[4.3152,13.2292],[4.2879,13.23],[4.277,13.2433],[4.2535,13.2604],[4.2325,13.2698],[4.213,13.2675],[4.1841,13.2519],[4.1521,13.2526],[4.1294,13.2628],[4.1271,13.1894],[4.1302,13.1535],[4.1201,13.1004],[4.1107,13.0614],[4.1029,13.0161],[4.0967,12.9974],[4.0814,12.9732],[4.0447,12.9256],[4.0143,12.8764],[3.9823,12.8304],[3.9402,12.7624],[3.9167,12.7398],[3.8535,12.6961],[3.7298,12.5962],[3.6439,12.5213],[3.6424,12.4791],[3.6478,12.4081],[3.6502,12.3644],[3.6556,12.3175],[3.6564,12.2847],[3.6533,12.2566],[3.6369,12.1973],[3.6314,12.1567],[3.6299,12.1122],[3.6346,12.1052],[3.647,12.0677],[3.6689,11.9928],[3.6689,11.9795],[3.6627,11.967],[3.6205,11.9272],[3.6174,11.9171],[3.6221,11.8507],[3.6299,11.8344],[3.6478,11.8226],[3.665,11.8063],[3.6673,11.7852],[3.6627,11.7711],[3.6439,11.743],[3.6249,11.7279],[3.5652,11.6991],[3.5139,11.663],[3.5158,11.5412],[3.5246,11.4273],[3.5016,11.3213],[3.4973,11.2909],[3.5363,11.258],[3.5799,11.2196],[3.621,11.1655],[3.6536,11.1109],[3.6854,11.1153],[3.7047,11.1261],[3.7233,11.1251],[3.7516,11.1276],[3.794,11.1129],[3.8909,11.054],[3.9377,11.0367],[3.9939,11.0177],[4.0684,11.022],[4.1004,11.0263],[4.167,11.0246],[4.1861,11.0324],[4.2138,11.0307],[4.2389,11.0073],[4.2562,10.9856],[4.2631,10.9822],[4.2778,10.9865],[4.2882,10.9804],[4.2839,10.9372],[4.2882,10.9285],[4.3107,10.9207],[4.3194,10.9147],[4.3357,10.9153],[4.3437,10.9115],[4.3558,10.9102],[4.3708,10.9004],[4.4014,10.8962],[4.4123,10.8889],[4.4291,10.8839],[4.4509,10.8883],[4.4677,10.9018],[4.4923,10.9109],[4.5398,10.92],[4.5685,10.9087],[4.5874,10.9064],[4.6017,10.9117],[4.6266,10.9154],[4.6449,10.9401],[4.6744,10.9384],[4.697,10.9308],[4.7076,10.9183],[4.7246,10.9064],[4.7322,10.8973],[4.742,10.8732],[4.7375,10.8506],[4.7201,10.8159],[4.7148,10.7706],[4.7065,10.7412],[4.7005,10.7065],[4.6975,10.6673],[4.6892,10.6424],[4.6613,10.6212],[4.607,10.576],[4.5851,10.5639],[4.5255,10.542],[4.5109,10.5355],[4.4985,10.5174],[4.4856,10.4698],[4.4795,10.4213],[4.4864,10.3685],[4.483,10.3287],[4.4908,10.314],[4.5418,10.2871],[4.56,10.2681],[4.5687,10.246],[4.5674,10.2229],[4.5518,10.1949],[4.5275,10.143],[4.5269,10.1143],[4.5794,10.132],[4.614,10.1225],[4.6356,10.1276],[4.6439,10.1207],[4.6681,10.1131],[4.6899,10.114],[4.7108,10.1315],[4.7129,10.1617],[4.7054,10.1725],[4.6928,10.1801],[4.6786,10.1976],[4.6711,10.2118],[4.6694,10.2261],[4.697,10.2403],[4.7054,10.2528],[4.702,10.2729],[4.702,10.2938],[4.7129,10.3106],[4.7313,10.3147],[4.7489,10.3055],[4.7765,10.2955],[4.8028,10.2963],[4.8416,10.2925],[4.8546,10.2944],[4.8535,10.3203],[4.8403,10.3715],[4.8442,10.3892],[4.8467,10.421],[4.8526,10.4444],[4.8534,10.4603],[4.8451,10.4787],[4.8329,10.4879],[4.8187,10.5071],[4.822,10.559],[4.8279,10.5699],[4.8237,10.595],[4.802,10.6134],[4.7961,10.6293],[4.8028,10.6527],[4.812,10.6619],[4.8145,10.6744],[4.807,10.6929],[4.8145,10.7046],[4.8471,10.7046],[4.8622,10.7071],[4.8681,10.7004],[4.8906,10.7012],[4.894,10.6937],[4.909,10.6878],[4.9233,10.6937],[4.9417,10.6887],[4.9484,10.7012],[4.9735,10.7104],[4.9793,10.7171],[5.0086,10.7213],[5.0119,10.7405],[5.027,10.7481],[5.0404,10.7372],[5.0571,10.7397],[5.0797,10.7556],[5.1009,10.7598],[5.109,10.7957],[5.0998,10.8083],[5.0839,10.8175],[5.0471,10.825],[5.0387,10.8359],[5.0287,10.8593],[5.0253,10.8903],[5.0345,10.8995],[5.0546,10.9045],[5.0755,10.9154],[5.0822,10.9271],[5.0814,10.9505],[5.068,10.9898],[5.063,11.0124],[5.0406,11.0519],[5.0274,11.0505],[4.996,11.054],[4.9918,11.0701],[4.9799,11.0805],[4.9345,11.084],[4.9087,11.0819],[4.8982,11.0875],[4.8766,11.0917],[4.8607,11.1034],[4.8397,11.1139],[4.8178,11.1195],[4.8026,11.114],[4.7886,11.1189],[4.7794,11.1314],[4.7461,11.1476],[4.7216,11.1763],[4.7104,11.1804],[4.702,11.1922],[4.6992,11.2223],[4.7034,11.2285],[4.7438,11.2541],[4.7471,11.2745],[4.7401,11.2976],[4.7615,11.3149],[4.7661,11.306],[4.8054,11.3211],[4.8263,11.3355],[4.8376,11.3372],[4.8713,11.3532],[4.8906,11.3709],[4.9179,11.3709],[4.934,11.354],[4.9589,11.3693],[4.9709,11.3532],[4.9725,11.3396],[4.9813,11.3195],[4.991,11.2866],[5.0087,11.2793],[5.0111,11.2705],[5.0054,11.2576],[5.0167,11.2512],[5.0327,11.2609],[5.0456,11.2729],[5.0585,11.2705],[5.0649,11.2544],[5.0625,11.2448],[5.0488,11.2279],[5.0488,11.2111],[5.0625,11.2086],[5.0713,11.2271],[5.0713,11.2376],[5.0801,11.2552],[5.1002,11.2793],[5.1058,11.301],[5.1058,11.3147],[5.1002,11.3388],[5.105,11.3524],[5.1179,11.3556],[5.1543,11.3466],[5.1846,11.3396],[5.203,11.3307],[5.2095,11.3227],[5.2167,11.2994],[5.2159,11.2836],[5.2091,11.2649],[5.1951,11.254],[5.1768,11.2453],[5.1529,11.2254],[5.1304,11.2368],[5.116,11.2374],[5.1136,11.2304],[5.1338,11.2217],[5.1395,11.2084],[5.1588,11.2062],[5.1711,11.217],[5.1998,11.2364],[5.2412,11.2607],[5.2392,11.3033],[5.2439,11.316],[5.279,11.3258],[5.2934,11.3386],[5.3173,11.3421],[5.3369,11.3355],[5.3508,11.2962],[5.3532,11.2584],[5.3588,11.2448],[5.358,11.2271],[5.3741,11.1918],[5.4124,11.1695],[5.417,11.1563],[5.4171,11.1389],[5.3871,11.1103],[5.3872,11.0848],[5.3843,11.0596],[5.404,11.0438],[5.4288,11.041],[5.43,11.0168],[5.44,10.9982],[5.4405,10.9854],[5.4528,10.9564],[5.4584,10.9532],[5.5147,10.9621],[5.5339,10.9613],[5.5749,10.9653],[5.6094,10.9653],[5.6367,10.9621],[5.6568,10.9669],[5.6641,10.9733],[5.6801,10.9757],[5.7042,10.9902],[5.742,11.0038],[5.7653,11.0287],[5.7958,11.044],[5.8054,11.0448],[5.8333,11.0562],[5.8632,11.0576],[5.9114,11.0649],[5.9211,11.0705],[5.9516,11.1066],[5.9741,11.1364],[5.9934,11.146],[6.0085,11.141],[6.0177,11.1819],[6.0229,11.1977],[6.036,11.2215],[6.0545,11.24],[6.0624,11.2427],[6.1289,11.2537],[6.155,11.3091],[6.1494,11.3458],[6.1306,11.3745],[6.0663,11.4187],[6.0299,11.4541],[6.0211,11.4694],[6.0091,11.4804],[5.9922,11.487],[5.9665,11.4899],[5.9176,11.4903],[5.8563,11.4795],[5.827,11.4797],[5.82,11.4955],[5.8166,11.5136],[5.8172,11.5362],[5.8234,11.5652],[5.8404,11.5907],[5.8429,11.6101],[5.8393,11.6338],[5.8279,11.6464],[5.8193,11.6494],[5.7822,11.6763],[5.7659,11.6935],[5.7573,11.682],[5.7448,11.6811],[5.7305,11.6945],[5.7247,11.6849],[5.7113,11.682],[5.6921,11.6676],[5.672,11.66],[5.6585,11.6686],[5.6461,11.6629],[5.5933,11.6696],[5.5598,11.6859],[5.555,11.6753],[5.5416,11.6657],[5.5243,11.6629],[5.5118,11.6686],[5.4697,11.6686],[5.458,11.6723],[5.4503,11.6976],[5.4311,11.7045],[5.4081,11.7029],[5.3889,11.7075],[5.3628,11.7098],[5.3529,11.7045],[5.346,11.7121],[5.3414,11.729],[5.3306,11.739],[5.3306,11.7467],[5.3184,11.7666],[5.3107,11.7704],[5.3047,11.7843],[5.2984,11.7865],[5.28,11.7704],[5.2348,11.7697],[5.2217,11.7543],[5.2094,11.7605],[5.2048,11.7704],[5.1726,11.7835],[5.1634,11.7727],[5.1749,11.7582],[5.1711,11.7413],[5.1488,11.7336],[5.1389,11.7221],[5.1174,11.7198],[5.0998,11.7282],[5.0756,11.7237],[5.0342,11.7315],[5.0157,11.7289],[5.0039,11.739],[4.977,11.7413],[4.9694,11.7367],[4.9429,11.7325],[4.9325,11.7198],[4.9122,11.7198],[4.8938,11.7114],[4.8877,11.7259],[4.867,11.7267],[4.8401,11.7106],[4.824,11.7229],[4.8048,11.7275],[4.7956,11.7252],[4.7833,11.6983],[4.7649,11.6899],[4.7496,11.6746],[4.7281,11.6761],[4.6997,11.6592],[4.6783,11.6584],[4.6698,11.6653],[4.6453,11.6723],[4.6284,11.6669],[4.6207,11.6569],[4.6054,11.6561],[4.5809,11.6612],[4.5665,11.6474],[4.5597,11.6356],[4.547,11.6291],[4.544,11.6201],[4.5057,11.5856],[4.4876,11.5831],[4.4774,11.5896],[4.4705,11.5939],[4.4479,11.6189],[4.4097,11.6564],[4.3987,11.6798],[4.3862,11.6814],[4.3722,11.7017],[4.3487,11.7275],[4.3615,11.7413],[4.3858,11.7499],[4.4003,11.7467],[4.4079,11.736],[4.4131,11.7173],[4.4252,11.7101],[4.4366,11.7137],[4.4707,11.7348],[4.4921,11.7449],[4.5045,11.7696],[4.5213,11.7766],[4.532,11.794],[4.5447,11.8035],[4.5376,11.8276],[4.5351,11.8634],[4.5413,11.8765],[4.557,11.8984],[4.5612,11.9298],[4.5622,11.9776],[4.5659,11.9847],[4.5777,12.0548],[4.5707,12.0915],[4.5648,12.1062],[4.5436,12.1648],[4.534,12.1833],[4.535,12.2011],[4.5413,12.2315],[4.5475,12.2537],[4.5519,12.2933],[4.567,12.3137]]]},"properties":{"state_name":"Kebbi","state_pcode":"NG022"}},
{"type":"Feature","geometry":{"type":"Polygon","coordinates":[[[10.8314,10.1985],[10.8393,10.2152],[10.8512,10.2242],[10.8572,10.2357],[10.8457,10.2669],[10.8318,10.2821],[10.8261,10.2937],[10.8336,10.3408],[10.8351,10.3951],[10.8258,10.4202],[10.8092,10.4343],[10.7935,10.4599],[10.7849,10.4679],[10.7658,10.4776],[10.7283,10.4862],[10.7049,10.4945],[10.6603,10.5008],[10.6392,10.5023],[10.6169,10.5083],[10.5773,10.5376],[10.5588,10.5609],[10.5535,10.5736],[10.5536,10.5952],[10.5421,10.629],[10.5148,10.6653],[10.5032,10.6761],[10.4787,10.6878],[10.5243,10.7614],[10.5376,10.7714],[10.5507,10.7926],[10.552,10.8064],[10.5641,10.8431],[10.5763,10.8856],[10.594,10.8888],[10.6067,10.876],[10.6178,10.8583],[10.63,10.8549],[10.643,10.8605],[10.6455,10.8789],[10.6387,10.8974],[10.6283,10.9137],[10.6155,10.9265],[10.6029,10.9624],[10.6102,10.9842],[10.6186,10.9945],[10.6411,11.0138],[10.6705,11.0192],[10.6777,11.0317],[10.6883,11.0408],[10.7122,11.0774],[10.7324,11.0967],[10.762,11.1171],[10.7796,11.1192],[10.7936,11.1144],[10.8099,11.1015],[10.8227,11.0863],[10.8368,11.0779],[10.8492,11.0788],[10.8666,11.0886],[10.8746,11.1064],[10.8972,11.1326],[10.9044,11.1464],[10.9245,11.1588],[10.9496,11.1827],[10.9707,11.202],[11.0004,11.2362],[11.0233,11.2854],[11.0222,11.2923],[11.0073,11.2959],[10.9844,11.2966],[10.9735,11.2936],[10.9344,11.3104],[10.8585,11.3493],[10.8504,11.3645],[10.8692,11.3778],[10.8899,11.3808],[10.9143,11.3943],[10.9298,11.4433],[10.9356,11.4746],[10.9347,11.4956],[10.9297,11.516],[10.9321,11.5712],[10.9287,11.5856],[10.9245,11.6442],[10.9205,11.6622],[10.9134,11.6744],[10.9157,11.7088],[10.9167,11.7573],[10.9053,11.7696],[10.9025,11.7823],[10.9059,11.8058],[10.9008,11.819],[10.8908,11.822],[10.8498,11.8405],[10.8254,11.849],[10.8184,11.866],[10.8279,11.8921],[10.8147,11.9167],[10.8099,11.9228],[10.7998,11.9526],[10.7999,11.9783],[10.8039,12.0015],[10.8132,12.0195],[10.8031,12.1032],[10.8008,12.165],[10.7892,12.2012],[10.775,12.236],[10.77,12.2798],[10.7729,12.3403],[10.7598,12.3696],[10.7574,12.3752],[10.7513,12.4615],[10.7055,12.4733],[10.6781,12.4876],[10.643,12.4982],[10.6332,12.5143],[10.6105,12.5215],[10.5941,12.5201],[10.5848,12.5074],[10.5615,12.4956],[10.544,12.4907],[10.5265,12.4813],[10.5091,12.465],[10.4919,12.4395],[10.451,12.424],[10.4345,12.4341],[10.4283,12.4663],[10.4166,12.4719],[10.379,12.4733],[10.3376,12.4656],[10.2962,12.4544],[10.2857,12.4496],[10.259,12.4228],[10.2338,12.377],[10.1962,12.3403],[10.1957,12.3272],[10.2006,12.2998],[10.1731,12.2612],[10.1685,12.2486],[10.1453,12.1489],[10.1471,12.1264],[10.1643,12.0733],[10.1642,12.059],[10.1545,12.0411],[10.1436,12.0368],[10.1261,12.0366],[10.1215,12.0285],[10.1027,12.0295],[10.0958,12.0236],[10.0947,12.0098],[10.0656,11.9979],[9.9886,11.974],[9.9769,11.9727],[9.9653,11.9633],[9.9512,11.9677],[9.9208,11.9616],[9.8941,11.9521],[9.882,11.9504],[9.8592,11.9321],[9.8487,11.9189],[9.8376,11.8935],[9.83,11.8903],[9.7592,11.8763],[9.7177,11.8566],[9.6981,11.8745],[9.6886,11.8727],[9.6795,11.8619],[9.6789,11.8374],[9.6713,11.8223],[9.6736,11.787],[9.6528,11.793],[9.6335,11.7808],[9.6267,11.76],[9.6398,11.736],[9.6609,11.7294],[9.6644,11.7294],[9.714,11.7206],[9.7417,11.7276],[9.7537,11.7337],[9.7757,11.7383],[9.7976,11.735],[9.8114,11.7213],[9.8109,11.71],[9.8033,11.7006],[9.8206,11.6884],[9.8209,11.6645],[9.8264,11.6447],[9.815,11.6262],[9.8247,11.6017],[9.8206,11.5762],[9.8103,11.5584],[9.7835,11.5397],[9.7778,11.5258],[9.7839,11.504],[9.7868,11.4735],[9.7912,11.46],[9.8008,11.4516],[9.8213,11.4548],[9.8376,11.4746],[9.8605,11.458],[9.8776,11.4538],[9.8812,11.4485],[9.8796,11.428],[9.8822,11.3993],[9.8779,11.367],[9.885,11.3567],[9.916,11.3379],[9.9212,11.3237],[9.9426,11.3138],[9.9521,11.2992],[9.9769,11.2769],[9.9915,11.2521],[10.0009,11.2464],[10.037,11.263],[10.0487,11.2631],[10.0956,11.2568],[10.1274,11.241],[10.1421,11.24],[10.165,11.2277],[10.1897,11.2222],[10.2084,11.227],[10.2295,11.225],[10.2553,11.2184],[10.2611,11.2135],[10.2949,11.206],[10.3127,11.2049],[10.3585,11.2081],[10.3667,11.2025],[10.3646,11.1794],[10.3464,11.1628],[10.3277,11.1295],[10.3066,11.1315],[10.2705,11.1103],[10.2601,11.0941],[10.2426,11.0939],[10.2286,11.1008],[10.2155,11.1039],[10.1989,11.1007],[10.1749,11.0746],[10.1541,11.0433],[10.1415,11.0144],[10.1547,10.9904],[10.1714,10.9786],[10.1876,10.9735],[10.1948,10.9644],[10.1937,10.9528],[10.1868,10.9447],[10.1727,10.9422],[10.134,10.9475],[10.1105,10.9633],[10.1032,10.9817],[10.0756,10.9892],[10.0516,10.976],[10.0244,10.9775],[10.0082,10.9676],[9.9851,10.9653],[9.9665,10.9605],[9.9159,10.9771],[9.8904,10.991],[9.8658,10.9994],[9.8593,11.0144],[9.8543,11.0496],[9.8529,11.0662],[9.8563,11.0823],[9.8537,11.1088],[9.8582,11.1215],[9.8895,11.1518],[9.8917,11.1622],[9.8764,11.1735],[9.8657,11.1861],[9.8465,11.2353],[9.8346,11.2513],[9.8249,11.2823],[9.8014,11.2854],[9.7898,11.2784],[9.749,11.2629],[9.7175,11.2633],[9.6776,11.2552],[9.6496,11.2537],[9.625,11.2525],[9.5956,11.2599],[9.5823,11.2597],[9.5768,11.2724],[9.5764,11.3035],[9.5704,11.3241],[9.5468,11.3388],[9.528,11.3409],[9.5,11.3348],[9.4663,11.3079],[9.4466,11.3079],[9.4241,11.3131],[9.4017,11.3232],[9.3688,11.3423],[9.3493,11.3504],[9.3131,11.3693],[9.279,11.372],[9.2391,11.3691],[9.2249,11.3658],[9.1935,11.3509],[9.1612,11.3321],[9.1429,11.332],[9.1334,11.319],[9.1117,11.3055],[9.097,11.291],[9.0763,11.2845],[9.033,11.2563],[9.0153,11.2289],[8.9827,11.1952],[8.9474,11.1719],[8.8962,11.1015],[8.8745,11.0891],[8.8369,11.0984],[8.8229,11.0995],[8.8104,11.0906],[8.796,11.0679],[8.7885,11.0502],[8.7782,11.0114],[8.7802,10.987],[8.7897,10.9477],[8.7887,10.9423],[8.7857,10.9277],[8.7726,10.9028],[8.7646,10.8653],[8.7694,10.8293],[8.7856,10.7972],[8.7922,10.7914],[8.8216,10.7692],[8.829,10.7578],[8.838,10.7336],[8.8513,10.7201],[8.8552,10.7074],[8.8525,10.6863],[8.8354,10.6403],[8.8169,10.6036],[8.8002,10.5809],[8.7794,10.5627],[8.7675,10.5123],[8.7714,10.4921],[8.7696,10.4763],[8.7387,10.4683],[8.7292,10.4558],[8.7337,10.4362],[8.7399,10.4289],[8.7842,10.4216],[8.8055,10.4094],[8.8235,10.3833],[8.8504,10.3706],[8.8702,10.3576],[8.8987,10.3582],[8.9357,10.3485],[8.9487,10.3182],[8.9549,10.3088],[8.9539,10.2895],[8.9356,10.2674],[8.9364,10.2501],[8.9314,10.2421],[8.9303,10.215],[8.9739,10.19],[8.9782,10.1805],[8.9771,10.1611],[8.9718,10.1513],[8.9744,10.1379],[8.9636,10.0795],[8.961,10.0523],[8.9564,10.0338],[8.9565,10.0232],[8.9863,10.0104],[8.9976,10.0095],[9.0204,10.0163],[9.0474,10.0156],[9.0855,10.025],[9.1255,10.0394],[9.1499,10.0417],[9.1636,10.0459],[9.202,10.0476],[9.2214,10.0446],[9.2471,10.0322],[9.2598,10.0077],[9.265,9.977],[9.2797,9.9526],[9.2916,9.9034],[9.2869,9.8795],[9.2777,9.8695],[9.2713,9.8422],[9.2608,9.8185],[9.2536,9.8086],[9.2124,9.7816],[9.1558,9.756],[9.1522,9.7448],[9.1943,9.7152],[9.2025,9.704],[9.2117,9.7006],[9.24,9.6818],[9.2488,9.7001],[9.2713,9.7167],[9.2793,9.7093],[9.2878,9.6923],[9.2914,9.6577],[9.2846,9.6361],[9.2954,9.6257],[9.3201,9.6185],[9.3227,9.6051],[9.3187,9.5876],[9.3221,9.5802],[9.3563,9.5723],[9.3698,9.5597],[9.3948,9.5465],[9.4042,9.5083],[9.4228,9.5],[9.4638,9.4754],[9.4757,9.4745],[9.4828,9.4764],[9.4914,9.5027],[9.4906,9.5281],[9.5088,9.54],[9.5193,9.5191],[9.5508,9.5052],[9.5643,9.5057],[9.6459,9.5241],[9.6601,9.5177],[9.6945,9.5231],[9.7418,9.5348],[9.7469,9.5423],[9.7777,9.5512],[9.7967,9.5712],[9.8168,9.5934],[9.8536,9.6067],[9.8815,9.6077],[9.9068,9.6118],[9.9421,9.609],[9.9539,9.6112],[9.9604,9.6223],[9.9548,9.6477],[9.9397,9.693],[9.9351,9.7222],[9.9465,9.7485],[9.9657,9.7738],[10.0031,9.7665],[10.0088,9.7687],[10.0578,9.7598],[10.0829,9.7489],[10.1304,9.722],[10.1408,9.7051],[10.1498,9.6816],[10.1904,9.6875],[10.2302,9.6893],[10.2559,9.6883],[10.2644,9.6835],[10.2974,9.6522],[10.3132,9.6433],[10.3269,9.64],[10.353,9.6161],[10.3827,9.5981],[10.4238,9.5845],[10.4534,9.5703],[10.4654,9.5612],[10.4889,9.5526],[10.4997,9.528],[10.5163,9.5106],[10.5211,9.5177],[10.5691,9.5527],[10.5891,9.564],[10.6029,9.5629],[10.6464,9.5476],[10.6724,9.5401],[10.6843,9.5423],[10.716,9.5593],[10.7312,9.5652],[10.7704,9.605],[10.7838,9.6108],[10.8382,9.6185],[10.876,9.6167],[10.9001,9.6126],[10.9055,9.6077],[10.9456,9.5939],[10.9749,9.5929],[10.9666,9.6294],[10.9515,9.6836],[10.9501,9.6952],[10.9498,9.7362],[10.9612,9.7658],[10.9604,9.7749],[10.9513,9.7889],[10.9501,9.8054],[10.9435,9.8373],[10.9456,9.8675],[10.9362,9.8835],[10.9285,9.9098],[10.9067,9.9205],[10.8752,9.9405],[10.8577,9.9557],[10.825,9.97],[10.8122,9.9793],[10.7884,10.0061],[10.7753,10.0125],[10.7277,10.0415],[10.6899,10.0714],[10.6845,10.0806],[10.7007,10.1123],[10.7186,10.115],[10.7499,10.1146],[10.797,10.1104],[10.8062,10.1153],[10.8152,10.1288],[10.8189,10.1441],[10.8172,10.1695],[10.8199,10.1811],[10.8314,10.1985]]]},"properties":{"state_name":"Bauchi","state_pcode":"NG005"}},
{"type":"Feature","geometry":{"type":"Polygon","coordinates":[[[7.6683,6.0606],[7.6862,6.0713],[7.698,6.074],[7.7138,6.0839],[7.7262,6.1149],[7.7385,6.1703],[7.7303,6.178],[7.7302,6.2103],[7.733,6.2266],[7.725,6.2426],[7.7089,6.2779],[7.708,6.2984],[7.721,6.331],[7.7387,6.3538],[7.7514,6.3855],[7.7491,6.4473],[7.7469,6.4727],[7.7307,6.5599],[7.7039,6.6071],[7.6989,6.6307],[7.7058,6.6362],[7.737,6.6341],[7.7533,6.6092],[7.7682,6.5937],[7.7839,6.5859],[7.7917,6.5881],[7.8083,6.6342],[7.8049,6.6405],[7.8301,6.6893],[7.8553,6.7429],[7.8884,6.7665],[7.9034,6.7815],[7.89,6.7854],[7.8865,6.7941],[7.8904,6.8437],[7.8881,6.8535],[7.8967,6.8639],[7.8826,6.8583],[7.8638,6.88],[7.8268,6.8917],[7.8007,6.8882],[7.7852,6.873],[7.776,6.8759],[7.7628,6.8799],[7.7502,6.8784],[7.7344,6.8634],[7.7202,6.8626],[7.6923,6.8518],[7.6746,6.8555],[7.6504,6.8894],[7.6202,6.9193],[7.5777,6.9327],[7.5643,6.9524],[7.5564,6.9788],[7.5493,6.991],[7.5383,7.0202],[7.5305,7.0323],[7.5263,7.0575],[7.504,7.0704],[7.4866,7.094],[7.4657,7.1118],[7.442,7.1182],[7.4176,7.1138],[7.3982,7.1137],[7.386,7.1093],[7.3753,7.0921],[7.3671,7.0648],[7.3668,7.0399],[7.3281,7.0245],[7.3298,7.0003],[7.313,6.9997],[7.2933,6.9942],[7.2578,6.9808],[7.2413,6.9713],[7.2381,6.9579],[7.2429,6.928],[7.235,6.9107],[7.2099,6.9028],[7.1877,6.9012],[7.1759,6.8965],[7.1704,6.8839],[7.1562,6.8831],[7.1468,6.8642],[7.12,6.8484],[7.1129,6.8374],[7.1011,6.8287],[7.0814,6.8004],[7.0601,6.7949],[7.0554,6.7862],[7.042,6.783],[7.0207,6.7893],[6.9908,6.7854],[6.9853,6.7988],[6.99,6.8232],[6.9868,6.8445],[6.9782,6.85],[6.9608,6.8409],[6.9522,6.8279],[6.949,6.7886],[6.9321,6.7677],[6.9334,6.7353],[6.9317,6.6987],[6.9565,6.71],[6.9909,6.7131],[7.0166,6.7061],[7.0463,6.6874],[7.0557,6.6965],[7.0702,6.6856],[7.1016,6.6756],[7.1291,6.6595],[7.1317,6.6434],[7.1177,6.6155],[7.1095,6.5932],[7.092,6.5758],[7.0781,6.5575],[7.0633,6.5549],[7.0554,6.5453],[7.0485,6.5274],[7.0463,6.5008],[7.0497,6.4744],[7.0363,6.4738],[7.0328,6.4516],[7.0275,6.4436],[7.0648,6.4372],[7.0888,6.4303],[7.128,6.3867],[7.1419,6.3597],[7.1603,6.3035],[7.1426,6.2891],[7.1491,6.2625],[7.1477,6.2425],[7.151,6.2326],[7.157,6.23],[7.1893,6.2395],[7.1995,6.2348],[7.2043,6.2088],[7.224,6.1914],[7.2223,6.1529],[7.2149,6.1369],[7.2237,6.1181],[7.2403,6.1138],[7.2548,6.1047],[7.2631,6.0707],[7.2731,6.0572],[7.3019,6.045],[7.3391,6.0421],[7.3763,6.04],[7.3848,6.0373],[7.397,6.0344],[7.4012,6.0171],[7.4158,6.0062],[7.4306,6.0062],[7.4515,6.0138],[7.4758,6.0124],[7.5105,6.0214],[7.5201,6.02],[7.5366,6.0081],[7.5472,5.9949],[7.5732,5.9691],[7.5891,5.9614],[7.6354,5.9433],[7.6644,5.9301],[7.6919,5.9246],[7.7048,5.9292],[7.7148,5.946],[7.7112,5.971],[7.6971,5.9887],[7.6758,6.01],[7.6683,6.0606]]]},"properties":{"state_name":"Enugu","state_pcode":"NG014"}},
{"type":"Feature","geometry":{"type":"Polygon","coordinates":[[[6.3623,6.3844],[6.3496,6.3788],[6.3363,6.3782],[6.3128,6.3673],[6.2903,6.3619],[6.2817,6.3574],[6.2466,6.3127],[6.2126,6.2792],[6.1976,6.2827],[6.1887,6.3095],[6.1805,6.3212],[6.1675,6.3315],[6.1266,6.3561],[6.113,6.3491],[6.088,6.3183],[6.0861,6.2892],[6.0766,6.2787],[6.0849,6.2635],[6.1122,6.2409],[6.1064,6.202],[6.1108,6.1812],[6.1196,6.1577],[6.1481,6.1143],[6.1638,6.0943],[6.1693,6.0825],[6.2014,6.0495],[6.2239,6.0393],[6.2566,6.0167],[6.2438,5.9674],[6.2291,5.936],[6.2176,5.9165],[6.2014,5.897],[6.1797,5.8822],[6.1519,5.8577],[6.1209,5.8397],[6.1019,5.8032],[6.0937,5.7941],[6.0736,5.7865],[6.0619,5.7751],[6.049,5.7688],[6.0398,5.7646],[6.0157,5.7643],[5.9919,5.7544],[5.9817,5.7481],[5.9586,5.7507],[5.9409,5.7464],[5.9246,5.7483],[5.9061,5.7704],[5.9026,5.7946],[5.8942,5.7986],[5.9024,5.8111],[5.9064,5.826],[5.9065,5.8439],[5.9213,5.8773],[5.8333,5.9411],[5.8353,5.9515],[5.812,5.9839],[5.7951,5.9796],[5.7642,5.9978],[5.6989,6.0336],[5.6689,6.052],[5.6575,6.0332],[5.6262,6.0288],[5.6051,6.0231],[5.5834,6.0111],[5.5713,5.9909],[5.5463,5.9854],[5.5366,5.9899],[5.5326,6.0117],[5.5235,6.0127],[5.5153,6.0219],[5.513,6.0353],[5.4914,6.0386],[5.4897,6.03],[5.4655,6.0278],[5.4562,6.0224],[5.4521,6.0343],[5.4425,6.0406],[5.4275,6.0307],[5.4311,6.0088],[5.4154,6.0081],[5.4112,6.0202],[5.3882,6.0178],[5.3657,6.0197],[5.3422,6.0162],[5.3274,6.0183],[5.323,6.0053],[5.327,5.9827],[5.3365,5.9844],[5.3452,5.9753],[5.3587,5.9696],[5.3261,5.9418],[5.3151,5.9347],[5.3043,5.9196],[5.2913,5.9122],[5.2752,5.9092],[5.2697,5.9189],[5.2682,5.9392],[5.2561,5.9501],[5.2491,5.9701],[5.2478,5.9866],[5.265,6.0438],[5.2702,6.0543],[5.2565,6.0652],[5.2389,6.0624],[5.2337,6.0736],[5.2313,6.1012],[5.2337,6.1124],[5.2174,6.1363],[5.2226,6.1487],[5.2094,6.1535],[5.184,6.1474],[5.1794,6.159],[5.1687,6.1636],[5.1615,6.1427],[5.1455,6.1416],[5.1351,6.1698],[5.127,6.1639],[5.1011,6.1249],[5.0759,6.078],[5.0417,6.0051],[5.0164,5.9486],[4.9992,5.9218],[4.9839,5.8985],[5.0303,5.8257],[5.0399,5.8035],[5.0495,5.7887],[5.0656,5.7804],[5.073,5.7822],[5.0847,5.7687],[5.0804,5.7526],[5.0869,5.7256],[5.1121,5.6899],[5.1186,5.6656],[5.1315,5.6377],[5.1563,5.6099],[5.1774,5.5944],[5.1933,5.5795],[5.1793,5.5681],[5.1644,5.5412],[5.1703,5.5302],[5.1912,5.5049],[5.2101,5.4764],[5.2303,5.4569],[5.2559,5.4377],[5.2938,5.4231],[5.3248,5.4064],[5.3283,5.3835],[5.3258,5.3598],[5.3301,5.3472],[5.3307,5.3224],[5.3544,5.2453],[5.3617,5.1923],[5.3556,5.1796],[5.3694,5.1628],[5.38,5.144],[5.3904,5.1342],[5.4285,5.1416],[5.4365,5.1414],[5.4698,5.1232],[5.4725,5.1123],[5.4675,5.1017],[5.4705,5.0932],[5.4851,5.0904],[5.5029,5.0925],[5.5116,5.0883],[5.5241,5.0688],[5.5509,5.0556],[5.5846,5.0552],[5.5909,5.0434],[5.6197,5.0347],[5.6329,5.0184],[5.6479,5.0118],[5.6636,5.0151],[5.6667,5.0283],[5.6756,5.0299],[5.6912,5.0242],[5.7103,5.0238],[5.7194,5.0309],[5.7306,5.0545],[5.752,5.0537],[5.7642,5.0642],[5.779,5.058],[5.7881,5.0725],[5.7913,5.0858],[5.8036,5.0819],[5.8141,5.0845],[5.8226,5.0758],[5.8401,5.0831],[5.8409,5.0676],[5.8483,5.0665],[5.8574,5.0774],[5.8695,5.0711],[5.8776,5.0914],[5.8814,5.1095],[5.8853,5.1],[5.9145,5.1081],[5.9164,5.1315],[5.9269,5.1399],[5.9278,5.1607],[5.9461,5.1642],[5.9605,5.1572],[5.9749,5.1375],[5.9809,5.1306],[6.0045,5.1037],[6.0272,5.0957],[6.055,5.0972],[6.0623,5.103],[6.0634,5.1232],[6.0696,5.1413],[6.0858,5.1508],[6.0979,5.1499],[6.1297,5.1293],[6.1437,5.1348],[6.1547,5.1517],[6.1659,5.1611],[6.1909,5.1586],[6.2007,5.1695],[6.2023,5.1793],[6.1942,5.2167],[6.2021,5.2318],[6.2133,5.2387],[6.2335,5.2382],[6.2594,5.2279],[6.279,5.2289],[6.293,5.2388],[6.2838,5.2665],[6.2877,5.2837],[6.3064,5.303],[6.3254,5.3065],[6.3388,5.3199],[6.3476,5.3205],[6.3804,5.309],[6.4089,5.3048],[6.426,5.3112],[6.4345,5.3233],[6.4502,5.3276],[6.4731,5.3219],[6.4902,5.324],[6.5026,5.3389],[6.4959,5.3697],[6.4855,5.3792],[6.4766,5.4041],[6.4831,5.4206],[6.5088,5.4257],[6.5245,5.4387],[6.5348,5.459],[6.5382,5.4758],[6.5308,5.532],[6.5426,5.5492],[6.5689,5.5534],[6.5848,5.5617],[6.601,5.5969],[6.6038,5.6149],[6.6176,5.6315],[6.6213,5.6426],[6.6065,5.6702],[6.6066,5.68],[6.614,5.6907],[6.6183,5.7169],[6.6261,5.7236],[6.6336,5.73],[6.6549,5.7715],[6.6508,5.8171],[6.6609,5.8565],[6.6737,5.8824],[6.6883,5.8969],[6.7038,5.9268],[6.7132,5.9567],[6.7199,5.9921],[6.7265,6.0289],[6.7251,6.0463],[6.7093,6.078],[6.7221,6.0975],[6.7492,6.1137],[6.7558,6.1233],[6.7648,6.1558],[6.7694,6.168],[6.7629,6.1854],[6.7537,6.1928],[6.7427,6.2094],[6.731,6.2391],[6.725,6.2658],[6.7192,6.3],[6.7128,6.3534],[6.6998,6.3817],[6.6949,6.4066],[6.6818,6.4557],[6.6739,6.4683],[6.6689,6.5012],[6.6463,6.4887],[6.6327,6.4893],[6.6088,6.4995],[6.5755,6.4951],[6.5402,6.492],[6.5233,6.4875],[6.5096,6.4758],[6.5022,6.464],[6.4805,6.4478],[6.4662,6.4409],[6.4454,6.4252],[6.4313,6.4068],[6.4127,6.396],[6.3702,6.3833],[6.3623,6.3844]]]},"properties":{"state_name":"Delta","state_pcode":"NG010"}},
{"type":"Feature","geometry":{"type":"Polygon","coordinates":[[[5.7302,12.286],[5.7261,12.271],[5.7103,12.2674],[5.683,12.2771],[5.6733,12.2885],[5.6531,12.292],[5.631,12.2885],[5.6125,12.2744],[5.5843,12.2727],[5.5411,12.2725],[5.524,12.2615],[5.4758,12.2524],[5.4376,12.2534],[5.4102,12.2591],[5.3502,12.2665],[5.3271,12.2725],[5.2929,12.2786],[5.2704,12.2817],[5.2314,12.3041],[5.2145,12.3076],[5.1884,12.3045],[5.162,12.2828],[5.1212,12.2789],[5.0689,12.2775],[5.0247,12.2906],[4.9976,12.3007],[4.9815,12.3007],[4.9725,12.2926],[4.9564,12.2705],[4.9511,12.2493],[4.9524,12.2183],[4.9574,12.16],[4.9564,12.1078],[4.9564,12.0294],[4.9474,11.936],[4.9484,11.8968],[4.9444,11.8808],[4.9415,11.8424],[4.9222,11.8],[4.9193,11.7771],[4.9285,11.7408],[4.9429,11.7325],[4.9694,11.7367],[4.977,11.7413],[5.0039,11.739],[5.0157,11.7289],[5.0342,11.7315],[5.0756,11.7237],[5.0998,11.7282],[5.1174,11.7198],[5.1389,11.7221],[5.1488,11.7336],[5.1711,11.7413],[5.1749,11.7582],[5.1634,11.7727],[5.1726,11.7835],[5.2048,11.7704],[5.2094,11.7605],[5.2217,11.7543],[5.2348,11.7697],[5.28,11.7704],[5.2984,11.7865],[5.3047,11.7843],[5.3107,11.7704],[5.3184,11.7666],[5.3306,11.7467],[5.3306,11.739],[5.3414,11.729],[5.346,11.7121],[5.3529,11.7045],[5.3628,11.7098],[5.3889,11.7075],[5.4081,11.7029],[5.4311,11.7045],[5.4503,11.6976],[5.458,11.6723],[5.4697,11.6686],[5.5118,11.6686],[5.5243,11.6629],[5.5416,11.6657],[5.555,11.6753],[5.5598,11.6859],[5.5933,11.6696],[5.6461,11.6629],[5.6585,11.6686],[5.672,11.66],[5.6921,11.6676],[5.7113,11.682],[5.7247,11.6849],[5.7305,11.6945],[5.7448,11.6811],[5.7573,11.682],[5.7659,11.6935],[5.7822,11.6763],[5.8193,11.6494],[5.8279,11.6464],[5.8393,11.6338],[5.8429,11.6101],[5.8404,11.5907],[5.8234,11.5652],[5.8172,11.5362],[5.8166,11.5136],[5.82,11.4955],[5.827,11.4797],[5.8563,11.4795],[5.9176,11.4903],[5.9665,11.4899],[5.9922,11.487],[6.0091,11.4804],[6.0211,11.4694],[6.0299,11.4541],[6.0663,11.4187],[6.1306,11.3745],[6.1494,11.3458],[6.155,11.3091],[6.1289,11.2537],[6.0624,11.2427],[6.0545,11.24],[6.036,11.2215],[6.0229,11.1977],[6.0177,11.1819],[6.0085,11.141],[6.0159,11.138],[6.0263,11.1139],[6.0263,11.101],[6.0327,11.0753],[6.0528,11.0432],[6.0648,11.0319],[6.1146,11.0014],[6.146,10.9572],[6.1524,10.9299],[6.1596,10.9259],[6.1604,10.9026],[6.1644,10.8729],[6.1613,10.8661],[6.189,10.8716],[6.2012,10.8634],[6.2175,10.8885],[6.2263,10.8953],[6.2236,10.9109],[6.2283,10.919],[6.2338,10.9455],[6.2453,10.9482],[6.2636,10.9658],[6.2772,10.9658],[6.2826,10.9774],[6.3091,11.0093],[6.3226,11.0174],[6.3457,11.0235],[6.3639,11.02],[6.3749,11.031],[6.3925,11.0337],[6.4115,11.0303],[6.42,11.0141],[6.4393,10.9984],[6.4468,11.0038],[6.4637,11.0011],[6.4718,11.0215],[6.4868,11.0201],[6.5078,11.0133],[6.5173,11.0262],[6.5485,11.0282],[6.5756,11.0235],[6.5953,11.0411],[6.6068,11.0472],[6.6455,11.0486],[6.6679,11.0622],[6.676,11.0574],[6.6916,11.073],[6.6869,11.0906],[6.7065,11.0954],[6.716,11.1062],[6.7079,11.1144],[6.714,11.1313],[6.7296,11.1436],[6.7316,11.1612],[6.7425,11.1745],[6.733,11.2019],[6.7435,11.2168],[6.7455,11.2433],[6.7611,11.269],[6.7835,11.2812],[6.8086,11.3002],[6.8162,11.31],[6.8284,11.3075],[6.8479,11.3254],[6.8552,11.3368],[6.8642,11.3401],[6.8747,11.3645],[6.8886,11.3807],[6.8869,11.4312],[6.9073,11.4751],[6.8959,11.5052],[6.9073,11.5296],[6.904,11.5532],[6.8761,11.5744],[6.8674,11.5776],[6.8544,11.5952],[6.852,11.6207],[6.8552,11.6419],[6.8658,11.663],[6.869,11.6785],[6.8894,11.7264],[6.8902,11.7793],[6.8967,11.7948],[6.916,11.8026],[6.9261,11.7977],[6.9499,11.8077],[6.9847,11.8115],[7.0163,11.8175],[7.0219,11.8091],[7.0545,11.8009],[7.0724,11.8086],[7.0763,11.8193],[7.1064,11.8311],[7.1178,11.8542],[7.1411,11.8786],[7.1436,11.9111],[7.1549,11.9176],[7.1647,11.9119],[7.1997,11.9062],[7.2187,11.9111],[7.2306,11.9184],[7.235,11.9274],[7.2419,11.9333],[7.2347,11.9461],[7.2265,11.9461],[7.2168,11.9583],[7.2094,11.9851],[7.1533,12.0095],[7.1436,12.0152],[7.1061,12.0453],[7.0907,12.064],[7.1152,12.0905],[7.1261,12.1135],[7.1419,12.1372],[7.1501,12.1592],[7.1525,12.1844],[7.1415,12.2259],[7.1294,12.2501],[7.1047,12.2951],[7.1043,12.2973],[7.0992,12.3332],[7.0927,12.3601],[7.0683,12.4113],[7.0594,12.4886],[7.0537,12.5163],[7.05,12.5732],[7.0512,12.5894],[7.046,12.6196],[7.0472,12.6377],[7.0427,12.6659],[7.0419,12.6928],[7.0313,12.7505],[7.0284,12.788],[7.0289,12.8172],[7.0232,12.8319],[7.0289,12.879],[7.0342,12.8929],[7.0391,12.9292],[7.05,12.9721],[7.0477,12.9991],[7.0138,12.9913],[6.9788,12.9921],[6.9276,12.9905],[6.9105,13.0133],[6.8731,13.0531],[6.8219,13.1149],[6.8015,13.1426],[6.7925,13.161],[6.776,13.1475],[6.768,13.1361],[6.7516,13.1269],[6.7421,13.117],[6.7257,13.1121],[6.6975,13.0991],[6.6827,13.0839],[6.6553,13.0774],[6.64,13.0702],[6.6073,13.0668],[6.5848,13.0751],[6.5662,13.0759],[6.5285,13.0848],[6.5039,13.0951],[6.4426,13.1127],[6.4213,13.1235],[6.4061,13.1254],[6.3836,13.1452],[6.3551,13.1536],[6.3459,13.1528],[6.3174,13.1582],[6.2896,13.1589],[6.2702,13.1562],[6.2603,13.1315],[6.2577,13.1011],[6.2618,13.0901],[6.2543,13.0315],[6.2453,13.0281],[6.2198,13.0425],[6.2053,13.0553],[6.1888,13.066],[6.1661,13.0687],[6.1516,13.0749],[6.1316,13.0722],[6.102,13.0598],[6.0723,13.0398],[6.0279,13.0213],[6.0203,13.0085],[6.0247,12.9929],[6.0261,12.9708],[6.0401,12.9384],[6.0357,12.9221],[6.0101,12.9048],[6.008,12.8851],[6.0179,12.8361],[6.0322,12.787],[6.0455,12.7541],[6.0357,12.7424],[6.021,12.7368],[6.0042,12.7424],[5.9874,12.7543],[5.9671,12.7613],[5.951,12.7627],[5.923,12.7711],[5.895,12.7872],[5.8782,12.804],[5.853,12.8194],[5.8376,12.8341],[5.8131,12.8397],[5.7409,12.8233],[5.7052,12.802],[5.6894,12.7651],[5.6851,12.7313],[5.6858,12.7137],[5.7054,12.6521],[5.7285,12.5905],[5.7333,12.5604],[5.7452,12.531],[5.7528,12.5064],[5.751,12.4698],[5.754,12.465],[5.7648,12.4239],[5.759,12.3434],[5.7418,12.3324],[5.7438,12.3255],[5.7372,12.304],[5.7302,12.286]]]},"properties":{"state_name":"Zamfara","state_pcode":"NG037"}},
{"type":"Feature","geometry":{"type":"Polygon","coordinates":[[[11.7798,8.6094],[11.7895,8.6436],[11.7971,8.6641],[11.8099,8.6801],[11.8263,8.7201],[11.831,8.7407],[11.8614,8.8035],[11.8741,8.8138],[11.8998,8.8572],[11.9033,8.8698],[11.9034,8.8915],[11.899,8.9259],[11.8933,8.9453],[11.876,8.9763],[11.8565,9.0026],[11.8311,9.0084],[11.7918,9.0199],[11.7675,9.0337],[11.7525,9.0497],[11.7352,9.0533],[11.7296,9.0617],[11.7103,9.0712],[11.7068,9.0745],[11.6949,9.1068],[11.6954,9.1328],[11.6985,9.1438],[11.7026,9.1608],[11.6995,9.1901],[11.7001,9.2101],[11.6836,9.2341],[11.6705,9.2531],[11.6608,9.2782],[11.6391,9.3187],[11.6222,9.3371],[11.5963,9.3792],[11.5573,9.3809],[11.541,9.3926],[11.5345,9.4032],[11.5259,9.4078],[11.5063,9.434],[11.4974,9.4405],[11.4843,9.4641],[11.47,9.4773],[11.4515,9.5059],[11.4416,9.5332],[11.4296,9.5496],[11.4057,9.5445],[11.3693,9.5475],[11.3203,9.5489],[11.278,9.5473],[11.2547,9.5543],[11.2271,9.5694],[11.1919,9.5581],[11.1613,9.551],[11.0709,9.5512],[11.0355,9.5487],[11.0082,9.5521],[10.9924,9.5593],[10.9781,9.5746],[10.9749,9.5929],[10.9456,9.5939],[10.9055,9.6077],[10.9001,9.6126],[10.876,9.6167],[10.8382,9.6185],[10.7838,9.6108],[10.7704,9.605],[10.7312,9.5652],[10.716,9.5593],[10.6843,9.5423],[10.6724,9.5401],[10.6464,9.5476],[10.6029,9.5629],[10.5891,9.564],[10.5691,9.5527],[10.5211,9.5177],[10.5163,9.5106],[10.5185,9.5038],[10.5417,9.4823],[10.5661,9.4653],[10.5789,9.4388],[10.5784,9.4098],[10.5692,9.3998],[10.56,9.3897],[10.5666,9.3726],[10.5599,9.3511],[10.5781,9.3326],[10.5809,9.3134],[10.5778,9.2979],[10.5801,9.2458],[10.5966,9.2234],[10.5999,9.196],[10.6105,9.1895],[10.6104,9.1757],[10.6177,9.1413],[10.6337,9.1305],[10.6361,9.119],[10.6225,9.094],[10.6379,9.0818],[10.6374,9.0558],[10.6298,9.0364],[10.6272,9.019],[10.6063,8.9921],[10.5967,8.9761],[10.5662,8.9696],[10.5098,8.9687],[10.4638,8.9632],[10.4202,8.944],[10.3972,8.9239],[10.3805,8.9145],[10.3691,8.9019],[10.3411,8.8798],[10.3251,8.8566],[10.3051,8.8453],[10.2919,8.8344],[10.2456,8.8044],[10.2357,8.7921],[10.2241,8.7846],[10.1881,8.7484],[10.1803,8.7325],[10.1164,8.6725],[10.0972,8.6457],[10.0662,8.6132],[10.0518,8.5917],[10.008,8.553],[9.9978,8.5409],[9.9713,8.5206],[9.9501,8.4989],[9.9203,8.4786],[9.8909,8.4478],[9.8694,8.4313],[9.856,8.4255],[9.8214,8.4028],[9.7567,8.3673],[9.7111,8.3733],[9.6644,8.3828],[9.6215,8.389],[9.6183,8.3778],[9.624,8.3606],[9.6222,8.3496],[9.612,8.3502],[9.6138,8.3178],[9.6175,8.3029],[9.6097,8.2913],[9.5922,8.2967],[9.5469,8.305],[9.518,8.3021],[9.4832,8.3061],[9.4202,8.3324],[9.3897,8.3491],[9.377,8.35],[9.3633,8.3405],[9.3425,8.2837],[9.3255,8.2638],[9.3234,8.2535],[9.3296,8.2363],[9.3712,8.2151],[9.3905,8.2018],[9.4058,8.1872],[9.4118,8.1769],[9.4063,8.1653],[9.3869,8.1488],[9.3919,8.1328],[9.3926,8.1018],[9.4034,8.0801],[9.414,8.0711],[9.4154,8.0619],[9.4041,8.0456],[9.346,8.0019],[9.3355,7.9855],[9.2811,7.9559],[9.2507,7.9447],[9.2204,7.9265],[9.1791,7.9081],[9.1832,7.8957],[9.1722,7.8866],[9.1625,7.8691],[9.15,7.8599],[9.1243,7.8269],[9.1157,7.8084],[9.1203,7.7933],[9.1302,7.788],[9.1902,7.8104],[9.2251,7.8183],[9.2726,7.8229],[9.3148,7.8348],[9.3866,7.8447],[9.3971,7.8447],[9.4339,7.8588],[9.4427,7.8707],[9.459,7.8805],[9.5036,7.8934],[9.5417,7.8945],[9.57,7.8988],[9.6244,7.8715],[9.6581,7.8455],[9.7635,7.7661],[9.7982,7.7269],[9.845,7.7008],[9.8635,7.686],[9.9052,7.6475],[9.9123,7.6377],[9.9052,7.6076],[9.9045,7.5724],[9.9127,7.5344],[9.9247,7.5145],[9.9212,7.5066],[9.907,7.4968],[9.8948,7.437],[9.8801,7.3991],[9.867,7.3536],[9.868,7.3406],[9.8562,7.326],[9.8408,7.2798],[9.825,7.2546],[9.8352,7.2172],[9.8346,7.1994],[9.8231,7.1682],[9.8231,7.1465],[9.8197,7.1085],[9.8154,7.1064],[9.7664,7.0663],[9.7316,7.0669],[9.6998,7.0115],[9.6892,6.9864],[9.6642,6.9357],[9.6457,6.8948],[9.6414,6.8665],[9.6487,6.7992],[9.646,6.7386],[9.6361,6.7129],[9.6223,6.6641],[9.6065,6.5718],[9.6025,6.5382],[9.5991,6.5309],[9.6317,6.5211],[9.6559,6.5303],[9.6651,6.5131],[9.6924,6.5151],[9.7065,6.512],[9.7177,6.5454],[9.7177,6.5606],[9.7227,6.5707],[9.7328,6.6051],[9.7409,6.6183],[9.748,6.6517],[9.7571,6.6517],[9.7622,6.677],[9.7612,6.6921],[9.7551,6.7043],[9.7652,6.7377],[9.7753,6.7498],[9.7713,6.762],[9.7855,6.7953],[9.7986,6.7852],[9.8067,6.7913],[9.8168,6.7883],[9.8205,6.7812],[9.8619,6.7804],[9.8738,6.7724],[9.8841,6.7732],[9.8953,6.7899],[9.9279,6.8217],[9.9557,6.844],[9.97,6.8711],[9.9987,6.8973],[10.013,6.9013],[10.0321,6.9275],[10.0623,6.9538],[10.11,6.9919],[10.1434,7.0269],[10.155,7.0414],[10.1673,7.0341],[10.1681,7.0222],[10.1792,7.0166],[10.1728,6.9975],[10.1808,6.9896],[10.184,6.9649],[10.176,6.9402],[10.2142,6.8909],[10.2277,6.8909],[10.3597,6.9053],[10.4265,6.91],[10.4337,6.914],[10.4743,6.9116],[10.4902,6.9005],[10.51,6.9196],[10.5291,6.9243],[10.545,6.945],[10.5482,6.9705],[10.5538,6.9792],[10.5609,7.0206],[10.5657,7.0373],[10.5641,7.0739],[10.5689,7.0953],[10.5713,7.1438],[10.5761,7.1598],[10.5996,7.145],[10.6042,7.1331],[10.6079,7.102],[10.6024,7.0736],[10.6317,7.0498],[10.6527,7.0452],[10.6628,7.0525],[10.6848,7.0379],[10.6857,7.0186],[10.7068,7.0076],[10.7168,6.9912],[10.7361,6.9893],[10.7498,6.971],[10.7681,6.9536],[10.7791,6.9664],[10.7901,6.96],[10.8066,6.9591],[10.8102,6.9509],[10.8348,6.9401],[10.8418,6.9311],[10.817,6.8631],[10.824,6.83],[10.8392,6.811],[10.8505,6.8062],[10.8597,6.8099],[10.8826,6.7906],[10.8899,6.7705],[10.8981,6.7604],[10.9137,6.7659],[10.9172,6.7461],[10.9146,6.7357],[10.9183,6.7082],[10.9485,6.6853],[10.9522,6.6927],[10.9888,6.6844],[11.0016,6.6853],[11.0318,6.7137],[11.0767,6.7128],[11.106,6.6808],[11.1005,6.6423],[11.0996,6.6075],[11.1005,6.57],[11.0987,6.5489],[11.102,6.5402],[11.1307,6.5388],[11.1426,6.5471],[11.149,6.5599],[11.1631,6.563],[11.193,6.5398],[11.2342,6.5331],[11.2402,6.5245],[11.2622,6.5262],[11.273,6.5373],[11.2841,6.5371],[11.3047,6.5251],[11.3248,6.5086],[11.3532,6.5022],[11.3564,6.5242],[11.4008,6.5297],[11.4246,6.5306],[11.4329,6.5617],[11.432,6.5764],[11.4265,6.5892],[11.4338,6.599],[11.4512,6.6011],[11.4631,6.6093],[11.4722,6.6011],[11.4909,6.597],[11.5098,6.6093],[11.5217,6.6093],[11.5235,6.6267],[11.5308,6.6423],[11.5427,6.657],[11.5546,6.6643],[11.5565,6.6808],[11.5528,6.6963],[11.5574,6.7152],[11.5643,6.7244],[11.5877,6.7341],[11.5904,6.7421],[11.5858,6.7595],[11.5757,6.7723],[11.583,6.7925],[11.5994,6.8012],[11.5986,6.8126],[11.583,6.8172],[11.585,6.8331],[11.5742,6.8527],[11.559,6.8518],[11.5594,6.8666],[11.5678,6.8763],[11.5715,6.8904],[11.5799,6.9038],[11.59,6.9095],[11.6143,6.9143],[11.6197,6.9236],[11.6254,6.9539],[11.626,6.9721],[11.6381,6.9864],[11.6607,6.99],[11.6618,6.9967],[11.6801,7.0058],[11.6936,7.0272],[11.7158,7.0333],[11.7154,7.0549],[11.7364,7.061],[11.7466,7.0583],[11.771,7.0671],[11.7973,7.0608],[11.8193,7.058],[11.8357,7.0653],[11.8486,7.0846],[11.8171,7.1492],[11.811,7.181],[11.8029,7.2482],[11.8049,7.2733],[11.8144,7.3126],[11.8226,7.3323],[11.8443,7.3675],[11.854,7.3787],[11.8444,7.3985],[11.8318,7.4169],[11.8099,7.4421],[11.7961,7.4547],[11.7719,7.4879],[11.7629,7.5406],[11.7678,7.5826],[11.7661,7.6149],[11.7727,7.6515],[11.7694,7.6824],[11.758,7.7248],[11.7477,7.7443],[11.735,7.758],[11.7142,7.7741],[11.7039,7.7856],[11.6877,7.7959],[11.6717,7.828],[11.6567,7.8475],[11.6464,7.8658],[11.6245,7.8842],[11.5783,7.906],[11.5516,7.9033],[11.5412,7.8924],[11.5259,7.8455],[11.5142,7.8158],[11.5002,7.7998],[11.4898,7.7998],[11.4806,7.8124],[11.4725,7.8159],[11.4656,7.8285],[11.4438,7.8537],[11.4116,7.8984],[11.3932,7.9385],[11.3725,7.9648],[11.3542,7.9969],[11.3507,8.0118],[11.3415,8.0187],[11.3497,8.0438],[11.3626,8.0644],[11.3719,8.0712],[11.3905,8.0929],[11.4079,8.1066],[11.4335,8.1317],[11.4776,8.1694],[11.5044,8.1945],[11.523,8.215],[11.5463,8.2459],[11.5661,8.2847],[11.5778,8.3042],[11.5895,8.3316],[11.6012,8.3522],[11.6221,8.3762],[11.6512,8.4264],[11.6745,8.4481],[11.6896,8.4572],[11.7302,8.4709],[11.7662,8.504],[11.7802,8.5142],[11.7964,8.5462],[11.7794,8.5978],[11.7798,8.6094]]]},"properties":{"state_name":"Taraba","state_pcode":"NG035"}},
{"type":"Feature","geometry":{"type":"Polygon","coordinates":[[[4.495,8.1228],[4.5056,8.092],[4.5335,8.0716],[4.569,8.0548],[4.5981,8.0639],[4.6217,8.0757],[4.6339,8.0715],[4.6373,8.0536],[4.6484,8.0536],[4.6656,8.0433],[4.6873,8.057],[4.7044,8.0482],[4.7117,8.0597],[4.7212,8.0642],[4.7548,8.065],[4.7662,8.0681],[4.793,8.0665],[4.7995,8.065],[4.8186,8.0536],[4.8434,8.062],[4.8575,8.0726],[4.8541,8.0955],[4.9132,8.0856],[4.9269,8.0799],[4.9497,8.0555],[4.9567,8.0535],[4.9669,8.0467],[4.9734,8.0181],[4.9893,8.034],[5.002,8.0341],[5.01,8.0501],[5.0397,8.0719],[5.0496,8.0646],[5.0549,8.0492],[5.0576,8.0395],[5.0844,8.0242],[5.1037,8.0326],[5.1059,8.0486],[5.1179,8.0626],[5.1423,8.0619],[5.1626,8.0495],[5.1819,8.0363],[5.1958,8.0182],[5.2308,8.022],[5.2445,8.0205],[5.2624,8.0129],[5.2829,8.0085],[5.3177,8.0077],[5.3324,8.0096],[5.352,8.0257],[5.3592,8.0361],[5.3614,8.0434],[5.3587,8.0739],[5.364,8.0905],[5.3873,8.1021],[5.4212,8.1055],[5.4491,8.1059],[5.498,8.1107],[5.5045,8.1238],[5.518,8.1312],[5.5327,8.1468],[5.5367,8.1564],[5.5397,8.1907],[5.527,8.2048],[5.4882,8.2083],[5.4662,8.2025],[5.4575,8.2064],[5.4188,8.2355],[5.4223,8.2512],[5.4184,8.2838],[5.3971,8.292],[5.3723,8.2742],[5.3567,8.2747],[5.3532,8.2868],[5.3532,8.3099],[5.3323,8.3312],[5.3245,8.3338],[5.3215,8.3411],[5.3419,8.3752],[5.3726,8.4092],[5.3966,8.4383],[5.4124,8.4524],[5.4331,8.4665],[5.4464,8.4797],[5.4766,8.4999],[5.4962,8.529],[5.5132,8.5385],[5.5241,8.5369],[5.5444,8.5231],[5.5542,8.5125],[5.5745,8.506],[5.5997,8.4889],[5.6429,8.4629],[5.6882,8.4529],[5.7047,8.4458],[5.7486,8.4377],[5.7827,8.4279],[5.8055,8.4255],[5.8185,8.4271],[5.8494,8.4223],[5.9121,8.4239],[5.9568,8.4084],[5.9909,8.4019],[6.0137,8.4003],[6.0406,8.393],[6.0601,8.3938],[6.0827,8.4018],[6.0975,8.4141],[6.1113,8.4312],[6.1131,8.4415],[6.1138,8.4613],[6.1251,8.5556],[6.1479,8.5963],[6.1626,8.6378],[6.1699,8.663],[6.2085,8.7324],[6.1853,8.7297],[6.1691,8.7215],[6.1495,8.7207],[6.1316,8.7516],[6.1146,8.7581],[6.0845,8.7606],[6.0332,8.759],[5.9999,8.7516],[5.9787,8.75],[5.9747,8.7565],[5.9283,8.7427],[5.9015,8.75],[5.8868,8.7468],[5.7958,8.7419],[5.7746,8.7533],[5.7421,8.798],[5.7282,8.82],[5.7128,8.8289],[5.6916,8.8281],[5.6656,8.8305],[5.642,8.8354],[5.6193,8.8525],[5.6014,8.8769],[5.5631,8.8988],[5.5436,8.9167],[5.5396,8.9306],[5.5254,8.9401],[5.5119,8.9442],[5.4739,8.9476],[5.4576,8.9686],[5.425,8.9788],[5.4081,8.9788],[5.3911,8.9828],[5.3701,8.9964],[5.3484,8.9984],[5.3233,8.9923],[5.2866,9.01],[5.2724,9.0147],[5.2378,9.0188],[5.209,9.0351],[5.1968,9.0541],[5.1717,9.0873],[5.1595,9.107],[5.1079,9.1355],[5.0652,9.1626],[5.0482,9.1877],[5.0163,9.2053],[4.9967,9.2074],[4.9716,9.2006],[4.9621,9.1931],[4.9112,9.1714],[4.8861,9.1673],[4.8761,9.1576],[4.8481,9.1412],[4.8282,9.1342],[4.8105,9.1364],[4.7853,9.1353],[4.7646,9.1499],[4.7519,9.1799],[4.7519,9.1995],[4.7572,9.2244],[4.7545,9.2479],[4.7375,9.2689],[4.7139,9.2781],[4.6851,9.2925],[4.6393,9.3082],[4.6171,9.3304],[4.6097,9.3618],[4.5784,9.3881],[4.5012,9.4404],[4.4436,9.5098],[4.3872,9.5622],[4.3506,9.5884],[4.2825,9.6945],[4.2065,9.7822],[4.1712,9.8202],[4.1529,9.8621],[4.1411,9.8608],[4.128,9.8516],[4.1227,9.8608],[4.1241,9.8752],[4.1149,9.8817],[4.0952,9.8778],[4.0952,9.8673],[4.0835,9.8516],[4.0704,9.8568],[4.0573,9.8568],[4.052,9.8634],[4.0389,9.8647],[4.0219,9.8568],[4.0167,9.8686],[4.0114,9.8987],[4.0023,9.9066],[3.9853,9.8935],[3.98,9.9066],[3.946,9.9079],[3.9362,9.9161],[3.9345,9.9275],[3.9591,9.9341],[3.9705,9.9488],[3.9591,9.9603],[3.9411,9.9619],[3.9411,9.9766],[3.9525,9.9783],[3.9492,9.9914],[3.9345,9.9996],[3.9214,9.9996],[3.91,9.9897],[3.887,9.9881],[3.8903,10.0159],[3.9034,10.0192],[3.8641,10.0503],[3.851,10.0552],[3.833,10.047],[3.8233,10.0543],[3.818,10.0668],[3.7991,10.0712],[3.7846,10.0625],[3.7802,10.0523],[3.7882,10.0384],[3.7751,10.0333],[3.7715,10.0472],[3.7503,10.0683],[3.7431,10.0843],[3.7365,10.0683],[3.7307,10.0683],[3.7154,10.0894],[3.7147,10.1018],[3.7074,10.1171],[3.7074,10.1433],[3.703,10.1527],[3.6885,10.1615],[3.6764,10.1786],[3.679,10.1666],[3.671,10.1258],[3.6601,10.1025],[3.6477,10.1025],[3.6258,10.0923],[3.6106,10.0646],[3.612,10.0231],[3.6069,9.97],[3.6004,9.954],[3.5632,9.9169],[3.564,9.8972],[3.5516,9.8805],[3.5268,9.8608],[3.4992,9.8557],[3.4679,9.8637],[3.4184,9.8499],[3.3536,9.8237],[3.3317,9.8026],[3.3237,9.78],[3.3244,9.7596],[3.3521,9.6984],[3.3485,9.6861],[3.3172,9.6599],[3.307,9.6577],[3.2888,9.6613],[3.2677,9.6577],[3.2567,9.6424],[3.2538,9.6133],[3.2502,9.6031],[3.2327,9.5747],[3.2109,9.547],[3.1912,9.5106],[3.1585,9.4939],[3.1461,9.48],[3.1315,9.4516],[3.1315,9.4371],[3.1446,9.3905],[3.1534,9.3694],[3.1512,9.3344],[3.1534,9.3046],[3.1585,9.2857],[3.1461,9.2682],[3.1293,9.2587],[3.1213,9.2391],[3.1206,9.1888],[3.1097,9.1641],[3.0944,9.1393],[3.0878,9.1029],[3.0784,9.0956],[3.0165,9.076],[2.9866,9.0716],[2.9648,9.0796],[2.9546,9.0913],[2.9124,9.0891],[2.8862,9.0767],[2.8782,9.0636],[2.8643,9.0629],[2.8279,9.0658],[2.7799,9.0651],[2.7835,9.0461],[2.7828,9.0148],[2.7792,8.9923],[2.7872,8.9631],[2.7719,8.9537],[2.7806,8.9435],[2.7704,8.9187],[2.7588,8.9064],[2.7719,8.8998],[2.7697,8.8707],[2.7595,8.8649],[2.7595,8.8212],[2.7624,8.8059],[2.7398,8.7979],[2.7296,8.7739],[2.7311,8.7622],[2.7471,8.7375],[2.7442,8.72],[2.7493,8.7018],[2.7377,8.6574],[2.75,8.637],[2.7504,8.5787],[2.7581,8.5612],[2.7612,8.5701],[2.7762,8.5904],[2.8024,8.6104],[2.8884,8.6088],[2.9207,8.6119],[2.9422,8.638],[3.0145,8.7103],[3.0514,8.7287],[3.1036,8.7502],[3.1636,8.8086],[3.1836,8.8117],[3.1974,8.7963],[3.2374,8.7825],[3.2819,8.804],[3.3388,8.8256],[3.388,8.8425],[3.4213,8.8634],[3.5248,8.9285],[3.6038,8.9601],[3.6555,8.9808],[3.6822,8.9942],[3.72,9.0131],[3.7431,9.0469],[3.7523,9.0869],[3.7538,9.1207],[3.7707,9.1468],[3.7953,9.1653],[3.8103,9.1735],[3.8261,9.1822],[3.863,9.1883],[3.9214,9.1729],[3.9444,9.1483],[3.9721,9.0776],[3.9905,9.0484],[4.0121,9.0346],[4.072,9.0146],[4.2105,8.97],[4.2534,8.967],[4.2903,8.9916],[4.3164,8.9977],[4.329,8.9896],[4.3349,8.9808],[4.3349,8.9577],[4.321,8.9424],[4.258,8.9009],[4.2211,8.8609],[4.195,8.818],[4.1861,8.8056],[4.1826,8.786],[4.1829,8.7652],[4.1904,8.7533],[4.2134,8.6826],[4.2091,8.6807],[4.2598,8.575],[4.3676,8.3502],[4.3753,8.3182],[4.3869,8.2919],[4.4038,8.2787],[4.4214,8.2705],[4.4601,8.236],[4.4771,8.2183],[4.4839,8.2027],[4.4941,8.1667],[4.495,8.1228]]]},"properties":{"state_name":"Kwara","state_pcode":"NG024"}},
{"type":"Feature","geometry":{"type":"Polygon","coordinates":[[[10.259,12.4228],[10.2857,12.4496],[10.2962,12.4544],[10.3376,12.4656],[10.379,12.4733],[10.4166,12.4719],[10.4283,12.4663],[10.4345,12.4341],[10.451,12.424],[10.4919,12.4395],[10.5091,12.465],[10.5265,12.4813],[10.544,12.4907],[10.5615,12.4956],[10.5848,12.5074],[10.5941,12.5201],[10.5905,12.5305],[10.595,12.5425],[10.5886,12.5539],[10.5993,12.5811],[10.5957,12.6188],[10.5986,12.6422],[10.5941,12.6607],[10.5957,12.6843],[10.5925,12.696],[10.5965,12.7151],[10.5745,12.7541],[10.5733,12.7682],[10.5777,12.8069],[10.5619,12.8213],[10.5414,12.8234],[10.5242,12.8208],[10.5089,12.8249],[10.4902,12.8217],[10.4606,12.8216],[10.4425,12.8357],[10.4056,12.8437],[10.3915,12.8527],[10.3668,12.8617],[10.3345,12.8588],[10.299,12.847],[10.2722,12.8409],[10.2522,12.8441],[10.2475,12.851],[10.2534,12.861],[10.274,12.8674],[10.2767,12.8753],[10.2716,12.8997],[10.2817,12.9332],[10.2779,12.9654],[10.2535,13.006],[10.2548,13.0121],[10.24,13.0145],[10.23,13.0106],[10.2179,13.0197],[10.2006,13.0192],[10.1776,13.0071],[10.1471,12.9871],[10.1074,12.9944],[10.0844,12.9878],[10.0705,12.9803],[10.0083,12.9683],[9.9753,12.9503],[9.9528,12.9493],[9.9398,12.939],[9.9065,12.8734],[9.8926,12.8548],[9.8741,12.8373],[9.8333,12.8218],[9.7998,12.8145],[9.7581,12.8094],[9.7265,12.8121],[9.7004,12.8121],[9.6581,12.8091],[9.6474,12.8036],[9.5828,12.8073],[9.565,12.8067],[9.4947,12.81],[9.436,12.8188],[9.4292,12.8219],[9.3899,12.8225],[9.3813,12.8187],[9.3408,12.8144],[9.3123,12.8112],[9.2871,12.8125],[9.2467,12.8245],[9.2255,12.8283],[9.1809,12.8277],[9.1607,12.8337],[9.0452,12.8372],[9.0497,12.8252],[9.0371,12.8145],[8.9808,12.8196],[8.9704,12.8102],[8.9676,12.7913],[8.9569,12.7559],[8.9478,12.7462],[8.9431,12.7323],[8.9139,12.7051],[8.9025,12.7032],[8.8718,12.6876],[8.8471,12.6822],[8.8298,12.6929],[8.8154,12.6905],[8.808,12.6798],[8.7927,12.6759],[8.7763,12.688],[8.7561,12.6754],[8.7328,12.6778],[8.7267,12.6876],[8.715,12.6982],[8.7016,12.703],[8.6942,12.6909],[8.6771,12.7052],[8.6509,12.7303],[8.6121,12.7335],[8.6074,12.7404],[8.6097,12.7531],[8.5957,12.7667],[8.6003,12.7864],[8.5908,12.8117],[8.5567,12.8299],[8.5366,12.8341],[8.4956,12.8345],[8.4886,12.8363],[8.455,12.8261],[8.4337,12.8161],[8.3995,12.8268],[8.3772,12.8252],[8.3502,12.8342],[8.3302,12.8445],[8.3232,12.8404],[8.2938,12.8396],[8.2803,12.8433],[8.2593,12.8385],[8.2386,12.8381],[8.232,12.8347],[8.2066,12.839],[8.1872,12.8392],[8.1711,12.8333],[8.1624,12.8191],[8.1679,12.8041],[8.173,12.795],[8.1746,12.7661],[8.1671,12.755],[8.1661,12.7431],[8.1509,12.7169],[8.15,12.7013],[8.1424,12.6701],[8.1464,12.6632],[8.1616,12.6624],[8.1933,12.6523],[8.2062,12.6385],[8.245,12.648],[8.252,12.6365],[8.2673,12.6355],[8.2861,12.6402],[8.292,12.6207],[8.29,12.6],[8.3053,12.588],[8.3112,12.5789],[8.3119,12.5167],[8.3167,12.5041],[8.3274,12.4927],[8.3556,12.4758],[8.3747,12.4426],[8.3831,12.4437],[8.3919,12.4808],[8.4035,12.4902],[8.4224,12.5137],[8.4311,12.5366],[8.446,12.5655],[8.4635,12.5843],[8.4993,12.586],[8.5347,12.5903],[8.5498,12.5992],[8.5646,12.5953],[8.598,12.5976],[8.6196,12.589],[8.6482,12.5952],[8.6577,12.5888],[8.687,12.5846],[8.7141,12.5734],[8.7191,12.5666],[8.712,12.548],[8.6877,12.5259],[8.6785,12.505],[8.6847,12.4763],[8.7072,12.4536],[8.7436,12.4404],[8.7644,12.4387],[8.7824,12.4268],[8.8118,12.418],[8.8165,12.4134],[8.8166,12.4054],[8.798,12.3867],[8.7876,12.3722],[8.7822,12.3512],[8.7495,12.3263],[8.7379,12.3089],[8.7224,12.2315],[8.7214,12.2165],[8.7302,12.215],[8.7401,12.2191],[8.7539,12.2388],[8.7735,12.2748],[8.7827,12.2852],[8.7944,12.2888],[8.8012,12.3073],[8.8187,12.3156],[8.8363,12.3147],[8.8435,12.2924],[8.8519,12.2768],[8.8635,12.2816],[8.8715,12.3082],[8.8913,12.3165],[8.9077,12.3167],[8.9054,12.3063],[8.8905,12.2819],[8.8897,12.2728],[8.9106,12.249],[8.9136,12.2375],[8.9274,12.2202],[8.9546,12.1963],[8.9618,12.1838],[8.968,12.1516],[8.9516,12.1445],[8.9414,12.1144],[8.9487,12.088],[8.9454,12.073],[8.9571,12.0755],[8.9686,12.0871],[8.9815,12.0896],[8.9921,12.0794],[9.0109,12.075],[9.0438,12.0795],[9.0588,12.0847],[9.0682,12.0814],[9.0887,12.031],[9.0969,12.0231],[9.1204,12.0153],[9.1357,12.0166],[9.146,12.03],[9.148,12.0651],[9.1652,12.1033],[9.1966,12.1198],[9.213,12.1189],[9.2224,12.0848],[9.223,12.0626],[9.2163,12.0268],[9.226,12.0027],[9.2512,12.0013],[9.2542,11.9927],[9.2298,11.9763],[9.2194,11.96],[9.2219,11.9463],[9.235,11.9234],[9.2388,11.9004],[9.2342,11.8923],[9.2226,11.876],[9.2075,11.8701],[9.1971,11.8527],[9.1449,11.8072],[9.1404,11.791],[9.1477,11.7646],[9.1467,11.7462],[9.1609,11.7371],[9.1865,11.7489],[9.1947,11.7433],[9.2158,11.7447],[9.2345,11.7495],[9.2486,11.7462],[9.2494,11.7314],[9.2492,11.7261],[9.2338,11.7012],[9.2174,11.6998],[9.2282,11.6804],[9.2319,11.6608],[9.2413,11.6552],[9.2717,11.6636],[9.2764,11.6591],[9.2673,11.6382],[9.2628,11.6174],[9.2771,11.5981],[9.3053,11.5823],[9.3546,11.5748],[9.3626,11.5643],[9.3549,11.5495],[9.342,11.5459],[9.3328,11.5365],[9.3236,11.5123],[9.3015,11.5062],[9.2794,11.491],[9.2502,11.4803],[9.228,11.4766],[9.2222,11.4684],[9.2191,11.4327],[9.1996,11.391],[9.1928,11.3691],[9.1935,11.3509],[9.2249,11.3658],[9.2391,11.3691],[9.279,11.372],[9.3131,11.3693],[9.3493,11.3504],[9.3688,11.3423],[9.4017,11.3232],[9.4241,11.3131],[9.4466,11.3079],[9.4663,11.3079],[9.5,11.3348],[9.528,11.3409],[9.5468,11.3388],[9.5704,11.3241],[9.5764,11.3035],[9.5768,11.2724],[9.5823,11.2597],[9.5956,11.2599],[9.625,11.2525],[9.6496,11.2537],[9.6776,11.2552],[9.7175,11.2633],[9.749,11.2629],[9.7898,11.2784],[9.8014,11.2854],[9.8249,11.2823],[9.8346,11.2513],[9.8465,11.2353],[9.8657,11.1861],[9.8764,11.1735],[9.8917,11.1622],[9.8895,11.1518],[9.8582,11.1215],[9.8537,11.1088],[9.8563,11.0823],[9.8529,11.0662],[9.8543,11.0496],[9.8593,11.0144],[9.8658,10.9994],[9.8904,10.991],[9.9159,10.9771],[9.9665,10.9605],[9.9851,10.9653],[10.0082,10.9676],[10.0244,10.9775],[10.0516,10.976],[10.0756,10.9892],[10.1032,10.9817],[10.1105,10.9633],[10.134,10.9475],[10.1727,10.9422],[10.1868,10.9447],[10.1937,10.9528],[10.1948,10.9644],[10.1876,10.9735],[10.1714,10.9786],[10.1547,10.9904],[10.1415,11.0144],[10.1541,11.0433],[10.1749,11.0746],[10.1989,11.1007],[10.2155,11.1039],[10.2286,11.1008],[10.2426,11.0939],[10.2601,11.0941],[10.2705,11.1103],[10.3066,11.1315],[10.3277,11.1295],[10.3464,11.1628],[10.3646,11.1794],[10.3667,11.2025],[10.3585,11.2081],[10.3127,11.2049],[10.2949,11.206],[10.2611,11.2135],[10.2553,11.2184],[10.2295,11.225],[10.2084,11.227],[10.1897,11.2222],[10.165,11.2277],[10.1421,11.24],[10.1274,11.241],[10.0956,11.2568],[10.0487,11.2631],[10.037,11.263],[10.0009,11.2464],[9.9915,11.2521],[9.9769,11.2769],[9.9521,11.2992],[9.9426,11.3138],[9.9212,11.3237],[9.916,11.3379],[9.885,11.3567],[9.8779,11.367],[9.8822,11.3993],[9.8796,11.428],[9.8812,11.4485],[9.8776,11.4538],[9.8605,11.458],[9.8376,11.4746],[9.8213,11.4548],[9.8008,11.4516],[9.7912,11.46],[9.7868,11.4735],[9.7839,11.504],[9.7778,11.5258],[9.7835,11.5397],[9.8103,11.5584],[9.8206,11.5762],[9.8247,11.6017],[9.815,11.6262],[9.8264,11.6447],[9.8209,11.6645],[9.8206,11.6884],[9.8033,11.7006],[9.8109,11.71],[9.8114,11.7213],[9.7976,11.735],[9.7757,11.7383],[9.7537,11.7337],[9.7417,11.7276],[9.714,11.7206],[9.6644,11.7294],[9.6609,11.7294],[9.6398,11.736],[9.6267,11.76],[9.6335,11.7808],[9.6528,11.793],[9.6736,11.787],[9.6713,11.8223],[9.6789,11.8374],[9.6795,11.8619],[9.6886,11.8727],[9.6981,11.8745],[9.7177,11.8566],[9.7592,11.8763],[9.83,11.8903],[9.8376,11.8935],[9.8487,11.9189],[9.8592,11.9321],[9.882,11.9504],[9.8941,11.9521],[9.9208,11.9616],[9.9512,11.9677],[9.9653,11.9633],[9.9769,11.9727],[9.9886,11.974],[10.0656,11.9979],[10.0947,12.0098],[10.0958,12.0236],[10.1027,12.0295],[10.1215,12.0285],[10.1261,12.0366],[10.1436,12.0368],[10.1545,12.0411],[10.1642,12.059],[10.1643,12.0733],[10.1471,12.1264],[10.1453,12.1489],[10.1685,12.2486],[10.1731,12.2612],[10.2006,12.2998],[10.1957,12.3272],[10.1962,12.3403],[10.2338,12.377],[10.259,12.4228]]]},"properties":{"state_name":"Jigawa","state_pcode":"NG018"}},
{"type":"Feature","geometry":{"type":"Polygon","coordinates":[[[10.5957,12.6843],[10.5941,12.6607],[10.5986,12.6422],[10.5957,12.6188],[10.5993,12.5811],[10.5886,12.5539],[10.595,12.5425],[10.5905,12.5305],[10.5941,12.5201],[10.6105,12.5215],[10.6332,12.5143],[10.643,12.4982],[10.6781,12.4876],[10.7055,12.4733],[10.7513,12.4615],[10.7574,12.3752],[10.7598,12.3696],[10.7729,12.3403],[10.77,12.2798],[10.775,12.236],[10.7892,12.2012],[10.8008,12.165],[10.8031,12.1032],[10.8132,12.0195],[10.8039,12.0015],[10.7999,11.9783],[10.7998,11.9526],[10.8099,11.9228],[10.8147,11.9167],[10.8279,11.8921],[10.8184,11.866],[10.8254,11.849],[10.8498,11.8405],[10.8908,11.822],[10.9008,11.819],[10.9059,11.8058],[10.9025,11.7823],[10.9053,11.7696],[10.9167,11.7573],[10.9157,11.7088],[10.9134,11.6744],[10.9205,11.6622],[10.9245,11.6442],[10.9287,11.5856],[10.9321,11.5712],[10.9297,11.516],[10.9347,11.4956],[10.9356,11.4746],[10.9298,11.4433],[10.9143,11.3943],[10.8899,11.3808],[10.8692,11.3778],[10.8504,11.3645],[10.8585,11.3493],[10.9344,11.3104],[10.9735,11.2936],[10.9844,11.2966],[11.0073,11.2959],[11.0283,11.2986],[11.0369,11.3065],[11.0513,11.3065],[11.0715,11.3125],[11.0806,11.3098],[11.0985,11.2954],[11.1303,11.2787],[11.1377,11.2798],[11.155,11.2689],[11.1785,11.2662],[11.2072,11.2592],[11.2379,11.2427],[11.2702,11.2421],[11.2866,11.2533],[11.2961,11.2529],[11.3091,11.2451],[11.3209,11.2235],[11.3292,11.2024],[11.3489,11.1645],[11.3652,11.1272],[11.3859,11.1018],[11.4001,11.0891],[11.4121,11.0802],[11.4349,11.0559],[11.4486,11.0467],[11.4598,11.0333],[11.4825,11.0028],[11.5134,10.9687],[11.5304,10.9349],[11.531,10.9041],[11.5274,10.8916],[11.5287,10.8768],[11.5391,10.851],[11.5344,10.8335],[11.5362,10.8231],[11.5287,10.7904],[11.5265,10.7579],[11.5166,10.7321],[11.5151,10.695],[11.5242,10.66],[11.5147,10.6122],[11.5127,10.5853],[11.5219,10.569],[11.5276,10.5676],[11.5515,10.5879],[11.5833,10.5939],[11.6023,10.603],[11.6402,10.609],[11.6856,10.6202],[11.7169,10.6374],[11.7315,10.6531],[11.7539,10.6721],[11.7683,10.6803],[11.7685,10.6892],[11.7505,10.7223],[11.7398,10.7273],[11.7211,10.7447],[11.7397,10.7921],[11.7342,10.8107],[11.7251,10.8222],[11.7185,10.8399],[11.7004,10.862],[11.6812,10.8702],[11.6847,10.8854],[11.7362,10.9058],[11.7585,10.9129],[11.7702,10.921],[11.7805,10.9209],[11.8224,10.9358],[11.8659,10.9451],[11.8851,10.9531],[11.9053,10.9571],[11.9366,10.967],[11.9753,10.9976],[12.0078,11.034],[12.0222,11.0571],[12.029,11.0621],[12.0544,11.063],[12.0829,11.0519],[12.1068,11.0522],[12.1286,11.0568],[12.146,11.0703],[12.1497,11.0811],[12.1391,11.0959],[12.1335,11.1285],[12.121,11.1389],[12.1147,11.1558],[12.1142,11.1853],[12.1028,11.2296],[12.1024,11.2456],[12.1075,11.2561],[12.1339,11.2701],[12.162,11.2886],[12.1869,11.3019],[12.1953,11.3124],[12.2053,11.349],[12.2119,11.3649],[12.225,11.3823],[12.2446,11.414],[12.269,11.4313],[12.316,11.4532],[12.3303,11.4929],[12.3383,11.4829],[12.3735,11.5498],[12.3485,11.5831],[12.3136,11.6056],[12.3,11.6086],[12.3011,11.6449],[12.2748,11.694],[12.2413,11.6523],[12.2237,11.6329],[12.1924,11.645],[12.1782,11.6584],[12.1868,11.6784],[12.199,11.7219],[12.2099,11.7414],[12.2223,11.7508],[12.2333,11.7522],[12.2413,11.7737],[12.2397,11.7833],[12.2484,11.7988],[12.2524,11.8268],[12.2463,11.8717],[12.2466,11.9247],[12.2447,11.9358],[12.2488,11.9711],[12.2499,12.0049],[12.2554,12.0345],[12.2742,12.109],[12.2916,12.1702],[12.3031,12.2187],[12.2979,12.262],[12.3059,12.2872],[12.304,12.3138],[12.2984,12.3292],[12.2776,12.3682],[12.2606,12.4203],[12.2655,12.4311],[12.3004,12.4559],[12.3156,12.4591],[12.3405,12.4726],[12.3454,12.4799],[12.3638,12.4874],[12.3981,12.5195],[12.4062,12.5395],[12.4194,12.5544],[12.4339,12.5813],[12.4313,12.6027],[12.4436,12.6096],[12.4664,12.6142],[12.479,12.633],[12.4905,12.6624],[12.4941,12.6868],[12.49,12.702],[12.4775,12.7178],[12.4519,12.7538],[12.4462,12.7867],[12.4065,12.8435],[12.3938,12.8639],[12.3777,12.8775],[12.3753,12.896],[12.3884,12.9305],[12.4053,12.9859],[12.4054,13.0015],[12.4056,13.0196],[12.4007,13.0525],[12.3941,13.0771],[12.3749,13.0759],[12.3524,13.0793],[12.3436,13.0859],[12.3231,13.0854],[12.3062,13.0958],[12.2935,13.0958],[12.2805,13.0861],[12.2724,13.0888],[12.2703,13.1036],[12.257,13.1143],[12.2411,13.1146],[12.2337,13.1073],[12.211,13.1148],[12.2026,13.1227],[12.1769,13.1204],[12.1874,13.1066],[12.1636,13.1021],[12.1509,13.1086],[12.1493,13.0969],[12.0967,13.1048],[12.0548,13.1216],[12.0142,13.1511],[12.0113,13.1578],[11.9794,13.1854],[11.9271,13.2241],[11.8793,13.2487],[11.8024,13.2662],[11.7835,13.2686],[11.7081,13.285],[11.6665,13.2966],[11.6046,13.3179],[11.5436,13.3469],[11.5084,13.3544],[11.4855,13.3658],[11.475,13.3679],[11.4625,13.3626],[11.4394,13.3594],[11.4046,13.3696],[11.377,13.3721],[11.2977,13.375],[11.2799,13.3745],[11.2218,13.374],[11.0862,13.375],[11.0576,13.374],[10.988,13.374],[10.9402,13.3708],[10.9214,13.3727],[10.8955,13.3688],[10.885,13.3705],[10.8469,13.3651],[10.8236,13.3689],[10.7975,13.3638],[10.7458,13.363],[10.7188,13.3662],[10.682,13.3617],[10.654,13.3524],[10.6202,13.344],[10.5834,13.3256],[10.5711,13.3241],[10.5591,13.3168],[10.525,13.3073],[10.4924,13.2948],[10.4657,13.2821],[10.4415,13.2816],[10.399,13.2768],[10.3656,13.2758],[10.2892,13.27],[10.2812,13.2706],[10.2674,13.2715],[10.2331,13.2681],[10.2084,13.2676],[10.1456,13.2429],[10.1365,13.2356],[10.1078,13.2246],[10.0643,13.2043],[10.0459,13.1941],[10.0358,13.1839],[10,13.1675],[9.9807,13.1486],[9.9787,13.1418],[9.9579,13.1226],[9.9526,13.113],[9.9051,13.0642],[9.8657,13.0377],[9.8448,13.0264],[9.8428,13.0103],[9.8278,12.9915],[9.8201,12.9736],[9.8043,12.9527],[9.7747,12.9254],[9.7638,12.911],[9.7366,12.8856],[9.7255,12.8841],[9.7244,12.8731],[9.6921,12.8394],[9.6581,12.8091],[9.7004,12.8121],[9.7265,12.8121],[9.7581,12.8094],[9.7998,12.8145],[9.8333,12.8218],[9.8741,12.8373],[9.8926,12.8548],[9.9065,12.8734],[9.9398,12.939],[9.9528,12.9493],[9.9753,12.9503],[10.0083,12.9683],[10.0705,12.9803],[10.0844,12.9878],[10.1074,12.9944],[10.1471,12.9871],[10.1776,13.0071],[10.2006,13.0192],[10.2179,13.0197],[10.23,13.0106],[10.24,13.0145],[10.2548,13.0121],[10.2535,13.006],[10.2779,12.9654],[10.2817,12.9332],[10.2716,12.8997],[10.2767,12.8753],[10.274,12.8674],[10.2534,12.861],[10.2475,12.851],[10.2522,12.8441],[10.2722,12.8409],[10.299,12.847],[10.3345,12.8588],[10.3668,12.8617],[10.3915,12.8527],[10.4056,12.8437],[10.4425,12.8357],[10.4606,12.8216],[10.4902,12.8217],[10.5089,12.8249],[10.5242,12.8208],[10.5414,12.8234],[10.5619,12.8213],[10.5777,12.8069],[10.5733,12.7682],[10.5745,12.7541],[10.5965,12.7151],[10.5925,12.696],[10.5957,12.6843]]]},"properties":{"state_name":"Yobe","state_pcode":"NG036"}},
{"type":"Feature","geometry":{"type":"Polygon","coordinates":[[[7.0472,12.6377],[7.046,12.6196],[7.0512,12.5894],[7.05,12.5732],[7.0537,12.5163],[7.0594,12.4886],[7.0683,12.4113],[7.0927,12.3601],[7.0992,12.3332],[7.1043,12.2973],[7.1047,12.2951],[7.1294,12.2501],[7.1415,12.2259],[7.1525,12.1844],[7.1501,12.1592],[7.1419,12.1372],[7.1261,12.1135],[7.1152,12.0905],[7.0907,12.064],[7.1061,12.0453],[7.1436,12.0152],[7.1533,12.0095],[7.2094,11.9851],[7.2168,11.9583],[7.2265,11.9461],[7.2347,11.9461],[7.2419,11.9333],[7.235,11.9274],[7.2306,11.9184],[7.2187,11.9111],[7.1997,11.9062],[7.1647,11.9119],[7.1549,11.9176],[7.1436,11.9111],[7.1411,11.8786],[7.1178,11.8542],[7.1064,11.8311],[7.0763,11.8193],[7.0724,11.8086],[7.0545,11.8009],[7.0219,11.8091],[7.0163,11.8175],[6.9847,11.8115],[6.9499,11.8077],[6.9261,11.7977],[6.916,11.8026],[6.8967,11.7948],[6.8902,11.7793],[6.8894,11.7264],[6.869,11.6785],[6.8658,11.663],[6.8552,11.6419],[6.852,11.6207],[6.8544,11.5952],[6.8674,11.5776],[6.8761,11.5744],[6.904,11.5532],[6.9073,11.5296],[6.8959,11.5052],[6.9073,11.4751],[6.8869,11.4312],[6.8886,11.3807],[6.8937,11.3799],[6.9193,11.3831],[6.9404,11.3729],[6.9616,11.358],[6.9757,11.357],[7.0062,11.3618],[7.0132,11.3572],[7.0239,11.3366],[7.0216,11.3147],[7.0087,11.2938],[6.9783,11.2637],[6.9689,11.2498],[6.9736,11.2417],[7.0041,11.2466],[7.0359,11.2272],[7.0441,11.2296],[7.0734,11.2148],[7.0958,11.1965],[7.0958,11.1919],[7.1276,11.1622],[7.1464,11.1416],[7.1581,11.1382],[7.1863,11.1499],[7.1921,11.1569],[7.2062,11.1616],[7.2176,11.1705],[7.2355,11.186],[7.2296,11.209],[7.2131,11.2307],[7.2004,11.2526],[7.2138,11.269],[7.2478,11.2744],[7.2698,11.2831],[7.2934,11.2823],[7.3215,11.2698],[7.3562,11.2671],[7.3643,11.2928],[7.3643,11.3113],[7.3701,11.3332],[7.3888,11.3656],[7.3935,11.3794],[7.4029,11.3878],[7.4239,11.4016],[7.4392,11.4074],[7.4697,11.4111],[7.4897,11.4009],[7.4909,11.3905],[7.5071,11.356],[7.5301,11.361],[7.5565,11.3488],[7.5776,11.3292],[7.6002,11.3207],[7.6149,11.2987],[7.6296,11.2832],[7.6475,11.2828],[7.6661,11.2923],[7.6713,11.2999],[7.7109,11.3136],[7.7466,11.3174],[7.7532,11.3298],[7.7463,11.3454],[7.7528,11.3628],[7.7651,11.3749],[7.7514,11.3777],[7.7371,11.3865],[7.7086,11.4261],[7.6991,11.4389],[7.6859,11.4839],[7.6894,11.5167],[7.6992,11.5368],[7.7249,11.5691],[7.7289,11.5867],[7.7459,11.6001],[7.771,11.6149],[7.7975,11.6251],[7.8414,11.6347],[7.884,11.6501],[7.9004,11.6483],[7.9092,11.6539],[7.9099,11.6765],[7.8814,11.7246],[7.8829,11.7479],[7.8748,11.7836],[7.8654,11.7893],[7.8592,11.8264],[7.865,11.8566],[7.86,11.8719],[7.8424,11.9074],[7.837,11.9367],[7.8332,11.9701],[7.8372,11.9901],[7.8355,12.0093],[7.8404,12.022],[7.853,12.0475],[7.8563,12.092],[7.8632,12.1169],[7.8606,12.1374],[7.8536,12.1477],[7.8491,12.1828],[7.863,12.2322],[7.8682,12.2454],[7.8701,12.2798],[7.8785,12.3172],[7.8936,12.3319],[7.9047,12.3312],[7.9276,12.3486],[7.9834,12.3681],[7.9917,12.3753],[8.003,12.3743],[8.0164,12.3819],[8.0257,12.3799],[8.0711,12.4055],[8.0882,12.4065],[8.1058,12.4036],[8.1314,12.4108],[8.1454,12.4235],[8.1609,12.4401],[8.1679,12.4597],[8.189,12.4898],[8.1973,12.5239],[8.2099,12.5405],[8.2088,12.5648],[8.2146,12.5752],[8.2334,12.5857],[8.2734,12.5834],[8.285,12.5907],[8.29,12.6],[8.292,12.6207],[8.2861,12.6402],[8.2673,12.6355],[8.252,12.6365],[8.245,12.648],[8.2062,12.6385],[8.1933,12.6523],[8.1616,12.6624],[8.1464,12.6632],[8.1424,12.6701],[8.15,12.7013],[8.1509,12.7169],[8.1661,12.7431],[8.1671,12.755],[8.1746,12.7661],[8.173,12.795],[8.1679,12.8041],[8.1624,12.8191],[8.1711,12.8333],[8.1872,12.8392],[8.2066,12.839],[8.232,12.8347],[8.2386,12.8381],[8.2593,12.8385],[8.2803,12.8433],[8.2938,12.8396],[8.3232,12.8404],[8.3302,12.8445],[8.3502,12.8342],[8.3772,12.8252],[8.3995,12.8268],[8.4337,12.8161],[8.455,12.8261],[8.4886,12.8363],[8.4956,12.8345],[8.5366,12.8341],[8.5567,12.8299],[8.5908,12.8117],[8.6003,12.7864],[8.5957,12.7667],[8.6097,12.7531],[8.6074,12.7404],[8.6121,12.7335],[8.6509,12.7303],[8.6771,12.7052],[8.6942,12.6909],[8.7016,12.703],[8.715,12.6982],[8.7267,12.6876],[8.7328,12.6778],[8.7561,12.6754],[8.7763,12.688],[8.7927,12.6759],[8.808,12.6798],[8.8154,12.6905],[8.8298,12.6929],[8.8471,12.6822],[8.8718,12.6876],[8.9025,12.7032],[8.9139,12.7051],[8.9431,12.7323],[8.9478,12.7462],[8.9569,12.7559],[8.9676,12.7913],[8.9704,12.8102],[8.9808,12.8196],[9.0371,12.8145],[9.0497,12.8252],[9.0452,12.8372],[8.9906,12.839],[8.967,12.8329],[8.9227,12.8504],[8.8854,12.8603],[8.867,12.8695],[8.8487,12.8718],[8.8068,12.8878],[8.7885,12.8908],[8.7832,12.8962],[8.7572,12.9008],[8.7221,12.9137],[8.7098,12.9138],[8.6993,12.9145],[8.6619,12.9313],[8.6466,12.9412],[8.6428,12.9564],[8.6327,12.9779],[8.5903,13.0145],[8.5786,13.0213],[8.5598,13.0419],[8.5292,13.0624],[8.5151,13.0681],[8.5016,13.0667],[8.4815,13.0701],[8.4525,13.0655],[8.418,13.0539],[8.4011,13.0709],[8.3904,13.0875],[8.3379,13.1236],[8.3166,13.1407],[8.2921,13.1714],[8.2545,13.202],[8.1819,13.2375],[8.1496,13.2706],[8.1296,13.2739],[8.1023,13.289],[8.0936,13.3023],[8.066,13.3042],[8.0157,13.3146],[7.9863,13.3179],[7.9746,13.3155],[7.9617,13.3189],[7.937,13.3175],[7.8913,13.3241],[7.8748,13.324],[7.8478,13.3296],[7.818,13.3304],[7.802,13.3316],[7.7657,13.3014],[7.7024,13.2629],[7.6884,13.2501],[7.6802,13.2489],[7.6354,13.222],[7.611,13.2116],[7.5969,13.2],[7.5782,13.1918],[7.5536,13.172],[7.5266,13.1592],[7.5032,13.1429],[7.461,13.1219],[7.4211,13.0974],[7.3807,13.0902],[7.3202,13.0978],[7.2713,13.1099],[7.2615,13.1168],[7.2353,13.1239],[7.22,13.1208],[7.2005,13.1039],[7.1583,13.0518],[7.129,13.0274],[7.1027,13.0128],[7.0634,13.0008],[7.0477,12.9991],[7.05,12.9721],[7.0391,12.9292],[7.0342,12.8929],[7.0289,12.879],[7.0232,12.8319],[7.0289,12.8172],[7.0284,12.788],[7.0313,12.7505],[7.0419,12.6928],[7.0427,12.6659],[7.0472,12.6377]]]},"properties":{"state_name":"Katsina","state_pcode":"NG021"}},
{"type":"Feature","geometry":{"type":"Polygon","coordinates":[[[8.6981,9.3206],[8.6875,9.2989],[8.6844,9.2833],[8.6716,9.2692],[8.6581,9.2686],[8.6431,9.2602],[8.6359,9.2483],[8.6422,9.237],[8.6571,9.2265],[8.6569,9.2106],[8.6675,9.1899],[8.687,9.1849],[8.7081,9.1878],[8.749,9.178],[8.765,9.1652],[8.7675,9.1363],[8.7613,9.1207],[8.7601,9.1052],[8.7802,9.0868],[8.7919,9.0834],[8.7994,9.0712],[8.7895,9.0524],[8.7899,9.0428],[8.7982,9.0316],[8.8502,9.03],[8.9273,9.0161],[8.9668,9.015],[9.0009,9.0213],[9.0202,9.0221],[9.0392,9.0268],[9.0602,9.0206],[9.067,9.0079],[9.0707,8.9878],[9.0671,8.9663],[9.0719,8.9453],[9.046,8.9229],[9.0445,8.9132],[9.0318,8.8952],[9.0235,8.8659],[9.0106,8.8538],[8.9896,8.8509],[8.974,8.8541],[8.9588,8.8495],[8.9498,8.8356],[8.9506,8.8158],[8.9451,8.7996],[8.9327,8.7855],[8.917,8.7837],[8.9072,8.776],[8.9011,8.7639],[8.9044,8.755],[8.896,8.7483],[8.8921,8.7329],[8.9028,8.7193],[8.9107,8.703],[8.9139,8.6862],[8.9348,8.6679],[8.9498,8.6339],[8.9512,8.6213],[8.9583,8.6122],[8.9778,8.6052],[8.9834,8.5966],[8.981,8.5782],[8.9874,8.5645],[8.975,8.5414],[8.9883,8.5229],[9.0195,8.5099],[9.0368,8.5125],[9.0494,8.5197],[9.0592,8.5123],[9.0599,8.4969],[9.0699,8.4877],[9.0801,8.488],[9.1014,8.4736],[9.1032,8.4642],[9.0968,8.4483],[9.1011,8.4389],[9.1215,8.4382],[9.1324,8.4287],[9.1525,8.4527],[9.1749,8.4672],[9.212,8.4573],[9.2639,8.4596],[9.2733,8.4639],[9.3013,8.4751],[9.3187,8.4867],[9.3459,8.4919],[9.3779,8.4857],[9.4207,8.4623],[9.4916,8.4309],[9.5297,8.4238],[9.5605,8.4312],[9.576,8.4237],[9.6089,8.4022],[9.6215,8.389],[9.6644,8.3828],[9.7111,8.3733],[9.7567,8.3673],[9.8214,8.4028],[9.856,8.4255],[9.8694,8.4313],[9.8909,8.4478],[9.9203,8.4786],[9.9501,8.4989],[9.9713,8.5206],[9.9978,8.5409],[10.008,8.553],[10.0518,8.5917],[10.0662,8.6132],[10.0972,8.6457],[10.1164,8.6725],[10.1803,8.7325],[10.1881,8.7484],[10.2241,8.7846],[10.2357,8.7921],[10.2456,8.8044],[10.2919,8.8344],[10.3051,8.8453],[10.3251,8.8566],[10.3411,8.8798],[10.3691,8.9019],[10.3805,8.9145],[10.3972,8.9239],[10.4202,8.944],[10.4638,8.9632],[10.5098,8.9687],[10.5662,8.9696],[10.5967,8.9761],[10.6063,8.9921],[10.6272,9.019],[10.6298,9.0364],[10.6374,9.0558],[10.6379,9.0818],[10.6225,9.094],[10.6361,9.119],[10.6337,9.1305],[10.6177,9.1413],[10.6104,9.1757],[10.6105,9.1895],[10.5999,9.196],[10.5966,9.2234],[10.5801,9.2458],[10.5778,9.2979],[10.5809,9.3134],[10.5781,9.3326],[10.5599,9.3511],[10.5666,9.3726],[10.56,9.3897],[10.5692,9.3998],[10.5784,9.4098],[10.5789,9.4388],[10.5661,9.4653],[10.5417,9.4823],[10.5185,9.5038],[10.5163,9.5106],[10.4997,9.528],[10.4889,9.5526],[10.4654,9.5612],[10.4534,9.5703],[10.4238,9.5845],[10.3827,9.5981],[10.353,9.6161],[10.3269,9.64],[10.3132,9.6433],[10.2974,9.6522],[10.2644,9.6835],[10.2559,9.6883],[10.2302,9.6893],[10.1904,9.6875],[10.1498,9.6816],[10.1408,9.7051],[10.1304,9.722],[10.0829,9.7489],[10.0578,9.7598],[10.0088,9.7687],[10.0031,9.7665],[9.9657,9.7738],[9.9465,9.7485],[9.9351,9.7222],[9.9397,9.693],[9.9548,9.6477],[9.9604,9.6223],[9.9539,9.6112],[9.9421,9.609],[9.9068,9.6118],[9.8815,9.6077],[9.8536,9.6067],[9.8168,9.5934],[9.7967,9.5712],[9.7777,9.5512],[9.7469,9.5423],[9.7418,9.5348],[9.6945,9.5231],[9.6601,9.5177],[9.6459,9.5241],[9.5643,9.5057],[9.5508,9.5052],[9.5193,9.5191],[9.5088,9.54],[9.4906,9.5281],[9.4914,9.5027],[9.4828,9.4764],[9.4757,9.4745],[9.4638,9.4754],[9.4228,9.5],[9.4042,9.5083],[9.3948,9.5465],[9.3698,9.5597],[9.3563,9.5723],[9.3221,9.5802],[9.3187,9.5876],[9.3227,9.6051],[9.3201,9.6185],[9.2954,9.6257],[9.2846,9.6361],[9.2914,9.6577],[9.2878,9.6923],[9.2793,9.7093],[9.2713,9.7167],[9.2488,9.7001],[9.24,9.6818],[9.2117,9.7006],[9.2025,9.704],[9.1943,9.7152],[9.1522,9.7448],[9.1558,9.756],[9.2124,9.7816],[9.2536,9.8086],[9.2608,9.8185],[9.2713,9.8422],[9.2777,9.8695],[9.2869,9.8795],[9.2916,9.9034],[9.2797,9.9526],[9.265,9.977],[9.2598,10.0077],[9.2471,10.0322],[9.2214,10.0446],[9.202,10.0476],[9.1636,10.0459],[9.1499,10.0417],[9.1255,10.0394],[9.0855,10.025],[9.0474,10.0156],[9.0204,10.0163],[8.9976,10.0095],[8.9863,10.0104],[8.9565,10.0232],[8.9564,10.0338],[8.961,10.0523],[8.9636,10.0795],[8.9744,10.1379],[8.9718,10.1513],[8.9771,10.1611],[8.9782,10.1805],[8.9739,10.19],[8.9303,10.215],[8.9314,10.2421],[8.9364,10.2501],[8.9356,10.2674],[8.9539,10.2895],[8.9549,10.3088],[8.9487,10.3182],[8.9357,10.3485],[8.8987,10.3582],[8.8702,10.3576],[8.8504,10.3706],[8.8235,10.3833],[8.8089,10.3815],[8.7934,10.3847],[8.7734,10.3951],[8.7765,10.3752],[8.7961,10.3525],[8.7974,10.3257],[8.7826,10.2915],[8.7678,10.2848],[8.7364,10.275],[8.703,10.2552],[8.6549,10.2125],[8.646,10.1966],[8.6473,10.1697],[8.644,10.1579],[8.633,10.1439],[8.6282,10.1244],[8.6311,10.1033],[8.6451,10.0904],[8.6498,10.0732],[8.6684,10.0451],[8.6748,10.0319],[8.6799,10.0051],[8.673,9.9874],[8.6522,9.9788],[8.6246,9.977],[8.6177,9.9753],[8.6108,9.9576],[8.6229,9.9466],[8.6332,9.9316],[8.6359,9.9163],[8.6196,9.8924],[8.6181,9.8827],[8.6288,9.86],[8.6322,9.7877],[8.6372,9.7663],[8.6204,9.7515],[8.6155,9.7424],[8.5996,9.7379],[8.5928,9.7213],[8.5978,9.6984],[8.5966,9.6829],[8.5877,9.667],[8.5625,9.6698],[8.5551,9.6636],[8.5537,9.652],[8.5666,9.6217],[8.5659,9.5966],[8.555,9.5806],[8.5556,9.5473],[8.5703,9.4986],[8.5862,9.4816],[8.6022,9.4765],[8.6177,9.4348],[8.6318,9.4199],[8.6484,9.3956],[8.6695,9.3965],[8.6873,9.3877],[8.6956,9.3741],[8.6907,9.355],[8.6942,9.3223],[8.6981,9.3206]]]},"properties":{"state_name":"Plateau","state_pcode":"NG032"}},
{"type":"Feature","geometry":{"type":"Polygon","coordinates":[[[4.5525,13.1153],[4.5705,13.1051],[4.6189,13.0918],[4.6298,13.0989],[4.6548,13.1473],[4.6704,13.166],[4.6852,13.1699],[4.7028,13.1669],[4.7084,13.1561],[4.7006,13.1244],[4.6919,13.1061],[4.6856,13.0677],[4.7063,13.0836],[4.702,13.0711],[4.681,13.0374],[4.6629,13.0228],[4.6445,13.0032],[4.6384,12.9849],[4.6622,12.9516],[4.692,12.9361],[4.7008,12.9247],[4.702,12.9104],[4.7132,12.891],[4.7235,12.8793],[4.7527,12.864],[4.7741,12.8571],[4.7894,12.8431],[4.7972,12.8247],[4.7994,12.8093],[4.8132,12.7882],[4.8163,12.7742],[4.8128,12.7564],[4.8045,12.7567],[4.7731,12.7245],[4.7507,12.7016],[4.75,12.6848],[4.7581,12.6519],[4.7827,12.6207],[4.8024,12.5985],[4.8418,12.5687],[4.8433,12.5473],[4.8249,12.5094],[4.8156,12.4965],[4.7811,12.4658],[4.7687,12.4608],[4.7609,12.4494],[4.7511,12.3901],[4.7499,12.368],[4.733,12.3683],[4.711,12.3808],[4.7013,12.3983],[4.6543,12.4183],[4.6397,12.4304],[4.6218,12.4292],[4.6104,12.404],[4.6089,12.3652],[4.5999,12.3418],[4.567,12.3137],[4.5519,12.2933],[4.5475,12.2537],[4.5413,12.2315],[4.535,12.2011],[4.534,12.1833],[4.5436,12.1648],[4.5648,12.1062],[4.5707,12.0915],[4.5777,12.0548],[4.5659,11.9847],[4.5622,11.9776],[4.5612,11.9298],[4.557,11.8984],[4.5413,11.8765],[4.5351,11.8634],[4.5376,11.8276],[4.5447,11.8035],[4.532,11.794],[4.5213,11.7766],[4.5045,11.7696],[4.4921,11.7449],[4.4707,11.7348],[4.4366,11.7137],[4.4252,11.7101],[4.4131,11.7173],[4.4079,11.736],[4.4003,11.7467],[4.3858,11.7499],[4.3615,11.7413],[4.3487,11.7275],[4.3722,11.7017],[4.3862,11.6814],[4.3987,11.6798],[4.4097,11.6564],[4.4479,11.6189],[4.4705,11.5939],[4.4774,11.5896],[4.4876,11.5831],[4.5057,11.5856],[4.544,11.6201],[4.547,11.6291],[4.5597,11.6356],[4.5665,11.6474],[4.5809,11.6612],[4.6054,11.6561],[4.6207,11.6569],[4.6284,11.6669],[4.6453,11.6723],[4.6698,11.6653],[4.6783,11.6584],[4.6997,11.6592],[4.7281,11.6761],[4.7496,11.6746],[4.7649,11.6899],[4.7833,11.6983],[4.7956,11.7252],[4.8048,11.7275],[4.824,11.7229],[4.8401,11.7106],[4.867,11.7267],[4.8877,11.7259],[4.8938,11.7114],[4.9122,11.7198],[4.9325,11.7198],[4.9429,11.7325],[4.9285,11.7408],[4.9193,11.7771],[4.9222,11.8],[4.9415,11.8424],[4.9444,11.8808],[4.9484,11.8968],[4.9474,11.936],[4.9564,12.0294],[4.9564,12.1078],[4.9574,12.16],[4.9524,12.2183],[4.9511,12.2493],[4.9564,12.2705],[4.9725,12.2926],[4.9815,12.3007],[4.9976,12.3007],[5.0247,12.2906],[5.0689,12.2775],[5.1212,12.2789],[5.162,12.2828],[5.1884,12.3045],[5.2145,12.3076],[5.2314,12.3041],[5.2704,12.2817],[5.2929,12.2786],[5.3271,12.2725],[5.3502,12.2665],[5.4102,12.2591],[5.4376,12.2534],[5.4758,12.2524],[5.524,12.2615],[5.5411,12.2725],[5.5843,12.2727],[5.6125,12.2744],[5.631,12.2885],[5.6531,12.292],[5.6733,12.2885],[5.683,12.2771],[5.7103,12.2674],[5.7261,12.271],[5.7302,12.286],[5.7372,12.304],[5.7438,12.3255],[5.7418,12.3324],[5.759,12.3434],[5.7648,12.4239],[5.754,12.465],[5.751,12.4698],[5.7528,12.5064],[5.7452,12.531],[5.7333,12.5604],[5.7285,12.5905],[5.7054,12.6521],[5.6858,12.7137],[5.6851,12.7313],[5.6894,12.7651],[5.7052,12.802],[5.7409,12.8233],[5.8131,12.8397],[5.8376,12.8341],[5.853,12.8194],[5.8782,12.804],[5.895,12.7872],[5.923,12.7711],[5.951,12.7627],[5.9671,12.7613],[5.9874,12.7543],[6.0042,12.7424],[6.021,12.7368],[6.0357,12.7424],[6.0455,12.7541],[6.0322,12.787],[6.0179,12.8361],[6.008,12.8851],[6.0101,12.9048],[6.0357,12.9221],[6.0401,12.9384],[6.0261,12.9708],[6.0247,12.9929],[6.0203,13.0085],[6.0279,13.0213],[6.0723,13.0398],[6.102,13.0598],[6.1316,13.0722],[6.1516,13.0749],[6.1661,13.0687],[6.1888,13.066],[6.2053,13.0553],[6.2198,13.0425],[6.2453,13.0281],[6.2543,13.0315],[6.2618,13.0901],[6.2577,13.1011],[6.2603,13.1315],[6.2702,13.1562],[6.2896,13.1589],[6.3174,13.1582],[6.3459,13.1528],[6.3551,13.1536],[6.3836,13.1452],[6.4061,13.1254],[6.4213,13.1235],[6.4426,13.1127],[6.5039,13.0951],[6.5285,13.0848],[6.5662,13.0759],[6.5848,13.0751],[6.6073,13.0668],[6.64,13.0702],[6.6553,13.0774],[6.6827,13.0839],[6.6975,13.0991],[6.7257,13.1121],[6.7421,13.117],[6.7516,13.1269],[6.768,13.1361],[6.776,13.1475],[6.7925,13.161],[6.7731,13.1914],[6.7352,13.2589],[6.7206,13.2801],[6.7092,13.3045],[6.6946,13.3256],[6.6832,13.3468],[6.6669,13.3627],[6.6133,13.4172],[6.5843,13.4531],[6.4848,13.5563],[6.4416,13.5967],[6.3367,13.6592],[6.295,13.6771],[6.2664,13.6797],[6.2192,13.6737],[6.1664,13.6537],[6.1467,13.6433],[6.1253,13.6536],[6.0888,13.6766],[6.0437,13.6972],[5.9879,13.7131],[5.9532,13.7247],[5.9211,13.7378],[5.8943,13.7446],[5.8402,13.763],[5.7792,13.7851],[5.7488,13.7946],[5.7214,13.8072],[5.6991,13.8203],[5.667,13.8303],[5.6423,13.8434],[5.5908,13.8624],[5.5362,13.8913],[5.5146,13.8944],[5.4889,13.8939],[5.4317,13.8784],[5.3822,13.8618],[5.3517,13.8482],[5.3275,13.8282],[5.3144,13.8061],[5.2887,13.7704],[5.2676,13.7578],[5.2403,13.7478],[5.214,13.7436],[5.1559,13.7458],[5.0924,13.7557],[5.0198,13.7467],[4.9878,13.741],[4.9662,13.7452],[4.9174,13.7483],[4.9042,13.752],[4.878,13.773],[4.8706,13.782],[4.8244,13.7753],[4.7975,13.7725],[4.73,13.7529],[4.6222,13.7373],[4.5774,13.7237],[4.515,13.7156],[4.4648,13.7027],[4.4323,13.6796],[4.4153,13.6634],[4.395,13.6491],[4.3431,13.5989],[4.3275,13.586],[4.2969,13.5555],[4.204,13.4768],[4.1294,13.4728],[4.1281,13.449],[4.1314,13.4104],[4.1301,13.3961],[4.1291,13.314],[4.1294,13.2628],[4.1521,13.2526],[4.1841,13.2519],[4.213,13.2675],[4.2325,13.2698],[4.2535,13.2604],[4.277,13.2433],[4.2879,13.23],[4.3152,13.2292],[4.3457,13.2136],[4.355,13.184],[4.3652,13.1738],[4.398,13.1652],[4.4261,13.1629],[4.5041,13.1418],[4.5229,13.1405],[4.5416,13.1285],[4.5525,13.1153]]]},"properties":{"state_name":"Sokoto","state_pcode":"NG034"}},
{"type":"Feature","geometry":{"type":"Polygon","coordinates":[[[6.7291,10.6488],[6.7588,10.6456],[6.7853,10.6392],[6.803,10.6432],[6.8166,10.6384],[6.8295,10.6247],[6.8295,10.5998],[6.8351,10.5958],[6.8419,10.5725],[6.8411,10.5573],[6.8355,10.538],[6.8443,10.5283],[6.8564,10.538],[6.8612,10.5508],[6.8691,10.5554],[6.9126,10.538],[6.919,10.5308],[6.9359,10.5002],[6.9535,10.4822],[6.9544,10.4625],[6.9383,10.4336],[6.9231,10.3822],[6.9343,10.3613],[6.9488,10.3605],[6.9772,10.3648],[6.9969,10.3565],[7.0202,10.3541],[7.0339,10.3436],[7.0508,10.3171],[7.0459,10.2914],[7.0323,10.2874],[7.0194,10.2737],[7.0098,10.2504],[6.9849,10.2368],[6.9704,10.2328],[6.9656,10.2151],[6.9545,10.192],[6.9423,10.1806],[6.9287,10.1806],[6.9214,10.191],[6.8949,10.1581],[6.8853,10.1508],[6.8821,10.1171],[6.9012,10.0764],[6.9144,10.0778],[6.9405,10.061],[6.9523,10.0476],[7.0078,10.045],[7.0187,10.0383],[7.0339,10.0442],[7.065,10.0425],[7.0852,10.0366],[7.1054,10.0265],[7.1382,10.0358],[7.1668,10.0333],[7.1794,10.0274],[7.2004,10.0333],[7.2071,10.0417],[7.216,10.0374],[7.2541,10.0392],[7.2702,10.0282],[7.2778,10.0164],[7.2811,9.9937],[7.2811,9.965],[7.2862,9.95],[7.2854,9.9332],[7.298,9.8987],[7.2955,9.8718],[7.3005,9.8625],[7.2887,9.8406],[7.2929,9.8112],[7.2854,9.7893],[7.2736,9.7834],[7.2601,9.7868],[7.2517,9.7944],[7.2315,9.791],[7.2105,9.7801],[7.2047,9.7583],[7.2248,9.7389],[7.245,9.7321],[7.2711,9.7321],[7.2803,9.7246],[7.2887,9.7061],[7.2828,9.6842],[7.3114,9.669],[7.3387,9.637],[7.3435,9.6226],[7.3337,9.6067],[7.2941,9.5941],[7.2842,9.5531],[7.261,9.5269],[7.2391,9.5185],[7.2273,9.4949],[7.2113,9.5009],[7.2135,9.4852],[7.2243,9.4603],[7.2216,9.4478],[7.2378,9.437],[7.2546,9.4413],[7.2747,9.4408],[7.2895,9.4254],[7.2898,9.4094],[7.2698,9.392],[7.2563,9.3758],[7.2546,9.3628],[7.2629,9.3546],[7.2801,9.3509],[7.3212,9.3666],[7.3353,9.3612],[7.3604,9.367],[7.3765,9.3633],[7.3882,9.3498],[7.4177,9.367],[7.4763,9.3706],[7.4966,9.3622],[7.5098,9.3611],[7.5899,9.4316],[7.6724,9.4113],[7.7299,9.3319],[7.7378,9.3478],[7.7676,9.3363],[7.8022,9.3254],[7.8206,9.313],[7.8339,9.3108],[7.8546,9.32],[7.8898,9.3743],[7.9039,9.3919],[7.9148,9.4005],[7.9207,9.4051],[7.9383,9.4033],[7.9806,9.3707],[7.9991,9.354],[8.0017,9.3408],[7.9973,9.3178],[8.0008,9.3064],[8.0458,9.2774],[8.0636,9.2722],[8.0936,9.2415],[8.1149,9.2243],[8.1141,9.2025],[8.1075,9.1786],[8.0986,9.1628],[8.1008,9.0809],[8.1026,9.0633],[8.1079,9.0527],[8.1281,9.0492],[8.1431,9.0545],[8.1654,9.0712],[8.2154,9.1197],[8.2383,9.1399],[8.2435,9.1558],[8.2515,9.1637],[8.2559,9.1787],[8.251,9.191],[8.2618,9.1987],[8.2809,9.2055],[8.2944,9.2046],[8.3395,9.189],[8.3807,9.1818],[8.3958,9.1622],[8.4182,9.1417],[8.4308,9.1258],[8.4466,9.1126],[8.4739,9.073],[8.4766,9.0554],[8.4907,9.0377],[8.4986,9.0113],[8.5043,9.0014],[8.5333,9.0044],[8.5476,9.0142],[8.5595,9.029],[8.5668,9.0608],[8.5945,9.0915],[8.6112,9.1059],[8.6242,9.1496],[8.6264,9.1919],[8.6511,9.2064],[8.6571,9.2265],[8.6422,9.237],[8.6359,9.2483],[8.6431,9.2602],[8.6581,9.2686],[8.6716,9.2692],[8.6844,9.2833],[8.6875,9.2989],[8.6981,9.3206],[8.6942,9.3223],[8.6907,9.355],[8.6956,9.3741],[8.6873,9.3877],[8.6695,9.3965],[8.6484,9.3956],[8.6318,9.4199],[8.6177,9.4348],[8.6022,9.4765],[8.5862,9.4816],[8.5703,9.4986],[8.5556,9.5473],[8.555,9.5806],[8.5659,9.5966],[8.5666,9.6217],[8.5537,9.652],[8.5551,9.6636],[8.5625,9.6698],[8.5877,9.667],[8.5966,9.6829],[8.5978,9.6984],[8.5928,9.7213],[8.5996,9.7379],[8.6155,9.7424],[8.6204,9.7515],[8.6372,9.7663],[8.6322,9.7877],[8.6288,9.86],[8.6181,9.8827],[8.6196,9.8924],[8.6359,9.9163],[8.6332,9.9316],[8.6229,9.9466],[8.6108,9.9576],[8.6177,9.9753],[8.6246,9.977],[8.6522,9.9788],[8.673,9.9874],[8.6799,10.0051],[8.6748,10.0319],[8.6684,10.0451],[8.6498,10.0732],[8.6451,10.0904],[8.6311,10.1033],[8.6282,10.1244],[8.633,10.1439],[8.644,10.1579],[8.6473,10.1697],[8.646,10.1966],[8.6549,10.2125],[8.703,10.2552],[8.7364,10.275],[8.7678,10.2848],[8.7826,10.2915],[8.7974,10.3257],[8.7961,10.3525],[8.7765,10.3752],[8.7734,10.3951],[8.7934,10.3847],[8.8089,10.3815],[8.8235,10.3833],[8.8055,10.4094],[8.7842,10.4216],[8.7399,10.4289],[8.7337,10.4362],[8.7292,10.4558],[8.7387,10.4683],[8.7696,10.4763],[8.7714,10.4921],[8.7675,10.5123],[8.7794,10.5627],[8.7734,10.5662],[8.7615,10.5539],[8.7499,10.549],[8.7182,10.5526],[8.6893,10.566],[8.6651,10.6076],[8.6605,10.6248],[8.6532,10.637],[8.628,10.6468],[8.6128,10.6492],[8.5874,10.6333],[8.562,10.6279],[8.5361,10.6341],[8.5254,10.6407],[8.5156,10.6544],[8.5103,10.6717],[8.5082,10.6952],[8.5268,10.7115],[8.556,10.7079],[8.5868,10.7146],[8.577,10.7636],[8.5745,10.802],[8.5749,10.8241],[8.5672,10.8775],[8.5685,10.9078],[8.5715,10.9219],[8.5813,10.942],[8.5982,10.9927],[8.599,11.0021],[8.5969,11.0614],[8.592,11.0683],[8.5658,11.0849],[8.5434,11.0935],[8.5274,11.1174],[8.5252,11.1314],[8.5169,11.1509],[8.5009,11.1548],[8.4826,11.1638],[8.4701,11.189],[8.4594,11.1945],[8.434,11.2205],[8.415,11.2303],[8.3895,11.2272],[8.3734,11.2208],[8.3593,11.2227],[8.3456,11.2152],[8.3294,11.2124],[8.3211,11.2168],[8.3066,11.2326],[8.288,11.2623],[8.2658,11.2777],[8.2638,11.2868],[8.2744,11.3062],[8.2582,11.3161],[8.22,11.309],[8.2008,11.3236],[8.1874,11.3406],[8.1636,11.355],[8.136,11.3774],[8.1308,11.3924],[8.1427,11.4196],[8.1649,11.4518],[8.1695,11.4873],[8.159,11.5084],[8.1488,11.5136],[8.1205,11.5155],[8.1019,11.5091],[8.0817,11.4919],[8.0527,11.4806],[8.0373,11.4847],[8.0336,11.4849],[7.9836,11.468],[7.9694,11.4588],[7.9458,11.4589],[7.9372,11.4417],[7.8927,11.4045],[7.8824,11.4005],[7.8696,11.3844],[7.8523,11.3787],[7.8339,11.3774],[7.7841,11.3775],[7.7775,11.3718],[7.7651,11.3749],[7.7528,11.3628],[7.7463,11.3454],[7.7532,11.3298],[7.7466,11.3174],[7.7109,11.3136],[7.6713,11.2999],[7.6661,11.2923],[7.6475,11.2828],[7.6296,11.2832],[7.6149,11.2987],[7.6002,11.3207],[7.5776,11.3292],[7.5565,11.3488],[7.5301,11.361],[7.5071,11.356],[7.4909,11.3905],[7.4897,11.4009],[7.4697,11.4111],[7.4392,11.4074],[7.4239,11.4016],[7.4029,11.3878],[7.3935,11.3794],[7.3888,11.3656],[7.3701,11.3332],[7.3643,11.3113],[7.3643,11.2928],[7.3562,11.2671],[7.3215,11.2698],[7.2934,11.2823],[7.2698,11.2831],[7.2478,11.2744],[7.2138,11.269],[7.2004,11.2526],[7.2131,11.2307],[7.2296,11.209],[7.2355,11.186],[7.2176,11.1705],[7.2062,11.1616],[7.1921,11.1569],[7.1863,11.1499],[7.1581,11.1382],[7.1464,11.1416],[7.1276,11.1622],[7.0958,11.1919],[7.0958,11.1965],[7.0734,11.2148],[7.0441,11.2296],[7.0359,11.2272],[7.0041,11.2466],[6.9736,11.2417],[6.9689,11.2498],[6.9783,11.2637],[7.0087,11.2938],[7.0216,11.3147],[7.0239,11.3366],[7.0132,11.3572],[7.0062,11.3618],[6.9757,11.357],[6.9616,11.358],[6.9404,11.3729],[6.9193,11.3831],[6.8937,11.3799],[6.8886,11.3807],[6.8747,11.3645],[6.8642,11.3401],[6.8552,11.3368],[6.8479,11.3254],[6.8284,11.3075],[6.8162,11.31],[6.8086,11.3002],[6.7835,11.2812],[6.7611,11.269],[6.7455,11.2433],[6.7435,11.2168],[6.733,11.2019],[6.7425,11.1745],[6.7316,11.1612],[6.7296,11.1436],[6.714,11.1313],[6.7079,11.1144],[6.716,11.1062],[6.7065,11.0954],[6.6869,11.0906],[6.6916,11.073],[6.676,11.0574],[6.6679,11.0622],[6.6455,11.0486],[6.6068,11.0472],[6.5953,11.0411],[6.5756,11.0235],[6.5485,11.0282],[6.5173,11.0262],[6.5078,11.0133],[6.4868,11.0201],[6.4718,11.0215],[6.4637,11.0011],[6.4468,11.0038],[6.4393,10.9984],[6.42,11.0141],[6.4115,11.0303],[6.3925,11.0337],[6.3749,11.031],[6.3639,11.02],[6.3457,11.0235],[6.3226,11.0174],[6.3091,11.0093],[6.2826,10.9774],[6.2772,10.9658],[6.2636,10.9658],[6.2453,10.9482],[6.2338,10.9455],[6.2283,10.919],[6.2236,10.9109],[6.2263,10.8953],[6.2175,10.8885],[6.2012,10.8634],[6.189,10.8716],[6.1613,10.8661],[6.1546,10.8554],[6.1371,10.852],[6.1227,10.8448],[6.1311,10.824],[6.1211,10.8143],[6.1082,10.8135],[6.1106,10.7966],[6.0994,10.7709],[6.1082,10.7597],[6.113,10.7396],[6.1034,10.7187],[6.0914,10.7083],[6.0914,10.7002],[6.1114,10.6954],[6.1187,10.6842],[6.1355,10.6777],[6.1371,10.6697],[6.1251,10.6496],[6.1203,10.6271],[6.113,10.6127],[6.1146,10.599],[6.1275,10.5934],[6.1275,10.5693],[6.1211,10.5532],[6.1074,10.5468],[6.093,10.546],[6.0914,10.5227],[6.0865,10.5155],[6.0897,10.4753],[6.105,10.4569],[6.1323,10.4641],[6.1492,10.4504],[6.1541,10.41],[6.1685,10.3838],[6.2014,10.387],[6.2169,10.3947],[6.2287,10.4175],[6.2496,10.4215],[6.2544,10.4432],[6.2632,10.4569],[6.2986,10.4705],[6.3066,10.489],[6.3259,10.5051],[6.3701,10.5324],[6.3901,10.5548],[6.3966,10.5725],[6.4182,10.5765],[6.4391,10.5926],[6.4504,10.595],[6.4937,10.6143],[6.5138,10.6054],[6.5243,10.595],[6.5216,10.5728],[6.5323,10.5532],[6.5403,10.5452],[6.5561,10.5469],[6.5741,10.5573],[6.5869,10.5741],[6.6471,10.5934],[6.6809,10.5894],[6.6962,10.591],[6.7098,10.5875],[6.7259,10.5894],[6.7315,10.5966],[6.7243,10.6175],[6.7138,10.6344],[6.7291,10.6488]]]},"properties":{"state_name":"Kaduna","state_pcode":"NG019"}},
{"type":"Feature","geometry":{"type":"Polygon","coordinates":[[[6.5659,4.3277],[6.5885,4.3279],[6.6018,4.3348],[6.59,4.3577],[6.5727,4.3659],[6.5606,4.3764],[6.5522,4.3937],[6.5475,4.4276],[6.5541,4.4511],[6.5637,4.467],[6.5787,4.4784],[6.5883,4.4981],[6.5993,4.5344],[6.6029,4.5616],[6.5817,4.5939],[6.5665,4.6202],[6.561,4.6519],[6.5631,4.6791],[6.5727,4.6965],[6.5929,4.714],[6.598,4.7299],[6.5685,4.737],[6.5611,4.7444],[6.5601,4.7566],[6.5526,4.7586],[6.5273,4.753],[6.499,4.7326],[6.4785,4.7139],[6.4611,4.7133],[6.4594,4.724],[6.4459,4.73],[6.4414,4.7453],[6.4229,4.7772],[6.4023,4.8272],[6.3993,4.8384],[6.3984,4.8645],[6.4066,4.8871],[6.4207,4.9068],[6.4256,4.9207],[6.4406,4.9432],[6.4404,4.9548],[6.4374,4.9665],[6.4217,4.9816],[6.4104,4.9911],[6.4116,5.0046],[6.439,5.0529],[6.4439,5.0681],[6.4605,5.098],[6.4779,5.1374],[6.4767,5.1727],[6.4948,5.1868],[6.5445,5.1863],[6.5534,5.1898],[6.5558,5.2029],[6.5492,5.2127],[6.5528,5.2265],[6.5666,5.237],[6.5478,5.2578],[6.5374,5.2649],[6.5309,5.2845],[6.5632,5.3202],[6.5671,5.3336],[6.5696,5.3721],[6.562,5.3792],[6.54,5.3806],[6.4855,5.3792],[6.4959,5.3697],[6.5026,5.3389],[6.4902,5.324],[6.4731,5.3219],[6.4502,5.3276],[6.4345,5.3233],[6.426,5.3112],[6.4089,5.3048],[6.3804,5.309],[6.3476,5.3205],[6.3388,5.3199],[6.3254,5.3065],[6.3064,5.303],[6.2877,5.2837],[6.2838,5.2665],[6.293,5.2388],[6.279,5.2289],[6.2594,5.2279],[6.2335,5.2382],[6.2133,5.2387],[6.2021,5.2318],[6.1942,5.2167],[6.2023,5.1793],[6.2007,5.1695],[6.1909,5.1586],[6.1659,5.1611],[6.1547,5.1517],[6.1437,5.1348],[6.1297,5.1293],[6.0979,5.1499],[6.0858,5.1508],[6.0696,5.1413],[6.0634,5.1232],[6.0623,5.103],[6.055,5.0972],[6.0272,5.0957],[6.0045,5.1037],[5.9809,5.1306],[5.9749,5.1375],[5.9605,5.1572],[5.9461,5.1642],[5.9278,5.1607],[5.9269,5.1399],[5.9164,5.1315],[5.9145,5.1081],[5.8853,5.1],[5.8814,5.1095],[5.8776,5.0914],[5.8695,5.0711],[5.8574,5.0774],[5.8483,5.0665],[5.8409,5.0676],[5.8401,5.0831],[5.8226,5.0758],[5.8141,5.0845],[5.8036,5.0819],[5.7913,5.0858],[5.7881,5.0725],[5.779,5.058],[5.7642,5.0642],[5.752,5.0537],[5.7306,5.0545],[5.7194,5.0309],[5.7103,5.0238],[5.6912,5.0242],[5.6756,5.0299],[5.6667,5.0283],[5.6636,5.0151],[5.6479,5.0118],[5.6329,5.0184],[5.6197,5.0347],[5.5909,5.0434],[5.5846,5.0552],[5.5509,5.0556],[5.5241,5.0688],[5.5116,5.0883],[5.5029,5.0925],[5.4851,5.0904],[5.4705,5.0932],[5.4675,5.1017],[5.4725,5.1123],[5.4698,5.1232],[5.4365,5.1414],[5.4285,5.1416],[5.3904,5.1342],[5.3802,5.1267],[5.387,5.107],[5.39,5.0864],[5.4264,5.0168],[5.4367,5.0059],[5.4498,4.9681],[5.4486,4.9443],[5.465,4.9168],[5.4639,4.8908],[5.4754,4.8664],[5.4928,4.8375],[5.5105,4.8125],[5.531,4.7742],[5.5397,4.7527],[5.5648,4.7374],[5.5667,4.7272],[5.5569,4.7118],[5.5705,4.6972],[5.573,4.6862],[5.588,4.6737],[5.6082,4.6447],[5.6257,4.6144],[5.64,4.5955],[5.6626,4.5703],[5.6663,4.5622],[5.6821,4.5521],[5.688,4.5374],[5.702,4.5321],[5.7079,4.5155],[5.7355,4.4922],[5.7748,4.4648],[5.8224,4.4276],[5.8473,4.4019],[5.8947,4.3703],[5.928,4.3559],[5.9493,4.3438],[5.9673,4.3379],[5.9782,4.3263],[5.9765,4.3144],[6.0008,4.309],[6.0102,4.302],[6.06,4.2895],[6.074,4.2908],[6.0823,4.2757],[6.1498,4.275],[6.182,4.2792],[6.191,4.2782],[6.2217,4.2851],[6.2212,4.2957],[6.2539,4.2926],[6.2942,4.2943],[6.3301,4.2997],[6.4203,4.3061],[6.4126,4.3172],[6.4315,4.3293],[6.4472,4.3176],[6.4692,4.3154],[6.4937,4.3223],[6.5282,4.3235],[6.5659,4.3277]]]},"properties":{"state_name":"Bayelsa","state_pcode":"NG006"}},
{"type":"Feature","geometry":{"type":"Polygon","coordinates":[[[11.6836,9.2341],[11.7001,9.2101],[11.6995,9.1901],[11.7026,9.1608],[11.6985,9.1438],[11.6954,9.1328],[11.6949,9.1068],[11.7068,9.0745],[11.7103,9.0712],[11.7296,9.0617],[11.7352,9.0533],[11.7525,9.0497],[11.7675,9.0337],[11.7918,9.0199],[11.8311,9.0084],[11.8565,9.0026],[11.876,8.9763],[11.8933,8.9453],[11.899,8.9259],[11.9034,8.8915],[11.9033,8.8698],[11.8998,8.8572],[11.8741,8.8138],[11.8614,8.8035],[11.831,8.7407],[11.8263,8.7201],[11.8099,8.6801],[11.7971,8.6641],[11.7895,8.6436],[11.7798,8.6094],[11.7794,8.5978],[11.7964,8.5462],[11.7802,8.5142],[11.7662,8.504],[11.7302,8.4709],[11.6896,8.4572],[11.6745,8.4481],[11.6512,8.4264],[11.6221,8.3762],[11.6012,8.3522],[11.5895,8.3316],[11.5778,8.3042],[11.5661,8.2847],[11.5463,8.2459],[11.523,8.215],[11.5044,8.1945],[11.4776,8.1694],[11.4335,8.1317],[11.4079,8.1066],[11.3905,8.0929],[11.3719,8.0712],[11.3626,8.0644],[11.3497,8.0438],[11.3415,8.0187],[11.3507,8.0118],[11.3542,7.9969],[11.3725,7.9648],[11.3932,7.9385],[11.4116,7.8984],[11.4438,7.8537],[11.4656,7.8285],[11.4725,7.8159],[11.4806,7.8124],[11.4898,7.7998],[11.5002,7.7998],[11.5142,7.8158],[11.5259,7.8455],[11.5412,7.8924],[11.5516,7.9033],[11.5783,7.906],[11.6245,7.8842],[11.6464,7.8658],[11.6567,7.8475],[11.6717,7.828],[11.6877,7.7959],[11.7039,7.7856],[11.7142,7.7741],[11.735,7.758],[11.7477,7.7443],[11.758,7.7248],[11.7694,7.6824],[11.7727,7.6515],[11.7661,7.6149],[11.7678,7.5826],[11.7629,7.5406],[11.7719,7.4879],[11.7961,7.4547],[11.8099,7.4421],[11.8318,7.4169],[11.8444,7.3985],[11.854,7.3787],[11.8924,7.4191],[11.9033,7.4333],[11.925,7.4537],[11.9412,7.4767],[11.9562,7.493],[11.9745,7.4991],[11.9887,7.4977],[12.0396,7.5228],[12.0321,7.535],[12.028,7.5588],[12.024,7.6293],[12.0192,7.6517],[12.0219,7.6619],[12.0321,7.668],[12.0375,7.6815],[12.0375,7.7073],[12.0416,7.7297],[12.047,7.7412],[12.0572,7.75],[12.0674,7.788],[12.083,7.8056],[12.0972,7.8382],[12.144,7.8775],[12.1549,7.889],[12.1793,7.9304],[12.1969,7.946],[12.1983,7.9569],[12.2105,7.9704],[12.2206,7.9881],[12.22,8.0152],[12.2141,8.0273],[12.2157,8.0498],[12.2063,8.0903],[12.2207,8.1228],[12.2395,8.1443],[12.2458,8.1617],[12.2573,8.1718],[12.2586,8.2166],[12.253,8.2539],[12.243,8.3136],[12.2282,8.3538],[12.2259,8.3783],[12.2346,8.4215],[12.247,8.4399],[12.2742,8.4454],[12.3124,8.4674],[12.349,8.4609],[12.3641,8.4545],[12.3867,8.4506],[12.3968,8.4568],[12.4071,8.4805],[12.4334,8.5159],[12.4418,8.5533],[12.4487,8.5677],[12.4691,8.5906],[12.4677,8.6064],[12.4719,8.6159],[12.4898,8.6222],[12.5265,8.6127],[12.5339,8.6127],[12.5751,8.5966],[12.5851,8.5962],[12.614,8.6167],[12.6458,8.6428],[12.6678,8.6396],[12.6771,8.6428],[12.6885,8.6583],[12.6967,8.6758],[12.7124,8.6894],[12.7145,8.702],[12.7132,8.7311],[12.7224,8.7483],[12.7461,8.7577],[12.7839,8.7535],[12.8015,8.7732],[12.8087,8.7897],[12.8072,8.8079],[12.7894,8.8455],[12.7897,8.8606],[12.8016,8.8855],[12.7902,8.9012],[12.7903,8.9172],[12.8216,8.9473],[12.8331,8.9543],[12.8553,8.9935],[12.878,9.0301],[12.8739,9.0541],[12.8759,9.0661],[12.8865,9.0864],[12.8862,9.1061],[12.8919,9.1174],[12.8869,9.1411],[12.8799,9.1481],[12.8835,9.1705],[12.8822,9.1872],[12.8902,9.2032],[12.8922,9.2195],[12.9045,9.2335],[12.9045,9.2662],[12.9005,9.2726],[12.9019,9.3114],[12.9002,9.3203],[12.9029,9.3523],[12.8949,9.358],[12.8618,9.36],[12.8568,9.3633],[12.8555,9.3843],[12.8642,9.3933],[12.9276,9.424],[12.9416,9.4434],[12.9573,9.4517],[12.9763,9.4704],[13.0016,9.4747],[13.0213,9.4924],[13.0473,9.5098],[13.0727,9.5134],[13.0897,9.5118],[13.105,9.5178],[13.1355,9.5169],[13.1571,9.5238],[13.1774,9.5231],[13.1894,9.5288],[13.2041,9.5445],[13.2201,9.5425],[13.2368,9.5832],[13.2472,9.6042],[13.2398,9.6265],[13.2435,9.6395],[13.2395,9.6492],[13.2452,9.6619],[13.2545,9.6689],[13.2518,9.6892],[13.2605,9.7116],[13.2591,9.7179],[13.2648,9.7513],[13.2835,9.7723],[13.2972,9.7967],[13.2887,9.8179],[13.271,9.8291],[13.2392,9.8428],[13.2349,9.8501],[13.2254,9.8876],[13.2383,9.9095],[13.2524,9.9152],[13.2699,9.9281],[13.2846,9.9715],[13.2732,9.9897],[13.2558,9.999],[13.2474,10.0136],[13.2517,10.0274],[13.2788,10.0519],[13.2828,10.0614],[13.2867,10.0703],[13.3126,10.0945],[13.3209,10.096],[13.3285,10.1107],[13.36,10.1095],[13.3808,10.1134],[13.3957,10.1108],[13.4283,10.1235],[13.4335,10.1465],[13.4656,10.1946],[13.4697,10.2093],[13.4859,10.2182],[13.4938,10.2559],[13.5094,10.3097],[13.5111,10.3221],[13.5072,10.3419],[13.5077,10.3609],[13.5232,10.3908],[13.5213,10.4155],[13.5206,10.4327],[13.5246,10.4551],[13.5467,10.4757],[13.5552,10.5088],[13.5507,10.5222],[13.5417,10.5313],[13.5348,10.5549],[13.5298,10.5984],[13.534,10.6151],[13.5442,10.6362],[13.5425,10.6459],[13.5496,10.6586],[13.5789,10.6827],[13.5883,10.693],[13.5974,10.715],[13.6109,10.7744],[13.62,10.7847],[13.6441,10.8247],[13.6608,10.8367],[13.6716,10.8544],[13.6892,10.8931],[13.6922,10.9456],[13.6583,10.9447],[13.6132,10.9494],[13.5773,10.9483],[13.5518,10.9347],[13.5245,10.9025],[13.4876,10.8802],[13.4503,10.8724],[13.3926,10.8927],[13.377,10.9022],[13.3652,10.926],[13.3504,10.9317],[13.337,10.9209],[13.3352,10.8952],[13.3362,10.8546],[13.3344,10.7958],[13.3229,10.7561],[13.3194,10.7373],[13.3112,10.7135],[13.2832,10.6675],[13.2656,10.6252],[13.2372,10.5845],[13.2355,10.5361],[13.2417,10.5022],[13.2402,10.4974],[13.229,10.4672],[13.2194,10.4546],[13.2131,10.4275],[13.2053,10.4149],[13.1967,10.4142],[13.1848,10.4236],[13.1575,10.4239],[13.1217,10.4404],[13.114,10.4397],[13.0782,10.4528],[13.0526,10.4598],[13.0322,10.4744],[13.0146,10.5034],[12.9974,10.5251],[12.9828,10.5355],[12.9586,10.5481],[12.9181,10.562],[12.8753,10.5735],[12.777,10.5772],[12.7608,10.5829],[12.7353,10.5761],[12.698,10.5247],[12.6863,10.4996],[12.6737,10.4849],[12.6653,10.4596],[12.6525,10.439],[12.6398,10.4379],[12.6259,10.4528],[12.6128,10.4486],[12.606,10.4676],[12.5777,10.4607],[12.5646,10.4527],[12.562,10.4361],[12.5638,10.4166],[12.5596,10.3765],[12.5375,10.3592],[12.5074,10.3421],[12.4761,10.333],[12.4596,10.3234],[12.4355,10.3159],[12.4024,10.3187],[12.3614,10.3173],[12.329,10.3196],[12.2954,10.3082],[12.271,10.2786],[12.2639,10.2631],[12.2584,10.2376],[12.249,10.2203],[12.2092,10.1997],[12.1948,10.1945],[12.1716,10.1721],[12.1678,10.1672],[12.1313,10.1395],[12.109,10.1145],[12.1013,10.0978],[12.1006,10.0624],[12.0902,10.0516],[12.0662,10.0463],[12.0137,10.0529],[12.0073,10.0354],[11.9992,10.0246],[11.973,10.0309],[11.9591,10.027],[11.9354,10.0322],[11.9197,10.0324],[11.866,10.0461],[11.8434,10.0446],[11.8439,10.0347],[11.8553,10.0049],[11.8506,9.9855],[11.855,9.9271],[11.8467,9.8974],[11.8397,9.8837],[11.8361,9.8585],[11.8407,9.8413],[11.8533,9.8184],[11.8579,9.7978],[11.8509,9.7864],[11.8358,9.7727],[11.8171,9.7627],[11.8014,9.7365],[11.7847,9.7292],[11.774,9.7084],[11.7595,9.6973],[11.7173,9.684],[11.6964,9.6689],[11.6836,9.6632],[11.6639,9.6484],[11.6546,9.6369],[11.636,9.629],[11.6151,9.6153],[11.5989,9.6096],[11.563,9.6051],[11.5273,9.6082],[11.5017,9.6075],[11.468,9.5985],[11.4445,9.5762],[11.4419,9.5604],[11.4296,9.5496],[11.4416,9.5332],[11.4515,9.5059],[11.47,9.4773],[11.4843,9.4641],[11.4974,9.4405],[11.5063,9.434],[11.5259,9.4078],[11.5345,9.4032],[11.541,9.3926],[11.5573,9.3809],[11.5963,9.3792],[11.6222,9.3371],[11.6391,9.3187],[11.6608,9.2782],[11.6705,9.2531],[11.6836,9.2341]]]},"properties":{"state_name":"Adamawa","state_pcode":"NG002"}}
]}